date,hour,power,head,volume,flow,price
2018-12-03,0,-7.07124185081276,79.41527950757839,273506.6019006878,-10.283860583142287,31.7
2018-12-03,1,-7.383438506615901,81.71766871659158,236483.46487223345,-10.284204730126216,29.0
2018-12-03,2,-7.695645610007544,84.02013497451995,199459.0888731765,-10.284548888626922,27.46
2018-12-03,3,-8.014620705486436,86.31101994947535,162243.3839217381,-10.337695819843994,21.65
2018-12-03,4,-8.33618398186211,88.61212198732838,124808.92385389828,-10.398461129955509,31.51
2018-12-03,5,3.616765636450428,87.52352900162839,142518.21704601514,4.919248108921352,58.47
2018-12-03,6,5.335976808297025,85.80766565262374,170431.98052262948,7.753823187948427,73.81
2018-12-03,7,4.277324316228392,84.41583465150475,193074.36715976565,6.289551843648937,69.3
2018-12-03,8,4.366685562682791,82.9320055944008,216956.54889736744,6.633939371556046,71.14
2018-12-03,9,3.801515467206523,81.63022270894137,237889.62396607836,5.8147430746419175,64.6
2018-12-03,10,4.23930893215292,80.11503003011914,262254.39511464816,6.767991985713834,70.44
2018-12-03,11,3.737618296010172,78.72422787707772,283874.30867584964,6.005531544778194,64.6
2018-12-03,12,3.6788167510458942,77.27734146620635,305546.399964524,6.02002535796511,64.6
2018-12-03,13,3.2567985664850934,75.98036210359409,324973.1185616848,5.396310721433551,58.9
2018-12-03,14,3.4897699515624137,74.55974939459286,346251.67096496443,5.910709000911012,64.6
2018-12-03,15,3.588824226986969,72.91697933171952,368558.07324678375,6.196222856060913,64.6
2018-12-03,16,4.688440943242007,70.59397221304381,399978.35202459176,8.727855216057776,78.84
2018-12-03,17,4.251863260598167,68.351761250618,428390.90210951184,7.892375023588912,75.18
2018-12-03,18,4.470667667048023,65.78009746299712,459229.2606716784,8.566210711712927,78.1
2018-12-03,19,3.861543526122477,63.4191042742261,485441.14380197634,7.281078647305009,69.82
2018-12-03,20,2.7651857992673365,61.63191024891741,503942.0712205881,5.139146505169919,58.9
2018-12-03,21,-5.067986042884965,64.98318085380073,468785.5931883768,-9.765688342280924,54.6
2018-12-03,22,2.4307503506033505,63.482447143516495,484785.422145216,4.444396932455362,58.9
2018-12-03,23,-5.385958519753196,66.67000453002412,448557.8671795399,-10.063209712687836,44.2
2019-06-02,0,5.41041259411854,74.53542053589605,346616.07914702,10.024327540838888,26.69
2019-06-02,1,3.365303319043948,73.00302439024323,367394.2542879398,5.771715316922164,18.91
2019-06-02,2,3.273832552201214,71.48912228148225,387870.8279140606,5.687937118366889,18.69
2019-06-02,3,2.644842328712444,70.2504260290785,404625.0518932488,4.653951105330037,16.37
2019-06-02,4,0.0,70.25042602907845,404625.0518932488,0.0,13.85
2019-06-02,5,0.0,70.25042602907851,404625.0518932488,0.0,16.3
2019-06-02,6,-5.055843590582562,72.5103671756981,374057.7840285308,-8.490907740199418,12.96
2019-06-02,7,-5.33779624841185,74.77765460248635,342987.7923893819,-8.630553233096919,11.28
2019-06-02,8,-5.3463192209844514,76.77944351623456,313004.1310919677,-8.328794804837287,11.76
2019-06-02,9,-5.524004483062078,78.77701589620062,283083.6268636647,-8.311251174528607,11.9
2019-06-02,10,-6.078484862272607,80.79193776803052,251369.50743440585,-8.809477619238578,8.91
2019-06-02,11,-7.570115236238077,83.09437304658967,214345.62959327584,-10.284410511425,3.5
2019-06-02,12,-7.88599315929053,85.39056313608701,177217.42820927722,-10.313389273332945,-9.02
2019-06-02,13,-8.206800358792739,87.68625469904455,139870.98605767483,-10.374011708778449,-0.48
2019-06-02,14,-8.546196839732685,90.08876302444276,102194.1221958331,-10.465795517178258,3.5
2019-06-02,15,3.7027101278580257,88.92032133548048,119795.1191631261,4.88916582424806,16.3
2019-06-02,16,7.541103013291599,86.3449458068319,161691.47612643358,11.637876934252075,27.89
2019-06-02,17,7.197115849682341,83.70987694153752,204448.1348712728,11.87684965134423,37.41
2019-06-02,18,6.856223166184953,81.03748894989982,247420.96754395837,11.936897964634866,38.13
2019-06-02,19,6.5113647966406605,78.30030176314384,290224.05760693434,11.88974723971556,37.14
2019-06-02,20,6.164390391992854,75.49413600914532,332256.06109738065,11.675556525123966,37.12
2019-06-02,21,5.813574083945039,72.59498612330961,372913.2542066095,11.293664752563572,29.85
2019-06-02,22,5.468730294491871,69.71230540012436,411903.50577387377,10.830625435351196,26.64
2019-06-02,23,5.116894821867061,66.67000453002412,448557.8671795398,10.181767057129449,23.34
2020-09-23,0,3.8689423657692825,75.37105461055951,334099.5900750743,6.547525020853971,38.32
2020-09-23,1,3.744848341678284,73.75015385799254,357288.8112305088,6.441450320954015,37.15
2020-09-23,2,3.54163082904429,72.11160738433847,379451.2861444608,6.156243031653332,36.05
2020-09-23,3,4.023557851923332,70.17546264795814,405638.983496814,7.274360375653671,39.4
2020-09-23,4,4.148587052019326,67.94183541734787,433306.5714567061,7.685441099970035,40.39
2020-09-23,5,4.923269332551797,64.99352532051856,468661.54641251935,9.820826376614775,53.21
2020-09-23,6,4.575253772528431,61.87620756807766,501413.1197433885,9.097659258574764,58.32
2020-09-23,7,4.232166059255531,58.750500074410695,531604.8946417888,8.38660413844454,45.89
2020-09-23,8,1.911000288115028,57.15472996854133,544831.7638260023,3.6741303289481664,28.3
2020-09-23,9,-4.703128488103869,61.03389198450281,510132.7211154853,-9.63862297514359,26.6
2020-09-23,10,-5.0513085917021225,64.44841922714978,474785.7359585865,-9.818606988027426,26.7
2020-09-23,11,-5.222408276606956,67.38129198633148,440028.3877902541,-9.65481893564791,25.7
2020-09-23,12,-5.358731002284421,70.14542377690918,406045.28001434775,-9.439752159973978,25.7
2020-09-23,13,-6.220141368434164,72.88659619159614,368969.0262417911,-10.298959381265746,17.19
2020-09-23,14,-6.070972184083677,75.37149086163143,334093.0557175768,-9.687769590059531,20.73
2020-09-23,15,4.345887260603168,73.41448668320245,361828.942047872,7.704412869526436,44.0
2020-09-23,16,5.562745663729487,70.4982055603185,401273.6622722685,10.956866728999046,55.25
2020-09-23,17,5.213059020016284,67.50262878557798,438573.3646218306,10.361028430433931,60.54
2020-09-23,18,4.87426840155827,64.56425458086737,473586.61519089655,9.725902935851636,51.22
2020-09-23,19,4.215197698388472,61.7233755681824,502995.2276159892,8.169059006970173,44.05
2020-09-23,20,-5.066247398233124,65.05731547040243,467896.600027132,-9.749618774682546,28.0
2020-09-23,21,-5.41850634630306,68.0289309042111,432262.1566374768,-9.89845649712646,24.83
2020-09-23,22,2.522911456952888,66.67000453003226,448557.8671794433,4.5265862616573855,32.74
2020-09-23,23,0.0,66.67000453002412,448557.8671792143,0.0,31.08
2021-06-03,0,-5.554003668528988,78.94741096885988,280531.37566961383,-8.332534536218386,55.4
2021-06-03,1,-5.867644443700885,80.88166069391659,249926.7347847299,-8.501289134689987,51.96
2021-06-03,2,-5.863499565928839,82.72023427270369,220361.897841498,-8.2124547064533,54.15
2021-06-03,3,-6.064562877557144,84.55630799528369,190789.1387379986,-8.214655306527611,54.08
2021-06-03,4,-6.185381026047273,86.35052944935912,161600.64110922057,-8.1079160079939,54.1
2021-06-03,5,3.4769436970264858,85.25110630305652,179486.1199758258,4.9681885740570095,66.0
2021-06-03,6,4.130178686646156,83.89344458688359,201496.3098448901,6.113941630295628,76.07
2021-06-03,7,4.2896297993281625,82.42504923120464,225108.56543244436,6.55895988543174,81.88
2021-06-03,8,4.95544275412622,80.62631204605982,254032.8207334576,8.034515361392572,83.35
2021-06-03,9,3.819103563196507,79.249203415712,276010.9976984918,6.105049156953953,76.89
2021-06-03,10,0.0,79.24920341571192,276010.9976984929,0.0,64.66
2021-06-03,11,0.0,79.2492034157339,276010.9976981133,0.0,59.3
2021-06-03,12,8.627950354167524e-09,79.24920341571413,276010.99769845995,0.0,57.27
2021-06-03,13,0.0,79.24920341571409,276010.9976984599,0.0,59.3
2021-06-03,14,3.2919886290238813,77.97071284831598,295160.7831136603,5.319384837555674,65.74
2021-06-03,15,3.4487274893345976,76.607139136424,315584.9807154314,5.673388222714195,69.3
2021-06-03,16,3.6818468800823823,75.11220188345317,337976.7983272271,6.219949336609915,75.0
2021-06-03,17,4.023904892533916,73.30614929186379,363294.2802341176,7.032633863025154,81.99
2021-06-03,18,4.161407435949395,71.31599370898923,390212.5116602716,7.477286507264992,82.03
2021-06-03,19,4.002470353300858,69.34775335617175,416447.3565557691,7.287456915415959,80.14
2021-06-03,20,3.932706018703911,67.17061557209877,442554.7364796221,7.252049978848063,79.32
2021-06-03,21,3.3836072494232585,65.30886751986665,464880.0867986011,6.201486199716385,73.4
2021-06-03,22,2.6617994339003737,63.713049049690575,482398.2447776194,4.866154994171751,66.41
2021-06-03,23,-5.028432453127399,66.67000536681994,448558.0152527881,-9.400063756897596,62.92
2021-06-21,0,-5.720594997598346,79.0067144235509,279643.1028417339,-8.57927698840725,61.03
2021-06-21,1,-6.043823612266599,80.98861672923567,248206.84835712783,-8.732292912390585,58.9
2021-06-21,2,-6.094948274435976,82.8937920201725,217571.03509694771,-8.509948127827798,58.62
2021-06-21,3,-6.0759648214693485,84.72563361731763,188034.5397970465,-8.204582027750334,62.5
2021-06-21,4,3.3774021877885474,83.61391801399138,205991.1833292624,4.987956536726635,76.1
2021-06-21,5,4.038012483512221,82.23840679897799,228109.83399147092,6.144069628391257,88.94
2021-06-21,6,4.0461318919811,80.82305597178582,250869.11700640983,6.322023059705245,92.0
2021-06-21,7,3.837897997221751,79.4530676238107,272898.9571984621,6.119400053347846,90.0
2021-06-21,8,3.730413551622658,78.002569310156,294683.6232316254,6.051296120323144,86.28
2021-06-21,9,3.4529165575244347,76.63783803336098,315125.1593418386,5.678204475059232,82.0
2021-06-21,10,3.273456816854467,75.3226968534203,334823.9135045705,5.4718761563144085,78.48
2021-06-21,11,0.0,75.32269685342064,334823.9135045705,0.0,69.93
2021-06-21,12,0.0,75.32269685342072,334823.9135045705,0.0,67.34
2021-06-21,13,0.0,75.32269685342072,334823.9135045705,0.0,72.05
2021-06-21,14,3.1016744942411467,74.01015179036077,353772.15927925485,5.263401604078979,75.13
2021-06-21,15,3.3419263008490594,72.47769402690653,374499.71097544057,5.7576532489404855,82.94
2021-06-21,16,3.807545241651909,70.672756691341,398912.7374375456,6.781396239473608,88.97
2021-06-21,17,3.9793348895247096,68.62575212669572,425105.3112986041,7.275714961405157,93.79
2021-06-21,18,3.909682575869197,66.45212226754785,451170.6255666066,7.240365074445123,94.07
2021-06-21,19,3.834395434061428,64.22970523747341,477049.8503139028,7.18867354091563,91.27
2021-06-21,20,3.4987371471204414,61.946396870509794,500686.52421348577,6.565742749884151,86.09
2021-06-21,21,2.7580083315613946,60.14561233418504,519328.1398027154,5.178226552563785,77.8
2021-06-21,22,-4.968000158884148,63.54962358528724,484090.0155716389,-9.78836784196568,74.03
2021-06-21,23,-5.273046120413273,66.67000453002412,448557.8671795398,-9.870041220027543,68.38
2021-07-06,0,3.2355025342310384,75.65060837957436,329912.3126518627,5.384392403295182,71.19
2021-07-06,1,-5.948495480394227,77.83864051085966,297139.0197827972,-9.103692463629304,54.23
2021-07-06,2,-7.18415207857916,80.24797032974223,260116.673607668,-10.283985048646995,46.36
2021-07-06,3,-6.045057887436611,82.16303356469656,229321.85912178108,-8.55411513496859,56.48
2021-07-06,4,0.0,82.16303356469656,229321.85912178108,0.0,61.85
2021-07-06,5,4.8214571024054464,80.41386924481829,257448.96727822212,7.813085599011408,93.35
2021-07-06,6,4.756236304497694,78.56642612854013,286237.9316072207,7.996934535832921,97.06
2021-07-06,7,3.99340935246995,76.97280609206217,310107.8626885448,6.6305364114789285,87.29
2021-07-06,8,3.5554910753641167,75.54388410450285,331510.875064702,5.945281215599223,76.8
2021-07-06,9,-6.231450848846327,77.8261291941436,297326.4197030498,-9.49568204490339,50.38
2021-07-06,10,-7.182571780663483,80.23631594203361,260304.07979921505,-10.283983306620769,24.87
2021-07-06,11,-7.494772162097258,82.53873262683861,223280.5009514532,-10.284327457711631,25.42
2021-07-06,12,-7.808791168580413,84.83810683525687,186204.81903004556,-10.29880053372434,10.76
2021-07-06,13,-8.129144572286377,87.13055104222451,148911.20505213202,-10.359337216087091,20.75
2021-07-06,14,-8.456346697338137,89.46421346619664,111365.4099651696,-10.429387524156226,43.23
2021-07-06,15,3.9994847070483175,88.24825885962186,130728.2701063563,5.378572261440752,70.0
2021-07-06,16,7.450584699977973,85.65605532271807,172898.386074128,11.713921102158809,91.46
2021-07-06,17,7.107769031047475,83.0094172648173,215711.7450778348,11.892599723251877,99.94
2021-07-06,18,6.766413291712752,80.33349042081711,258741.4838534096,11.952705215437454,103.47
2021-07-06,19,6.419592490685684,77.55813151037452,301340.6050766604,11.833089228680777,103.97
2021-07-06,20,6.074274228453618,74.76533418994826,343172.33286417904,11.619924385421854,101.91
2021-07-06,21,5.60726618319924,71.9070527442639,382218.0292012361,10.846026760293611,91.28
2021-07-06,22,5.12423500515375,69.21497410777118,418039.5930735296,9.950434408970423,82.34
2021-07-06,23,4.458694948031585,66.67000453002412,448557.86717953975,8.477298362780601,75.06
2021-07-18,0,3.31381167517141,75.61843079229932,330394.2824897434,5.518272913817608,50.86
2021-07-18,1,3.1499079500518627,74.31952111657392,349587.7250617399,5.331511825554589,50.1
2021-07-18,2,0.0,74.319521116574,349587.7250617391,0.0,45.43
2021-07-18,3,0.0,74.31952111657398,349587.7250617392,0.0,46.37
2021-07-18,4,3.2674083735923,72.8276007281883,369766.9807086533,5.605348790809472,50.75
2021-07-18,5,2.800749977918579,71.53354497151263,387269.9802913431,4.861944328524928,47.42
2021-07-18,6,3.4553974067270143,69.90230880646824,409333.5782226901,6.128777203151955,54.82
2021-07-18,7,2.622244561789868,68.54140598560498,426116.7570447925,4.661994117250671,46.57
2021-07-18,8,-5.802579963087296,71.31723595848268,390195.709376248,-9.978068796817936,35.33
2021-07-18,9,-6.369471379250603,74.06104049574465,353083.8543244622,-10.30884862549604,25.78
2021-07-18,10,-6.698510743168832,76.57926342923685,316002.51513026585,-10.300371998387874,19.56
2021-07-18,11,-7.023366591440464,79.05143364780045,278973.2789336422,-10.285898943506568,0.1
2021-07-18,12,-7.33733934974745,81.37769646081819,241950.3248462536,-10.284153913163522,-1.04
2021-07-18,13,-7.649544384805931,83.68015134165474,204926.13179438404,-10.284498069963746,-5.0
2021-07-18,14,-7.967382577493862,85.97298460597088,167742.5622979145,-10.328769304574877,0.01
2021-07-18,15,-8.288668186626618,88.27209966115053,130340.42657828536,-10.389482144341429,22.5
2021-07-18,16,5.969199780380119,86.3449459480714,161691.4738287417,8.708624236237874,58.02
2021-07-18,17,7.197123269886134,83.70987320202397,204448.19500381747,11.876866993076604,74.62
2021-07-18,18,6.8562188640249495,81.03748661598678,247421.00532647583,11.936891756293996,88.09
2021-07-18,19,6.511358890092384,78.30030179905899,290224.0570689825,11.889736595140732,93.2
2021-07-18,20,6.164387520225834,75.49413479888527,332256.0417097906,11.675551289113358,94.19
2021-07-18,21,5.813577005025394,72.5949861233099,372913.2542066163,11.293670138007144,91.13
2021-07-18,22,5.468730294492813,69.71230540012999,411903.5057738738,10.83062543534932,92.22
2021-07-18,23,5.116894821866797,66.67000453002412,448557.8671795402,10.181767057129548,70.86
2021-07-31,0,-6.1125636346721945,79.1351295484302,277719.6454864642,-9.113570698204384,7.83
2021-07-31,1,-7.347910935481996,81.45565983571319,240696.64944652605,-10.284165566649492,2.94
2021-07-31,2,-7.660116849951836,83.75811732557578,203672.41444070323,-10.284509723839676,2.82
2021-07-31,3,-7.978215355226322,86.05050380280487,166481.47555311248,-10.330816357664098,6.22
2021-07-31,4,0.0,86.05050380280488,166481.47555311242,0.0,11.61
2021-07-31,5,3.882342725906873,84.80936994279588,186672.31244650768,5.6085658037209,18.86
2021-07-31,6,6.997947962815507,82.14851729843201,229555.2852136644,11.91193687976576,35.92
2021-07-31,7,4.032906873535436,80.73604746054798,252268.2410214068,6.309154391039556,19.95
2021-07-31,8,-5.740920319616613,82.53965819131001,223265.6175858956,-8.056284287642,10.37
2021-07-31,9,-6.679074927141313,84.54616481285377,190954.1486121312,-8.975408048267887,6.09
2021-07-31,10,-8.088107865256514,86.83689297517907,153688.45134698498,-10.351582573651733,-3.84
2021-07-31,11,-8.410103101532162,89.14108611167177,116203.70510900168,-10.412429510550917,-20.03
2021-07-31,12,-8.781424389489187,91.72383291273223,78183.70337399999,-10.561111593056026,-15.03
2021-07-31,13,-9.177290847184976,94.465067293626,39574.409594229175,-10.724803827714116,-14.59
2021-07-31,14,-9.752588657290971,98.3528042160941,0.0,-10.992891553952548,-1.38
2021-07-31,15,9.57290013925416e-07,98.3528042160941,0.0,0.0,13.32
2021-07-31,16,8.651065513737342,94.62254133404257,37971.43534463761,10.547620929066005,51.07
2021-07-31,17,8.265065242132321,91.7808528875256,77346.38535731813,10.937486114633476,69.36
2021-07-31,18,7.892546783377181,89.01961196056409,118179.85357356856,11.342630060069569,77.51
2021-07-31,19,7.554476204376215,86.44672260473223,160035.76533475303,11.626642155884577,70.91
2021-07-31,20,7.210324156700931,83.8133586728649,202784.1163361452,11.87454194483115,87.56
2021-07-31,21,6.86948673349951,81.14149496856027,245748.518557359,11.934556172559397,77.87
2021-07-31,22,6.524916452035985,78.40994998975188,288581.6989816584,11.898105673416495,62.69
2021-07-31,23,6.17770085215362,75.60180775396731,330643.26955708605,11.68376960428546,61.35
2021-08-08,0,5.997864421191057,74.13551391167695,352076.5498391184,11.54112495531067,0.67
2021-08-08,1,-5.024929338597915,76.05703244021781,323824.71705486445,-7.847731328959446,-6.07
2021-08-08,2,-6.954839183941568,78.52993644565494,286784.4898806558,-10.288951992835734,-17.26
2021-08-08,3,-5.871767702016535,80.47901046899477,256401.4760636849,-8.439726060269692,-9.59
2021-08-08,4,-7.52768186953288,82.78143527551522,219377.76661620376,-10.284363735411423,-20.0
2021-08-08,5,-7.808996084151378,85.0687106601016,182453.34276752576,-10.256784402410553,-12.29
2021-08-08,6,7.031586283832909,82.41221196011537,225314.99275791616,11.906013886219547,-0.17
2021-08-08,7,6.212268610032655,79.9427011179668,265025.49780380604,11.030695846080526,-4.37
2021-08-08,8,-7.454957593224235,82.24510797702052,228002.0769571911,-10.28428356850415,-18.76
2021-08-08,9,-7.767994267056097,84.54616481285373,190954.1486121316,-10.29109120696097,-20.0
2021-08-08,10,-8.088107865256475,86.83689297517903,153688.45134698533,-10.351582573651749,-37.78
2021-08-08,11,-8.410103101532158,89.14108611167175,116203.70510900194,-10.412429510550936,-43.3
2021-08-08,12,-8.781424389489208,91.72383291273223,78183.70337399979,-10.561111593056154,-63.03
2021-08-08,13,-9.177290847184976,94.46506729362602,39574.40959422896,-10.72480382771412,-70.0
2021-08-08,14,-9.752588657290971,98.35280421609411,0.0,-10.992891553952552,-39.12
2021-08-08,15,0.0,98.35280421609411,0.0,0.0,-6.35
2021-08-08,16,0.0,98.35280421609411,0.0,0.0,-7.23
2021-08-08,17,8.651065513737345,94.62254133404258,37971.43534463738,10.547620929066005,43.57
2021-08-08,18,8.265065242132314,91.7808528875256,77346.38535731794,10.937486114633488,68.05
2021-08-08,19,7.892546783377192,89.0196119605641,118179.85357356838,11.34263006006957,65.9
2021-08-08,20,7.554476204376225,86.4467226047322,160035.7653347532,11.626642155884674,63.73
2021-08-08,21,7.210324156700936,83.8133586728649,202784.1163361453,11.874541944831122,56.58
2021-08-08,22,6.869486733499511,81.14149496856027,245748.5185573591,11.934556172559404,44.04
2021-08-08,23,6.524916452035976,78.40994998975185,288581.69898165885,11.898105673416596,39.2
2023-05-18,0,3.55351371566814,75.51608928708686,331927.1978776243,5.944082743784529,89.24
2023-05-18,1,3.142936128589575,74.20804425263624,351095.52678737266,5.324535808263425,83.09
2023-05-18,2,2.961545772044516,72.85689331495345,369370.778202478,5.076458726418139,79.42
2023-05-18,3,2.972647402926881,71.48506753637058,387925.67114754586,5.154136929185526,79.71
2023-05-18,4,2.9212699528256154,70.12022175506362,406386.1547993562,5.127912125502888,80.68
2023-05-18,5,3.407942846773029,68.35202391631431,428387.7523258019,6.11155486845712,91.0
2023-05-18,6,3.441508248874232,66.47133731166164,450940.2063158806,6.26457055279964,90.48
2023-05-18,7,2.601167335974938,65.05532666245495,467920.4490297351,4.7167340871818055,81.26
2023-05-18,8,-5.321237684312035,67.97820924156643,432870.3908644135,-9.736127268144884,72.76
2023-05-18,9,-5.802488828471048,70.83962291873769,396655.7562422483,-10.05962072837923,65.47
2023-05-18,10,-5.925116030519407,73.44785059699154,361377.6720264136,-9.799467837731854,63.72
2023-05-18,11,-6.625851684905558,76.02632414585007,324284.67918724526,-10.3036091219912,44.16
2023-05-18,12,-6.950809626434888,78.49927129951872,287243.80572014657,-10.289131518638529,29.41
2023-05-18,13,-7.267596010344988,80.86335298834085,250221.12840399824,-10.284077032263426,43.08
2023-05-18,14,-5.863539436775504,82.70254857824062,220646.28932795316,-8.215233076679198,71.56
2023-05-18,15,3.420539149891401,81.53145833668904,239477.7858950484,5.230971268637575,84.16
2023-05-18,16,3.942121897521349,80.1387654500664,261872.7221543638,6.220815627587612,98.47
2023-05-18,17,4.556318839086304,78.36453462009582,289261.9495612299,7.6081187241294685,111.92
2023-05-18,18,5.543732008999866,75.9467657901863,325476.33869400906,10.059552536883103,122.51
2023-05-18,19,4.700409818605153,73.85349215974075,355891.0891902878,8.448541804521867,114.23
2023-05-18,20,4.495154457992676,71.6758054388266,385345.8090280998,8.181866621614446,109.61
2023-05-18,21,3.745232506556047,69.8896695091234,409504.53346554737,6.710756788179879,98.76
2023-05-18,22,3.4028079117400445,68.09150240327912,431511.8238333132,6.113136213268291,93.02
2023-05-18,23,2.639080823844779,66.67000690086581,448558.04035879904,4.735060145968291,83.2
2023-05-21,0,3.744952913666349,75.42842263506245,333240.30695875763,6.308835266321564,33.88
2023-05-21,1,0.0,75.42842263506243,333240.30695875763,0.0,28.77
2023-05-21,2,3.136964453600659,74.11255144038942,352387.1241850435,5.318560340634974,29.96
2023-05-21,3,0.0,74.1125521034268,352387.1241850435,0.0,28.26
2023-05-21,4,3.2421336864853023,72.62991057789047,372440.8767910402,5.570486834999088,30.8
2023-05-21,5,0.0,72.62991057789046,372440.8767910402,0.0,27.55
2023-05-21,6,-5.745849167077455,75.0365873668284,339109.38530484185,-9.2587476350551,20.0
2023-05-21,7,-6.820935878996341,77.51092519985468,302047.6816400314,-10.29491768466957,2.14
2023-05-21,8,-7.142758527870621,79.94270099804906,265025.4997321208,-10.283939418864064,0.0
2023-05-21,9,-7.454957576963226,82.24510785709877,228002.0788855704,-10.284283568486217,-0.02
2023-05-21,10,-7.767994250393886,84.54616469361919,190954.1505518463,-10.29109120381225,1.03
2023-05-21,11,-8.088108045920949,86.83689374036521,153688.45134698498,-10.351583112461476,-19.95
2023-05-21,12,-8.41010310153216,89.14108611167177,116203.70510900168,-10.412429510550917,-12.31
2023-05-21,13,-8.781424389489187,91.72383291273223,78183.70337399999,-10.561111593056026,-10.0
2023-05-21,14,-9.177290847184974,94.465067293626,39574.409594229175,-10.724803827714116,-0.41
2023-05-21,15,-9.752588657290971,98.35280421609409,0.0,-10.992891553952548,2.22
2023-05-21,16,8.651065513737343,94.62254133404257,37971.43534463761,10.547620929066005,41.34
2023-05-21,17,8.26506524213232,91.78085288752558,77346.38535731813,10.937486114633476,85.49
2023-05-21,18,7.892546783377181,89.01961196056409,118179.8535735686,11.342630060069574,90.87
2023-05-21,19,7.554476204376215,86.44672260473223,160035.76533475303,11.626642155884568,91.0
2023-05-21,20,7.210324156700931,83.8133586728649,202784.1163361452,11.87454194483115,89.94
2023-05-21,21,6.86948673349951,81.14149496856027,245748.51855735897,11.934556172559384,83.5
2023-05-21,22,6.524916452035985,78.40994998975188,288581.6989816583,11.898105673416495,88.29
2023-05-21,23,6.177700852153638,75.60180775396732,330643.26955708605,11.683769604285471,80.06
2023-06-03,0,3.927331519338933,75.34285930463423,334521.91157821484,6.664836549504116,77.79
2023-06-03,1,3.742549292274107,73.71959121402026,357702.19213927526,6.438966822516775,75.2
2023-06-03,2,3.1941460028511117,72.25456696433838,377517.6588983621,5.504296321968567,67.04
2023-06-03,3,3.5084884074069143,70.60806668148511,399787.71458569285,6.1861265798141005,73.85
2023-06-03,4,3.655353548700591,68.75894812782198,423508.0772460878,6.588989627887486,74.11
2023-06-03,5,3.5046193193067303,66.84539819770919,446454.6153082113,6.374038350589871,73.63
2023-06-03,6,3.3199361096276334,65.01774257635734,468371.1426064196,6.087924249502279,70.0
2023-06-03,7,-5.226588838285849,67.89236094673258,433899.8498474136,-9.575359099723867,59.97
2023-06-03,8,-5.9577037725265845,70.8225881732141,396886.16296333686,-10.281579690021315,27.36
2023-06-03,9,-6.3064358857785,73.56528163344265,359789.33599728195,-10.304674157237471,5.0
2023-06-03,10,-6.639766507277034,76.13221668138796,322698.5749293555,-10.302989185535123,-0.01
2023-06-03,11,-6.96470489708479,78.60501504543177,285659.9300976856,-10.288512453241635,-3.17
2023-06-03,12,-7.280952380952381,80.9618541006248,248637.19977751188,-10.28409175560381,-3.39
2023-06-03,13,-7.593156121684336,83.26429506539223,211613.2305003448,-10.284435910324191,-0.79
2023-06-03,14,-7.909602525439443,85.55951141018708,174468.96798617483,-10.317850698380552,2.55
2023-06-03,15,-6.252056333793476,87.3406974751025,145492.53081667316,-8.04901032486157,45.66
2023-06-03,16,5.441030716975112,85.5704657776477,174290.76170739208,7.999508580755254,75.0
2023-06-03,17,6.701299857530716,83.12716070919886,213818.3937458869,10.979897788470772,80.08
2023-06-03,18,6.7815091953932605,80.45182894346925,256838.5634771572,11.950047147575091,81.98
2023-06-03,19,6.1542012829453085,77.85695469575239,296864.7019898518,11.118371809081822,77.85
2023-06-03,20,5.857879814213967,75.22208180979058,336330.96920305776,10.962852003668331,79.56
2023-06-03,21,5.665042001179774,72.39230968297105,375654.5933122116,10.923228919209391,81.17
2023-06-03,22,5.44482510608412,69.50934301590796,414509.63691792096,10.793067668252604,81.12
2023-06-03,23,4.85099789366914,66.67000453002412,448557.8671795398,9.457841739338576,74.9
2023-08-01,0,-5.720594973981864,79.00671441907856,279643.10290872364,-8.579276969798984,57.86
2023-08-01,1,-5.926875464696617,80.95323350559592,248775.8216359268,-8.574244797999127,56.94
2023-08-01,2,-6.0457747482525095,82.84512896086073,218353.55227782743,-8.450630377249823,57.9
2023-08-01,3,0.0,82.84512896086073,218353.55227782743,0.0,63.4
2023-08-01,4,3.624495716330159,81.60608463741082,238277.77168948663,5.534505392127556,75.34
2023-08-01,5,4.536652892061479,79.96229399423164,264710.4382387698,7.342407374800871,90.91
2023-08-01,6,4.125890425603539,78.38165036888687,289005.5829591515,6.748651311217131,90.58
2023-08-01,7,3.9792276307371024,76.79030358402879,312841.4642931992,6.621078148346584,88.18
2023-08-01,8,3.5426411580622563,75.36324181661386,334216.4379771276,5.937492689980104,77.0
2023-08-01,9,0.0,75.36325353407915,334216.4379771276,0.0,67.07
2023-08-01,10,0.0,75.36325353406984,334216.4379771276,0.0,67.1
2023-08-01,11,-5.576432866738768,77.43255593794785,303221.5303855236,-8.60969655322333,61.96
2023-08-01,12,-6.205917792176821,79.61857214585343,270237.59283207986,-9.16220487595659,53.09
2023-08-01,13,-6.846449704268123,81.77364551067564,235583.34055368777,-9.626181188442246,48.26
2023-08-01,14,-6.253114284446395,83.69675639925245,204659.1172859744,-8.59006201880927,54.6
2023-08-01,15,0.0,83.69675639925318,204659.1172859657,0.0,67.94
2023-08-01,16,3.8911981676232266,82.37963760434604,225838.79856474508,5.883244799660929,79.59
2023-08-01,17,4.932220835752271,80.58949221254623,254624.8951473767,7.996137939619892,95.05
2023-08-01,18,6.120269984898955,78.03063394438576,294263.2589857233,11.010656621762948,106.41
2023-08-01,19,5.888895412502337,75.38621660547169,333872.48714881967,11.002563378637872,112.42
2023-08-01,20,5.228204794332232,72.88039181814923,369052.9446860254,9.77234931589048,102.55
2023-08-01,21,4.406333991353719,70.73341917955916,398092.2353065648,8.06646961681652,92.78
2023-08-01,22,4.2578131076788495,68.50772546566874,426520.6405915488,7.896779245828867,89.38
2023-08-01,23,3.3746338684551693,66.67000453002412,448557.8671795399,6.121451829997525,77.54
2023-08-19,0,0.0,76.94472322725031,310528.5,0.0,67.0
2023-08-19,1,-5.708203944434894,79.00236757942584,279708.21175559773,-8.56119117900063,64.39
2023-08-19,2,-6.158489332490147,81.01840371169223,247727.86438307355,-8.883429825701171,57.79
2023-08-19,3,0.0,81.01840371169223,247727.86438307352,0.0,64.96
2023-08-19,4,3.503076858513837,79.78206161174877,267608.6311974179,5.522435226206767,78.95
2023-08-19,5,3.488525140035052,78.46279258887918,287790.1996465253,5.605991235863172,82.4
2023-08-19,6,3.513435101836908,77.0813382272142,308482.2213644602,5.747783810537456,83.02
2023-08-19,7,3.268332890726121,75.77615081906829,328031.88362244825,5.430461738330024,79.37
2023-08-19,8,0.0,75.77615081906617,328031.88362244744,0.0,69.4
2023-08-19,9,-6.917981759322266,78.24944949132876,290985.7449576019,-10.2905940735682,41.83
2023-08-19,10,-7.236041147549641,80.63064205337855,253963.19286442944,-10.28404224810346,25.45
2023-08-19,11,-7.5482433182913455,82.93307193421447,216939.40182037256,-10.284386401126916,14.86
2023-08-19,12,-7.863581602217877,85.23018636597642,179826.44671334763,-10.30915419639581,12.59
2023-08-19,13,-8.184257065828904,87.52493522908756,142495.34045697283,-10.369751737881892,25.01
2023-08-19,14,-6.671663410304056,89.37406765208439,112689.1691312894,-8.279492034912064,53.3
2023-08-19,15,3.6628325064882814,88.27209775071051,130340.45785226086,4.903135755825407,72.16
2023-08-19,16,5.969205919478619,86.3449397538631,161691.54010991388,8.708633960459174,91.83
2023-08-19,17,7.197116908566397,83.70986959761785,204448.19286453575,11.876847987394974,118.89
2023-08-19,18,6.856218857123295,81.03748661598122,247421.00532656463,11.936892350563577,129.36
2023-08-19,19,6.511358890093764,78.30030179905344,290224.0570690651,11.889736595139013,132.53
2023-08-19,20,6.164387520216788,75.49413479889807,332256.04170979135,11.67555128909062,123.71
2023-08-19,21,5.813576064939259,72.59498612330992,372913.2542066155,11.293670138006703,112.54
2023-08-19,22,5.46873029449287,69.71230540013003,411903.50577387406,10.830625435349605,113.99
2023-08-19,23,5.116894821866786,66.67000453002413,448557.86717954,10.18176705712942,110.59
2023-10-06,0,3.5535136314910254,75.51608928707947,331927.19787762314,5.944082743784209,77.96
2023-10-06,1,3.142936128589806,74.20804425263624,351095.5267873728,5.324535808263773,75.06
2023-10-06,2,0.0,74.20804425263626,351095.5267873721,0.0,65.94
2023-10-06,3,2.961545772044623,72.85689331495344,369370.7782024781,5.076458726418323,71.78
2023-10-06,4,4.332885625031305,70.75349110545403,397820.7486192648,7.90276956021853,94.24
2023-10-06,5,5.2442962318031405,67.7730918135041,435330.0783782696,10.419258266390216,117.45
2023-10-06,6,4.904963426117401,64.83502619078816,470562.2056302056,9.78670201442668,120.72
2023-10-06,7,4.461021637098481,61.7990090260334,502212.2745094404,8.791685799787444,104.39
2023-10-06,8,3.844801924170565,59.07404030120698,528923.1648362706,7.419691757452853,85.01
2023-10-06,9,-4.95923826097906,62.662047161944585,493278.1544945592,-9.901391761586524,65.14
2023-10-06,10,-5.357671920075706,65.9799820401928,456832.3454554749,-10.123835844190069,36.53
2023-10-06,11,-5.735551207619233,69.05688307313312,419935.3585753938,-10.249163022244758,20.31
2023-10-06,12,-6.0892731178597765,71.85734915250092,382890.3046742185,-10.290292750326472,13.76
2023-10-06,13,-6.43738749566072,74.59210167949888,345767.0844303106,-10.312005623307757,42.81
2023-10-06,14,-5.594313837943738,76.69641439551206,314247.7772209211,-8.755363113719298,62.94
2023-10-06,15,3.849884014071936,75.12580066250844,337773.1099250926,6.534814640047642,86.86
2023-10-06,16,5.19729266554784,72.6036668185798,372795.84179613617,9.728536630845426,104.93
2023-10-06,17,5.221445536782055,69.90850895619326,409249.7169072189,10.126076419745203,113.4
2023-10-06,18,4.891581257728878,67.08784958917929,443547.2335905804,9.527087967600425,103.26
2023-10-06,19,4.114367585824349,64.74905996411603,471593.0788054213,7.790512559678007,89.39
2023-10-06,20,3.516866287290921,62.46723157487611,495294.8739918983,6.583831996243617,79.36
2023-10-06,21,3.6510755984025143,60.048725426972055,520331.1073667893,6.954509270803072,79.68
2023-10-06,22,-4.958913497491667,63.45158967229413,485104.8568721241,-9.785069581851443,70.31
2023-10-06,23,-5.442414719420829,66.6700045300223,448557.8671795617,-10.151941581267335,45.64
2023-11-06,0,-7.071241850810709,79.41527950757813,273506.6019006944,-10.283860583140434,13.87
2023-11-06,1,-7.383438506615764,81.71766871659113,236483.4648722404,-10.284204730126124,5.7
2023-11-06,2,-7.69564561003817,84.02013497452776,199459.0888730505,-10.284548888663863,2.53
2023-11-06,3,-8.014620705461747,86.31101994947566,162243.38392173278,-10.337695819810476,4.3
2023-11-06,4,-8.336183981860938,88.61212198732836,124808.92385389846,-10.39846112995398,16.93
2023-11-06,5,0.0,88.61212198733428,124808.92385389846,0.0,73.05
2023-11-06,6,5.856679664906758,86.74600235212392,155167.06522126278,8.432817046490086,96.21
2023-11-06,7,4.856258813438884,85.17697108386274,180692.1559780888,7.090302988007224,99.59
2023-11-06,8,0.0,85.17697108386156,180692.1559781078,0.0,79.85
2023-11-06,9,-6.51110451285977,87.03922784788834,150396.8560208454,-8.415361099239547,61.85
2023-11-06,10,-8.441580909894299,89.36157627818541,112872.60050698947,-10.423404309404429,58.04
2023-11-06,11,-8.814532019183236,91.95396449570627,74804.30306151367,-10.574527068187724,58.05
2023-11-06,12,-9.227645604013537,94.80535373988975,36110.53447295207,-10.74826905237822,66.98
2023-11-06,13,3.986753324783495,93.4175207907519,53312.500255423816,4.778323828464375,80.29
2023-11-06,14,6.382951681229659,91.423372467026,82595.85798125541,8.134266034953221,99.67
2023-11-06,15,7.849085322893988,88.68884622285248,123560.76958532816,11.379142112242429,112.44
2023-11-06,16,7.509926243984982,86.10767470760152,165551.41599145607,11.664068446146644,138.14
2023-11-06,17,7.166347252017463,83.46861866652445,208327.6432272407,11.882285343273509,151.35
2023-11-06,18,6.825287568456197,80.7950126377303,251320.06256998604,11.942338706318148,139.93
2023-11-06,19,6.479752236416752,78.04467970383035,294052.8755177364,11.870225818819534,111.81
2023-11-06,20,6.133350238349231,75.24311755729718,336015.886666613,11.65639198579906,106.29
2023-11-06,21,5.7816858651131735,72.32840531479937,376518.94411297614,11.250849290656433,99.56
2023-11-06,22,5.361504224562952,69.50515086960625,414559.90748737846,10.566934270667318,89.86
2023-11-06,23,4.845880090465027,66.67000574477146,448558.0455578526,9.443927241798365,83.68
2023-11-15,0,-5.7205949975925305,79.00671442354897,279643.1028417628,-8.579276988399213,76.42
2023-11-15,1,-6.067143172623621,80.99547065154604,248096.6351473565,-8.762907692890666,72.9
2023-11-15,2,-6.322184354347854,82.9640711878731,216440.92414705447,-8.793253055639425,70.69
2023-11-15,3,-6.080581835400562,84.79419905910025,186919.11325342668,-8.200503026007738,74.45
2023-11-15,4,0.0,84.79419905910024,186919.1132534936,0.0,81.14
2023-11-15,5,3.703555570397284,83.57575416647563,206604.870952346,5.468266027458995,96.94
2023-11-15,6,4.242889834710013,82.11754075892227,230053.39763638,6.51347963445388,116.71
2023-11-15,7,4.798193742913322,80.37698370380666,258042.09828921547,7.774639070232084,121.72
2023-11-15,8,4.103097440566909,78.84817276859451,282017.8084118847,6.659919478519228,110.04
2023-11-15,9,3.5641119264275147,77.45271488172821,302919.5809950192,5.80604793975958,100.1
2023-11-15,10,3.2680269266334725,76.15422520048244,322368.921798771,5.40259466770884,90.84
2023-11-15,11,0.0,76.15422520040526,322368.9217987702,0.0,86.04
2023-11-15,12,0.0,76.15422520048243,322368.9217987702,0.0,85.55
2023-11-15,13,0.0,76.1542252004825,322368.9217987702,0.0,85.64
2023-11-15,14,3.4978510240540226,74.73369943922191,343646.171861135,5.910347239545786,98.26
2023-11-15,15,3.89755541367535,72.9478956247113,368139.908990314,6.803815869216379,110.28
2023-11-15,16,4.4125004478223655,70.79876884259585,397208.0366522306,8.074479906087959,122.92
2023-11-15,17,4.736699261615271,68.23738912569593,429762.4076430074,9.042880830771324,129.9
2023-11-15,18,4.22349298813217,65.84273197288523,458478.1942749597,7.976607397764539,121.08
2023-11-15,19,3.806148571990163,63.53569656331303,484234.1872838692,7.154442502474836,110.44
2023-11-15,20,3.229106904914956,61.43467680984612,505983.82017963054,6.041564693267048,97.65
2023-11-15,21,2.087938166490023,60.080512471709326,520002.0497495367,3.893952658307256,91.66
2023-11-15,22,-5.064302632263457,63.54962358528807,484090.0155716388,-9.975565049416076,84.21
2023-11-15,23,-5.273046120413255,66.67000453002412,448557.86717953975,-9.870041220027504,85.48
2023-11-16,0,-6.216000041586336,79.16757187991843,277233.71019510535,-9.248552723581842,83.31
2023-11-16,1,-6.284607591703853,81.20284405426682,244762.00611289803,-9.019917800613154,84.57
2023-11-16,2,-6.563581677706761,83.22823194374466,212193.1367512964,-9.046908156000455,82.14
2023-11-16,3,-6.257839010196225,85.0962206831713,182005.8081327582,-8.38536906070506,88.12
2023-11-16,4,-6.310565744447568,86.90816808646468,152528.94374438148,-8.188017885660194,92.89
2023-11-16,5,0.0,86.90816808646419,152528.94374438244,0.0,102.72
2023-11-16,6,4.722236790458292,85.39430239907412,177156.5976643155,6.84101497775918,126.9
2023-11-16,7,4.150612256512947,84.03413692492873,199233.75446984996,6.132543557092902,129.99
2023-11-16,8,3.956966324102903,82.70068345198379,220676.28114024608,5.956257408443378,128.59
2023-11-16,9,3.7688886881451937,81.40555009264585,241502.42975368648,5.785041281511219,120.1
2023-11-16,10,3.528809721955984,80.16863529790251,261392.40567914452,5.524993312627245,116.62
2023-11-16,11,3.7451858486500633,78.77968544138193,283043.6412597958,6.014232105736454,122.63
2023-11-16,12,3.6827217736245466,77.33223019941474,304724.2527469716,6.022392079771052,126.66
2023-11-16,13,3.8986835357956906,75.75379417793474,328366.7510756684,6.567360646860223,134.67
2023-11-16,14,4.382063402763403,73.82599716859977,356262.9779717298,7.748951915572618,144.38
2023-11-16,15,4.205827949542034,71.82128547849403,383378.0908208643,7.531975791426248,143.81
2023-11-16,16,4.863304010601433,69.32037544092132,416775.6617462782,9.277103034837182,164.02
2023-11-16,17,3.8087760571725937,67.22314568701036,441924.81600445707,6.985876182827468,132.55
2023-11-16,18,3.387587679666595,65.35969792987562,464270.5485160477,6.207147919886296,125.26
2023-11-16,19,3.2963378331091007,63.341145421127145,486248.1692633404,6.104894652025735,121.19
2023-11-16,20,2.941186966546545,61.43467680984619,505983.8201796296,5.482125254524789,115.0
2023-11-16,21,2.087939079390725,60.08051247170667,520002.0497495904,3.8939526583224335,110.2
2023-11-16,22,-5.0643026322669895,63.54962358528526,484090.01557166793,-9.975565049422896,100.85
2023-11-16,23,-5.273046120417568,66.67000453002412,448557.86717954016,-9.870041220035487,106.0
2023-11-30,0,-7.071241850811834,79.41527950757849,273506.60190068925,-10.283860583141871,104.52
2023-11-30,1,-7.383438506615878,81.71766871659155,236483.4648722337,-10.28420473012656,102.2
2023-11-30,2,-7.695645610007578,84.02013497452025,199459.08887317163,-10.284548888628336,100.0
2023-11-30,3,-8.014620705485967,86.31101994947534,162243.38392173787,-10.337695819842716,101.63
2023-11-30,4,-8.336183981861865,88.61212198732832,124808.92385389924,-10.398461129955171,106.3
2023-11-30,5,-8.695897685986733,91.12933563683308,86913.68408308795,-10.52645549189203,129.41
2023-11-30,6,4.284660765831738,89.76955517947557,106881.57568254165,5.546636555403804,168.09
2023-11-30,7,6.786924623413257,87.54401470801645,142184.95439832262,9.806494087716938,219.27
2023-11-30,8,7.355731922067861,84.93417735458131,184641.93830585963,11.793606640982505,237.05
2023-11-30,9,6.433091079927031,82.57635666093024,222675.4947412551,10.564876787609847,222.32
2023-11-30,10,6.7108905303547175,79.89824111796213,265740.4284793038,11.96248159390241,223.14
2023-11-30,11,4.673943966358484,78.0394002102459,294131.9540591203,7.88653488328238,195.1
2023-11-30,12,4.392159493557131,76.23476415423619,321162.5744691304,7.508505669447231,189.72
2023-11-30,13,4.6927020034370415,74.1844722412783,351414.35455258464,8.403272245403969,195.0
2023-11-30,14,4.5253659102567525,71.9963382531522,381010.3809088419,8.221118432293679,195.0
2023-11-30,15,5.134628877110721,69.31000399715609,416900.0320202772,9.969347530954266,226.0
2023-11-30,16,5.07169312722791,66.27863198106434,453251.052839266,10.09750578305244,260.97
2023-11-30,17,4.728402336045971,63.25296475232797,487161.01035953686,9.419432644519674,249.34
2023-11-30,18,4.370227786396039,60.24405598889869,518309.056880012,8.652235144576423,196.93
2023-11-30,19,3.537208376398504,57.39242548910176,542861.5755485294,6.820144074588171,153.9
2023-11-30,20,1.8444923019197623,55.82818224486569,555827.1278468835,3.6015423050983486,132.69
2023-11-30,21,-4.642389085591431,59.98532760048134,520987.3979372557,-9.677702752674378,124.61
2023-11-30,22,-5.052698142597638,63.451589672296215,485104.85687210254,-9.967372518098102,113.66
2023-11-30,23,-5.442414719423178,66.67000453002412,448557.8671795397,-10.151941581267453,106.91
2020-07-03,0,3.3138116751713946,75.6184307922993,330394.2824897397,5.518272913816581,32.57
2020-07-03,1,3.139821820083604,74.32410403480064,349525.7379213081,5.314293175435658,31.27
2020-07-03,2,0.0,74.32410403479676,349525.7379213081,0.0,29.9
2020-07-03,3,2.975064561126235,72.96815286143448,367865.91584582767,5.094493867922111,30.87
2020-07-03,4,4.1325259575180215,70.9874614172522,394656.1382470769,7.441728444791451,39.32
2020-07-03,5,5.017183876424067,68.23621884083788,429776.44123869156,9.755639719892955,47.1
2020-07-03,6,4.955205093575547,65.27003663927304,465345.73144445335,9.880358390489377,49.95
2020-07-03,7,4.38624319813102,62.38215849530672,496175.5455071912,8.563837239649416,43.44
2020-07-03,8,3.8838725624929467,59.77745825165173,523092.7402794125,7.47699854783923,38.95
2020-07-03,9,3.712710270428765,56.63787210140823,549115.846708779,7.2286406748240495,36.33
2020-07-03,10,3.147967385792884,53.35513491807234,571538.6508718786,6.228556711972118,30.13
2020-07-03,11,-4.419019198376991,58.03013591205556,537575.781366275,-9.43413041822322,18.6
2020-07-03,12,-4.857336009203219,61.80118410193494,502189.7582516559,-9.829450865171992,18.0
2020-07-03,13,-5.265274177581079,65.22762879222508,465854.26966501784,-10.093191274066129,19.0
2020-07-03,14,-5.642009635008849,68.29521613113488,429068.9689401852,-10.218139090231276,19.62
2020-07-03,15,0.0,68.29521613113486,429068.9689401852,0.0,30.01
2020-07-03,16,3.7249828436616923,66.236095855721,453761.129322689,6.858933439584391,37.18
2020-07-03,17,3.998308238004663,63.84727632936347,481008.7318743413,7.568778486570096,38.76
2020-07-03,18,3.7190551278133994,61.395944047589715,506384.77945606085,7.048902106033182,36.91
2020-07-03,19,3.6052129080908624,58.793129800868,531251.5493741116,6.907436088347424,35.2
2020-07-03,20,3.4178206201688606,55.914032667977985,555115.5389331918,6.628885988633414,34.25
2020-07-03,21,-4.6370035183214595,60.04703868342911,520348.56843672047,-9.657491804575386,27.62
2020-07-03,22,-5.06022123265277,63.51514787076101,484446.9061403952,-9.972683971201462,26.42
2020-07-03,23,-5.3295023200830975,66.67000453002412,448557.8671795398,-9.969177489126494,24.22
2021-06-20,0,3.313811675166818,75.61843079229955,330394.2824897376,5.518272913816003,63.04
2021-06-20,1,3.149908635625289,74.31952111657391,349587.7250616064,5.331511825519089,60.03
2021-06-20,2,-1.1056044968427159e-11,74.31952111656923,349587.7250618034,5.474021236295812e-11,54.93
2021-06-20,3,9.533707157061144e-12,74.31952111655761,349587.72506173176,-1.9909407455998007e-11,52.1
2021-06-20,4,1.4336976050799422e-11,74.31952111657377,349587.7250617426,3.0127011996228248e-12,51.73
2021-06-20,5,3.3288927170360694e-12,74.31952111657391,349587.72506151337,-6.367883997882018e-11,54.58
2021-06-20,6,1.1080913964178762e-11,74.31952111657388,349587.72506174084,6.319567091850331e-11,55.0
2021-06-20,7,1.375788372115494e-11,74.31952111657392,349587.72506173997,-2.4158453015843406e-13,55.0
2021-06-20,8,-5.600228140720133,76.45291873499572,317894.96067876247,-8.803545661938202,50.2
2021-06-20,9,-5.885498252801584,78.58934373181515,285894.6618200703,-8.888971905192264,45.63
2021-06-20,10,-6.468303420480529,80.73354190039507,252308.53121062004,-9.3294807248473,39.85
2021-06-20,11,-7.562196677284834,83.03597522475019,215284.68479369933,-10.284401782477971,27.2
2021-06-20,12,-7.877879228160204,85.33249996522488,178162.00320651624,-10.311855996439746,23.72
2021-06-20,13,-8.198638733712997,87.62785023098769,140821.11329727303,-10.372469419234228,26.99
2021-06-20,14,-2.48334686148155e-11,87.62785023098769,140821.11329713016,-3.9683811792201595e-11,48.1
2021-06-20,15,3.7387118273666764,86.47633439469796,159554.03903545125,5.2035904828669715,60.48
2021-06-20,16,4.689879214948075,84.95822859286262,184250.67138061463,6.860175651434268,70.05
2021-06-20,17,7.017255980118668,82.29987506352109,227121.40511412418,11.908537148197098,92.94
2021-06-20,18,6.675442785593191,79.62036217574338,270208.8085928004,11.968723188521174,92.05
2021-06-20,19,6.326635722148025,76.80633398767935,312601.35396477336,11.775707047770268,88.05
2021-06-20,20,5.980282917723237,73.98854426473704,354064.4160155076,11.517517236315058,88.13
2021-06-20,21,5.449313993700077,71.18439793260086,391992.43559889577,10.535560995385609,81.0
2021-06-20,22,4.277066358773341,69.01211493303185,420472.20050182514,7.911045806369273,65.99
2021-06-20,23,4.168277153840108,66.67000453002412,448557.86717953987,7.801574077142973,62.96
2023-06-01,0,0.0,76.94472322725031,310528.5,0.0,70.1
2023-06-01,1,0.0,76.94472322725032,310528.5,0.0,65.05
2023-06-01,2,0.0,76.94472322725031,310528.5,0.0,67.4
2023-06-01,3,3.235502534223325,75.65060837958315,329912.3126517311,5.38439240325863,75.39
2023-06-01,4,3.7676431972390034,74.05317955795817,353190.17894771474,6.466073971106567,88.28
2023-06-01,5,4.798761072887541,71.69058577409899,385145.90038627334,8.876589288488503,101.71
2023-06-01,6,4.567928121123919,69.38872291313659,415956.0657441269,8.558379266070432,99.07
2023-06-01,7,3.664191507847707,67.38527672994564,439980.6043122347,6.673482935585497,87.3
2023-06-01,8,-5.358595504482133,70.14874527482483,406000.3544565941,-9.438958293233497,68.19
2023-06-01,9,-5.80285141710496,72.73985620193852,370953.7861445145,-9.735157864466558,59.92
2023-06-01,10,-6.541958903722204,75.38789563580445,333847.3379053305,-10.307346733106655,44.75
2023-06-01,11,-6.867034723034964,77.86173984550737,296793.02794443845,-10.292863878025585,9.36
2023-06-01,12,-7.187069743540191,80.26948753755568,259770.67019077291,-10.28398826490708,3.14
2023-06-01,13,-7.499270275497124,82.57190533244022,222747.07349258958,-10.284332416162044,27.71
2023-06-01,14,-6.054818351984214,84.41159598818521,193143.32197791687,-8.223264309631304,56.79
2023-06-01,15,3.3584114318349476,83.296288093074,211098.77263058862,4.987625181297702,72.4
2023-06-01,16,4.0147757737615155,81.92158940189158,233204.3566114565,6.140439994685522,84.75
2023-06-01,17,4.931499058932634,80.1109540054185,262319.938863914,8.087661736793748,97.39
2023-06-01,18,6.156895482835688,77.47120176090885,302642.67651223775,11.200760457867716,108.42
2023-06-01,19,5.532520208406572,75.01564754026366,339423.03109587997,10.21676516212284,103.4
2023-06-01,20,4.897582389219763,72.6729733743551,371858.4226698314,9.009830992764279,95.41
2023-06-01,21,4.107303146796679,70.7005471642279,398536.8520610261,7.410674830887416,86.53
2023-06-01,22,3.9563670720386668,68.67248279417268,424544.93551579816,7.224467626325577,83.59
2023-06-01,23,3.645649138356742,66.67000453002412,448557.8671795398,6.6702587954837895,79.4
2021-06-09,0,-5.720594997598716,79.00671442355092,279643.1028417337,-8.579276988407306,64.59
2021-06-09,1,-5.867524142263971,80.93502367752188,249068.6413544221,-8.492905968697665,64.0
2021-06-09,2,-5.863383352029246,82.77178422937591,219532.95845008775,-8.204356362315103,64.9
2021-06-09,3,0.0,82.77178422937652,219532.95845008775,0.0,67.0
2021-06-09,4,3.4298814638387958,81.59894035867521,238392.65392119728,5.238804297530429,79.28
2021-06-09,5,3.7750051012611254,80.27317571787165,259711.36310025398,5.92186366084907,86.44
2021-06-09,6,3.79240835926355,78.87397743357045,281631.29496422864,6.088869962215185,88.11
2021-06-09,7,3.359023984104698,77.56324781002625,301263.97092467797,5.453521100124817,82.31
2021-06-09,8,3.0801367415751013,76.33975215279122,319590.01875787607,5.0905688425550295,76.81
2021-06-09,9,0.0,76.33975215279378,319590.01875787607,0.0,71.97
2021-06-09,10,0.0,76.33975215279243,319590.01875786646,0.0,68.22
2021-06-09,11,0.0,76.33975215279139,319590.0187579119,0.0,70.0
2021-06-09,12,0.0,76.33975215279227,319590.01875789824,0.0,68.63
2021-06-09,13,0.0,76.33975215279243,319590.01875789894,0.0,71.76
2021-06-09,14,0.0,76.33975215279222,319590.01875789894,0.0,72.42
2021-06-09,15,3.196769240644919,75.05084722483551,338895.79497586266,5.362715616101042,78.32
2021-06-09,16,3.363942420878456,73.58265168481233,359554.3940325976,5.738499737981925,82.99
2021-06-09,17,3.6062762364297645,71.90803590169944,382204.7313165854,6.291760356663275,88.53
2021-06-09,18,3.763712009158588,70.11621747800828,406440.29438593786,6.73210085259791,93.1
2021-06-09,19,3.4078532823145267,68.34750113708195,428441.9877153097,6.111581480381062,88.4
2021-06-09,20,3.2149362191708906,66.60322388702197,449358.6743820837,5.810190740770551,85.0
2021-06-09,21,2.6160860627419242,65.1802956085033,466421.8705855798,4.7397767231933585,77.98
2021-06-09,22,2.626070864304779,63.58601082458067,483713.3370109572,4.8031851181604,78.58
2021-06-09,23,-5.216589402488357,66.67000453002409,448557.86717954016,-9.765408286504737,72.7
2023-05-20,0,4.624585128579994,74.98441441580678,339890.8543606322,8.156209544620053,68.03
2023-05-20,1,4.012645368099674,73.16809789604406,365161.5208927676,7.01962959225982,62.2
2023-05-20,2,3.863977279001114,71.34545675336896,389814.003596903,6.847911862259849,61.61
2023-05-20,3,3.720629175278596,69.56236065361696,413873.8702611387,6.68329629562102,59.37
2023-05-20,4,3.9395494957504873,67.38418017563282,439993.7537602284,7.255523194191582,62.08
2023-05-20,5,4.107038868781103,65.05552082805428,467918.1206722432,7.756768586670773,62.46
2023-05-20,6,3.7696573707792513,62.63917529000771,493514.9227674158,7.110222804214629,59.76
2023-05-20,7,-5.280736455324613,65.925440237878,457486.3892946758,-10.007925964650013,40.04
2023-05-20,8,-5.7287699170814275,69.00166607514394,420597.4990955318,-10.246913944206653,7.61
2023-05-20,9,-6.083034623878336,71.80828491094013,383553.9324932934,-10.2898796117329,6.32
2023-05-20,10,-6.431573698673154,74.54785837636643,346429.7797857965,-10.312264640971364,20.12
2023-05-20,11,-6.756804620242711,77.02288292260094,309357.79023314733,-10.297774875735882,10.05
2023-05-20,12,-7.081114161333519,79.48808586469323,272335.85295630735,-10.283871465788877,0.03
2023-05-20,13,-7.393311147511887,81.79047751015408,235312.67674901406,-10.284215613137022,0.0
2023-05-20,14,-7.705518581289142,84.09294620461166,198288.26156980687,-10.284559772002005,1.32
2023-05-20,15,-8.024737269561552,86.38341393199626,161065.67445764178,-10.339607531156965,25.94
2023-05-20,16,4.6325491953632,84.8828557021825,185476.8418936769,6.780879843343087,53.68
2023-05-20,17,7.007479584344658,82.22323677426792,228353.77272318807,11.910258563753104,78.44
2023-05-20,18,6.665616979673885,79.54333655468704,271447.40461814206,11.970453304153878,87.69
2023-05-20,19,6.316595378244294,76.72513166328083,313817.63754722616,11.769509146967806,81.06
2023-05-20,20,5.969966660820347,73.90230723514897,355230.8315158487,11.50366499128404,78.6
2023-05-20,21,5.618708817408891,70.96602585707907,394946.06903161196,11.032010421045356,73.02
2023-05-20,22,4.755171369562536,68.41624875976228,427617.5932661813,9.07542339849148,52.2
2023-05-20,23,3.2197879326080896,66.67000453002412,448557.8671795398,5.816742753710699,40.04
2023-06-02,0,3.553513631170082,75.51608928707945,331927.19787762355,5.944082743784321,76.17
2023-06-02,1,0.0,75.51608928707954,331927.19787758664,0.0,68.98
2023-06-02,2,0.0,75.51608928708116,331927.19787752884,0.0,68.14
2023-06-02,3,3.1429361285731217,74.20804425263908,351095.52678733465,5.324535808279393,73.29
2023-06-02,4,3.5431193009455253,72.57638894443654,373164.7939199397,6.1303519812791905,80.17
2023-06-02,5,4.378582898869733,70.4390135271075,402074.2754817431,8.03041154494538,93.28
2023-06-02,6,4.245248897311042,68.17844979840524,430469.1848719416,7.887474830610685,92.8
2023-06-02,7,3.7154387407105167,66.12367021797598,455109.29334761406,6.844474576575692,84.37
2023-06-02,8,2.738559373939326,64.61525134203933,473058.699719119,4.985946214306921,72.09
2023-06-02,9,-5.305923709419528,67.56249718499916,437855.44632536103,-9.778681498266096,63.15
2023-06-02,10,-5.802421559242799,70.48708270351048,401424.10655096004,-10.119816604000277,56.06
2023-06-02,11,-6.263680710848164,73.22902255609563,364337.4727063122,-10.301842734624401,42.61
2023-06-02,12,-6.599921969812614,75.82899764004861,327240.3210505387,-10.30476434882597,36.82
2023-06-02,13,-6.924916345252106,78.30222205894192,290195.29458481714,-10.290285129367106,44.9
2023-06-02,14,-6.043156603068509,80.35395529086905,258412.40235613857,-8.82858117463293,58.27
2023-06-02,15,0.0,80.35395529086905,258412.40235613857,0.0,76.62
2023-06-02,16,3.7985148597767373,78.95980999226111,280345.657727258,6.092570936422064,85.73
2023-06-02,17,4.0236020238230275,77.36134985502105,304288.0791939948,6.650672629649108,93.58
2023-06-02,18,4.596697403160282,75.42922606432748,333228.2728471961,8.038942681444809,101.16
2023-06-02,19,4.0518415349463,73.64863508991803,358661.92281868606,7.064902769858321,95.45
2023-06-02,20,3.902214609399728,71.81423880332433,383473.40197876294,6.892077544465806,92.56
2023-06-02,21,3.476065458668814,70.1770602649666,405617.3746211448,6.151103511772732,85.06
2023-06-02,22,3.409214658839045,68.41624721840091,427617.61174957943,6.111176980120732,84.95
2023-06-02,23,3.2197867303759686,66.67000453002412,448557.8775450384,5.816740498738611,80.3
2021-04-09,0,-5.770214599354276,79.02346855767192,279392.15216488374,-8.648985509754512,50.0
2021-04-09,1,-5.749247904559905,80.91272371753112,249427.23167061817,-8.323589026184889,53.53
2021-04-09,2,-5.808729927108608,82.73295081226108,220157.4119167385,-8.130505487188799,54.1
2021-04-09,3,0.0,82.73295081226108,220157.4119167385,0.0,58.17
2021-04-09,4,0.0,82.73295081225636,220157.41191673768,0.0,63.74
2021-04-09,5,3.617039454010416,81.49407243080032,240078.96292944194,5.533764170195624,69.06
2021-04-09,6,4.73271184757048,79.75522317152435,268040.20169219346,7.767010767430975,85.93
2021-04-09,7,3.686824132308009,78.35198811739068,289449.87700836884,5.947132032270943,70.18
2021-04-09,8,3.325603301353804,77.04575387629441,309015.21918362647,5.434817270904901,64.0
2021-04-09,9,0.0,77.04575387629467,309015.21918362647,0.0,59.93
2021-04-09,10,0.0,77.04575387629436,309015.21918362647,0.0,59.1
2021-04-09,11,0.0,77.04575387629508,309015.21918362647,0.0,58.9
2021-04-09,12,0.0,77.04575387629639,309015.21918362647,0.0,59.8
2021-04-09,13,-5.537422421138912,79.03867072547158,279164.4475117269,-8.29188101997211,54.21
2021-04-09,14,0.0,79.03867072546944,279164.4475117269,0.0,58.12
2021-04-09,15,0.0,79.03867072547183,279164.4475117269,0.0,63.93
2021-04-09,16,3.7009581196208132,77.58855905813334,300884.84808857593,6.033444604680284,70.68
2021-04-09,17,4.325137357722397,75.80553339614598,327591.7786577556,7.418591824772136,83.0
2021-04-09,18,4.5522348204963645,73.78245472560147,356851.91964421765,8.1278169406839,84.9
2021-04-09,19,3.912863854738515,71.94478487538626,381707.6760175472,6.904376770369325,76.51
2021-04-09,20,3.7666357521678018,70.15206903464039,405955.3983050664,6.735478413199772,74.56
2021-04-09,21,3.616160174387064,68.2613937303982,429474.55386569095,6.533098766840155,73.02
2021-04-09,22,2.948772676951051,66.67000453000706,448557.8671795406,5.300920364958245,66.02
2021-04-09,23,0.0,66.67000453002406,448557.8671795406,0.0,61.21
2023-11-17,0,-5.708203944430645,79.0023675794243,279708.2117556205,-8.561191178994315,100.0
2023-11-17,1,-5.867532960157317,80.9311122599929,249131.5381689933,-8.493520440729773,97.51
2023-11-17,2,-6.096813456214391,82.8387419437612,218456.25750609764,-8.520911295248794,92.8
2023-11-17,3,-6.07234828354574,84.67192591112375,188908.2598449962,-8.207777128083734,95.7
2023-11-17,4,-6.193065270343503,86.46464505320097,159744.20191405932,-8.101127203038025,103.2
2023-11-17,5,3.571184735692995,85.3380053147923,178072.44186366687,5.091177763779875,119.46
2023-11-17,6,4.142578438154558,83.97883104550469,200123.26894219292,6.125229744035018,131.03
2023-11-17,7,4.302192545324082,82.50769901750016,223779.5309611974,6.571183894167909,141.92
2023-11-17,8,4.085751587596285,81.08371728922657,246677.6016727524,6.360575197654171,134.75
2023-11-17,9,3.852911756344793,79.71467899004071,268692.16478377563,6.115156419728677,127.89
2023-11-17,10,3.68110001567608,78.31004295691528,290078.1497878491,5.940551390020403,125.18
2023-11-17,11,3.3229177437154247,77.00416994437784,309638.08126320195,5.433314298709121,119.57
2023-11-17,12,0.0,77.00416994852414,309638.08126320195,0.0,112.36
2023-11-17,13,3.557699548973052,75.57492626027621,331045.9122115971,5.946619707887535,123.91
2023-11-17,14,3.4555296309200076,74.12696498825824,352192.17994412675,5.873963259036017,128.95
2023-11-17,15,3.6463552324151607,72.44082582572213,374998.3789088822,6.335055267987627,133.66
2023-11-17,16,4.087466356182729,70.47489991086357,401588.8873084009,7.386252333199636,146.32
2023-11-17,17,4.246781604641943,68.21858644028636,429987.8820503544,7.888609650542634,149.96
2023-11-17,18,3.9715493281537877,65.99664658453838,456632.5107947242,7.40128576232496,141.92
2023-11-17,19,3.369117933711709,64.03706225069638,479044.0791808287,6.225435662806802,128.47
2023-11-17,20,3.0165664837163373,62.088654326983686,499213.88312137115,5.602723316817361,120.41
2023-11-17,21,2.9718490389666465,60.14561233418206,519328.13980270724,5.587293522593342,118.34
2023-11-17,22,-4.968000158660946,63.54962358514712,484090.01557309827,-9.788367841558056,112.47
2023-11-17,23,-5.273046120644054,66.67000453002412,448557.8671795398,-9.870041220432896,110.56
2023-03-25,0,-7.0712418508121155,79.41527950757839,273506.60190068797,-10.283860583142227,-7.29
2023-03-25,1,-7.383438593683181,81.71766871661303,236483.4648718882,-10.284204730222173,-6.0
2023-03-25,2,0.0,81.71766871661305,236483.46487188814,0.0,-0.45
2023-03-25,3,0.0,81.71766871661309,236483.46487188735,0.0,-2.34
2023-03-25,4,-5.777859061048062,83.49956541323918,207830.00988196649,-7.959293052755804,-3.8
2023-03-25,5,-7.942291542586503,85.79343353220423,170663.50947474016,-10.324027890896197,-7.05
2023-03-25,6,-8.263429665805194,88.09149318036977,133278.5431770133,-10.384712860479688,-12.17
2023-03-25,7,-8.61171869621843,90.54420633742045,95506.09939477849,-10.492345495065223,-10.0
2023-03-25,8,4.312381558299676,89.1410861115516,116203.70511095646,5.749334921160546,4.82
2023-03-25,9,-8.781424389469757,91.72383291259719,78183.7033759831,-10.561111593048153,-7.99
2023-03-25,10,0.0,91.72383291259719,78183.7033759831,0.0,-1.32
2023-03-25,11,0.0,91.72383291259719,78183.7033759831,0.0,-2.32
2023-03-25,12,-9.177290847155426,94.46506729342633,39574.40959626185,-10.724803827700347,-12.83
2023-03-25,13,-9.752588657260683,98.3528042158894,2.0834850147366524e-06,-10.992891553938435,-11.59
2023-03-25,14,0.0,98.3528042158894,2.0834850147366524e-06,0.0,-0.72
2023-03-25,15,0.0,98.3528042158894,2.0834850147366524e-06,0.0,0.14
2023-03-25,16,6.00042654986103,95.9465328316094,24494.139203229995,6.80392755587403,28.23
2023-03-25,17,8.393819812143773,92.73349449600968,63357.18271183585,10.795289863501626,65.99
2023-03-25,18,8.02254397136787,89.98646334894765,103696.35648659125,11.205326048543167,88.17
2023-03-25,19,7.674388728588523,87.35931801036755,145189.61087989734,11.525903998140578,88.45
2023-03-25,20,7.330855613471038,84.74485597148359,187721.8294358375,11.814505154427827,87.3
2023-03-25,21,6.989580045507132,82.08292023362944,230610.10648773168,11.913410292192829,84.94
2023-03-25,22,6.647626976125805,79.402310850793,273715.1419491563,11.973620961506839,89.89
2023-03-25,23,6.298212578509045,76.57645886065902,316044.5231730453,11.75816145108027,84.07
2023-12-14,0,-5.877079908265857,79.05955130999267,278851.689073679,-8.799114146200282,75.69
2023-12-14,1,-6.043873637919467,81.03621630014953,247441.43240158912,-8.725071297802742,74.25
2023-12-14,2,-6.045859095650837,82.9253857842195,217062.99751104563,-8.438454136262088,77.03
2023-12-14,3,-6.078040383240038,84.75645698127165,187533.1035425419,-8.202748324584363,76.84
2023-12-14,4,-6.198683408246753,86.54807774651002,158386.91406908195,-8.096163742627766,80.16
2023-12-14,5,0.0,86.5480777465101,158386.91406908195,0.0,86.38
2023-12-14,6,3.957217541327328,85.2950778225802,178770.78877162214,5.662187417372273,106.47
2023-12-14,7,4.161851207798871,83.92685393962947,200959.07702608663,6.163413404017909,111.71
2023-12-14,8,4.294545159867314,82.45738780275335,224588.55110947054,6.563742800939977,112.72
2023-12-14,9,4.078349534715004,81.03501855932006,247460.69244792717,6.353372594015731,109.89
2023-12-14,10,3.8690830534639886,79.65823673774946,269599.773815556,6.149744824341354,107.44
2023-12-14,11,3.707309208418277,78.23705829436128,291171.3456722381,5.9921032935227885,103.9
2023-12-14,12,3.3182448677773024,76.93181383120161,310721.8625248998,5.43069912573938,97.66
2023-12-14,13,3.5526046214490137,75.50331230336987,332118.57707316184,5.9435318189616595,101.32
2023-12-14,14,3.4501684359350904,74.04911449731496,353245.0785301064,5.868472626929048,105.31
2023-12-14,15,3.9340824623665327,72.20492725367716,378189.07033523824,6.92888661253663,116.39
2023-12-14,16,4.3731503176912625,70.06155476848947,407179.6663897394,8.052943348472525,124.74
2023-12-14,17,4.397829572624445,67.63754292546605,436955.5273251177,8.271072482049547,124.72
2023-12-14,18,3.920888471466011,65.44001418713428,463307.4275516082,7.319972285136245,114.22
2023-12-14,19,3.3592370468101413,63.3911242895427,485730.7909575015,6.228712057192581,101.9
2023-12-14,20,3.0017409912576105,61.444495231043625,505882.18046096055,5.597608195405286,96.2
2023-12-14,21,2.1027628365770745,60.080512471709355,520002.0497495366,3.922185913493365,94.46
2023-12-14,22,-5.0643026322634555,63.54962358528809,484090.01557163894,-9.97556504941602,85.57
2023-12-14,23,-5.2730461204132695,66.67000453002412,448557.86717953987,-9.870041220027531,86.09
2023-05-27,0,3.5535136314910076,75.51608928707947,331927.19787762314,5.944082743784211,84.73
2023-05-27,1,3.4511242847093904,74.06300903225247,353057.2285059865,5.86945295232314,83.27
2023-05-27,2,3.0468393889703727,72.67142353111716,371879.3853721004,5.22837690725386,78.7
2023-05-27,3,2.961238570909508,71.30263629304616,390393.17995409947,5.1427207172219624,77.1
2023-05-27,4,3.1588661639562687,69.8200627077405,410446.0136214623,5.570231574267453,82.7
2023-05-27,5,3.2894445072225054,68.0791733269759,431659.6692666665,5.892682123667839,82.99
2023-05-27,6,0.0,68.0791733269759,431659.6692666665,0.0,72.61
2023-05-27,7,-5.888694438938318,70.95765558773854,395059.28271658527,-10.166774041689237,55.06
2023-05-27,8,-6.323648216207096,73.70065243616929,357958.3522151545,-10.305814028175206,16.37
2023-05-27,9,-6.655807076537848,76.25428626342544,320870.16386293824,-10.302274542282305,1.45
2023-05-27,10,-6.980722927740584,78.7269131074737,283834.08813204657,-10.287798814136565,0.0
2023-05-27,11,-7.296349328863827,81.07540308257335,246811.29671049828,-10.284108728207855,4.17
2023-05-27,12,-7.608553517836587,83.37784784723283,209787.26632991296,-10.284452883495923,0.0
2023-05-27,13,-7.925379816826361,85.67241347341864,172632.2707393401,-10.32083210849246,0.0
2023-05-27,14,-8.246418532374499,87.96976176176763,135258.8768839509,-10.381498293163673,2.26
2023-05-27,15,0.0,87.96976176176763,135258.8768839509,0.0,55.08
2023-05-27,16,5.797753408940434,86.09354573520187,165781.26692565775,8.478441678251905,84.85
2023-05-27,17,6.964547910411234,83.55829805876225,206885.57061221512,11.417862135154827,95.4
2023-05-27,18,6.836785376041572,80.88514527182602,249870.70168445195,11.94031418673245,104.13
2023-05-27,19,6.491501088686356,78.13969976718701,292629.62385689595,11.87747838123444,105.11
2023-05-27,20,6.144887443251648,75.33642590053415,334618.27389104496,11.663513898374731,99.16
2023-05-27,21,5.793540117403975,72.42749896040844,375178.633984301,11.266766692571125,94.71
2023-05-27,22,5.237257334148886,69.71230540013,411903.5057738742,10.201353274881427,87.09
2023-05-27,23,5.116894821866792,66.67000453002412,448557.8671795398,10.181767057129349,84.0
2023-05-23,0,0.0,76.94472322725031,310528.5,0.0,69.63
2023-05-23,1,-5.877079908269083,79.05955130999273,278851.6890736782,-8.799114146200495,60.82
2023-05-23,2,-7.338364687442411,81.38525812555932,241828.73091731337,-10.284155043434694,49.38
2023-05-23,3,-6.0820830430044115,83.27350405756712,211465.14703215845,-8.43432885698747,60.21
2023-05-23,4,3.497581038723748,82.08795241996718,230529.18736093666,5.295566757993946,78.57
2023-05-23,5,4.7830632298442115,80.35299330972978,258427.87131308072,7.749634431151122,98.03
2023-05-23,6,4.626819504954147,78.56504204661856,286258.66298566834,7.7307754646076745,101.0
2023-05-23,7,3.9933031227447735,76.97143903816837,310128.3390138186,6.630465563375068,92.01
2023-05-23,8,3.555394814802213,75.54253107255113,331531.14136325446,5.945222874843296,82.45
2023-05-23,9,3.1300313599435903,74.24352861130473,350615.57628156006,5.301231921751565,75.98
2023-05-23,10,3.6549380056871605,72.55492178357633,373455.1521256341,6.3443266233538935,86.03
2023-05-23,11,3.2435355051147674,71.04927566828191,393820.0577270562,5.65691822261725,79.98
2023-05-23,12,-6.279623617730214,73.77380985185803,356968.8475437636,-10.236447273136832,50.38
2023-05-23,13,-6.664475759664793,76.32025540135035,319882.04954477056,-10.301888333053626,29.99
2023-05-23,14,-6.989379430499206,78.79278955215091,282847.36221348704,-10.287413147578746,41.41
2023-05-23,15,-5.867958089527291,80.74252781902754,252164.03483461434,-8.52314649413131,62.45
2023-05-23,16,3.4847399270009483,79.50659381456758,272038.23934623937,5.5206123643402805,77.76
2023-05-23,17,4.294696290359479,77.79880076533694,297735.7567452833,7.138199277512214,96.15
2023-05-23,18,4.35639193196038,76.005697482637,324593.63428197516,7.460521537969953,100.35
2023-05-23,19,4.706366790522864,73.91669352240898,355036.24702549016,8.456281317643061,103.35
2023-05-23,20,4.500923400167088,71.73701187321727,384517.9496487247,8.189361839787367,100.54
2023-05-23,21,4.027326113095739,69.79079324596256,410841.9033461843,7.312209360405447,93.78
2023-05-23,22,3.318515962985753,68.02893090421107,432262.1566374762,5.950070358692187,83.0
2023-05-23,23,2.5229809786030266,66.67000453002412,448558.3164174235,4.526711049985366,76.09
2018-12-10,0,-7.07124098221886,79.41527950758199,273506.60190063005,-10.283860583158312,26.39
2018-12-10,1,-7.383438506616372,81.71766871659516,236483.4648721758,-10.284204730126195,22.8
2018-12-10,2,-7.6956456100080555,84.02013497452353,199459.08887311874,-10.284548888626958,22.3
2018-12-10,3,-8.014620705486934,86.31101994947892,162243.38392168004,-10.337695819844086,21.85
2018-12-10,4,-8.336183981862614,88.61212198733196,124808.9238538399,-10.3984611299556,31.16
2018-12-10,5,-8.695897685983558,91.12933563683322,86913.68408308571,-10.52645549187616,48.1
2018-12-10,6,4.284661360339553,89.76955637190582,106881.57707951071,5.546636943451389,67.87
2018-12-10,7,6.687526186555548,87.58457314277857,141525.1474529794,9.623213992630195,82.99
2018-12-10,8,5.373639791303422,85.85718190818037,169626.44723429543,7.805916605921112,79.84
2018-12-10,9,4.307874830271636,84.4560000059217,192420.9548681797,6.3318076760789666,78.37
2018-12-10,10,4.685933227350286,82.83807053674786,218467.05394040834,7.235027520063511,80.22
2018-12-10,11,4.477051047573194,81.25817431435624,243872.27826275927,7.057006756208587,77.83
2018-12-10,12,3.5654303493404584,80.00450693335603,264031.6410035078,5.599822983541259,65.64
2018-12-10,13,3.4342537840686127,78.72812836113542,283815.88553639146,5.495623481356574,66.43
2018-12-10,14,0.0,78.72812836113539,283815.885536392,0.0,59.72
2018-12-10,15,3.8669173317716954,77.19678725056708,306752.9740896845,6.371413487025691,72.08
2018-12-10,16,4.616943084794907,75.2486816634839,335932.5450744065,8.105436384645003,82.62
2018-12-10,17,5.396109459814249,72.61133776200482,372692.0869780964,10.210983862136075,91.46
2018-12-10,18,4.963181840135883,70.09800789840938,406686.61258229363,9.44292377894368,90.36
2018-12-10,19,4.401635900467216,67.6767294158857,436485.6183461122,8.27750160106072,81.53
2018-12-10,20,3.358149538628636,65.83753798778808,458540.4785011782,6.126350043073884,67.42
2018-12-10,21,3.560228328451322,63.71306846031607,482398.0438399654,6.627101482996451,68.86
2018-12-10,22,-5.028425995701627,66.6700046674489,448557.8655315953,-9.400049530102805,59.2
2018-12-10,23,0.0,66.6700046674489,448557.865531596,0.0,59.5
2019-04-22,0,-1.176836406102666e-12,76.94472322725076,310528.4999999921,-2.2026824808563106e-12,13.0
2019-04-22,1,2.673417043297377e-12,76.94472322724994,310528.50000000565,3.765876499528531e-12,10.01
2019-04-22,2,-1.3530510045711708e-11,76.94472322725763,310528.4999998906,-3.1946001399774104e-11,13.11
2019-04-22,3,-6.216000410147424,79.16757187992542,277233.71019500075,-9.24855272358053,4.85
2019-04-22,4,0.0,79.16757187992542,277233.71019500075,0.0,12.52
2019-04-22,5,-2.078692773466173e-11,79.16757187992545,277233.71019500034,-1.1368683772161603e-13,12.16
2019-04-22,6,3.993745380727045,77.58774829026427,300896.99212085083,6.573133868291805,17.3
2019-04-22,7,3.27667250291529,76.28809569786571,320363.75151149015,5.407433164066475,14.47
2019-04-22,8,1.2782663816324202e-11,76.28809569786571,320363.75151149015,0.0,13.68
2019-04-22,9,-6.985159418373876,78.76067503627046,283328.38734070084,-10.28760115855259,-22.11
2019-04-22,10,-7.300613780553253,81.10685257881097,246305.5789959942,-10.284113429085167,-24.12
2019-04-22,11,-7.6128181122348915,83.40929839592046,209281.53169168407,-10.284457584530593,-28.25
2019-04-22,12,-7.929749630254803,85.70368379352033,172123.56337656392,-10.321657865311153,-31.62
2019-04-22,13,-8.250814031707492,88.00121588982142,134747.17932285654,-10.382328903807611,-31.08
2019-04-22,14,-8.597122018094755,90.44274462983648,96996.02842528492,-10.486430804881,-20.1
2019-04-22,15,3.7268713315407873,89.24454049569634,114591.2292792702,4.887555792773689,7.61
2019-04-22,16,7.584187329734604,86.6728394067629,156357.28421699145,11.601681927144792,16.66
2019-04-22,17,7.239653101469643,84.04327163921995,199087.0440841301,11.86937774087184,27.34
2019-04-22,18,6.898963907478115,81.37256992071525,242032.76121103953,11.929365868585961,29.03
2019-04-22,19,6.555037234645149,78.65355494830888,284932.87841042865,11.916699222052529,25.06
2019-04-22,20,6.207279029887631,75.84102433922598,327060.17994166294,11.702028203120634,18.44
2019-04-22,21,5.777821480335686,73.02378845878948,367113.405892324,11.125896097405857,8.58
2019-04-22,22,5.517923365969923,70.12352667936264,406341.45341123745,10.896679866364849,13.57
2019-04-22,23,5.167212618684564,67.10567413391742,443333.4886614111,10.275565347270458,10.33
2021-03-13,0,5.66656787178454,74.36743626433311,348939.6395314936,10.669760980970448,24.6
2021-03-13,1,4.429850001811553,72.24093089998344,377702.09610478225,7.989571270357946,21.2
2021-03-13,2,2.6687985155149363e-11,72.24093089998345,377702.09610478225,0.0,14.54
2021-03-13,3,2.895060044482307,70.89723466929304,395876.5174492325,5.048450373458408,15.52
2021-03-13,4,3.7075409139675175,69.05748076424133,419928.1912987275,6.681020513748621,19.17
2021-03-13,5,4.551199661125507,66.44081660200135,451306.19866072753,8.716113156111106,22.56
2021-03-13,6,2.3519687188735583,65.16069534106715,466656.9092828582,4.264086283925181,15.23
2021-03-13,7,-5.633687666175107,68.22745408292342,429881.5447679609,-10.215379031915916,-5.0
2021-03-13,8,-5.995563065667677,71.12034232824152,392858.83197368414,-10.284086887299097,-1.0
2021-03-13,9,-6.344380218400808,73.86370460335841,355752.95882345136,-10.307186986175765,0.08
2021-03-13,10,-6.675127709411501,76.40131730334103,318667.8692699578,-10.30141376485932,0.0
2021-03-13,11,-7.00001641318889,78.87373755404391,281634.887983666,-10.286939246192176,-10.1
2021-03-13,12,-7.3148946484453825,81.21217118334735,244612.02296640028,-10.284129171462695,-15.0
2021-03-13,13,-7.627099458032915,83.51462052491927,207587.91898763456,-10.284473327434924,-8.74
2021-03-13,14,-7.944383335319267,85.8084023699844,170419.9955623077,-10.32442317370191,-12.41
2021-03-13,15,-8.265533754163243,88.10655000546215,133033.59788193405,-10.385110466770456,-9.52
2021-03-13,16,5.520084565674304,86.3449459480714,161691.47382874176,7.960521096335469,14.91
2021-03-13,17,7.197123006166605,83.7098733377264,204448.19282168013,11.876866386927333,32.5
2021-03-13,18,6.856218864024938,81.0374866159868,247421.0053264757,11.93689236244321,45.65
2021-03-13,19,6.511358890092609,78.30030179905897,290224.0570689827,11.889736595140832,33.82
2021-03-13,20,6.164387520225827,75.49413479889807,332256.04170979146,11.675551289113542,23.89
2021-03-13,21,5.813576064939268,72.5949861233099,372913.25420661597,11.293670138006817,31.95
2021-03-13,22,5.468730294492861,69.71230540013002,411903.5057738741,10.830625435349475,29.77
2021-03-13,23,5.116894821866792,66.67000453002412,448557.8671795398,10.181767057129363,23.43
2022-11-14,0,-7.0672882468745115,79.41424831255743,273523.18383844965,-10.279254489319545,127.78
2022-11-14,1,-7.383298675225077,81.7166374870763,236500.047364673,-10.284204576049074,121.82
2022-11-14,2,-7.695505773882912,84.01910371049426,199475.67192055425,-10.284548734477433,118.6
2022-11-14,3,-8.014477419254785,86.30999459513423,162260.06444490099,-10.337668743237018,115.73
2022-11-14,4,-8.336039853386014,88.61109060592118,124825.70242584645,-10.398433894181814,133.1
2022-11-14,5,0.0,88.6110906059125,124825.70242598769,0.0,175.07
2022-11-14,6,6.161430948058504,86.62682392582462,157105.8667028393,8.966712299125447,232.67
2022-11-14,7,7.1319833051717385,84.04871829637366,198999.46013726323,11.637109287339982,242.38
2022-11-14,8,5.785730350188096,81.94278601530996,232863.50845248485,9.406680087561554,227.59
2022-11-14,9,4.70883020555705,80.23529211245888,260320.54329830126,7.626954123837891,214.35
2022-11-14,10,4.1262136832288006,78.68183218191008,284509.3297590686,6.719107350213164,205.21
2022-11-14,11,3.675831474855933,77.23538062586405,306174.9076038348,6.018216067990608,183.14
2022-11-14,12,3.662028789587577,75.76419371374033,328210.9823244752,6.12113186684455,188.54
2022-11-14,13,4.081358405578358,74.01050604096602,353767.3677946805,7.098995963945924,207.32
2022-11-14,14,4.221594060497331,72.0006279718017,380952.3594956645,7.551386583606657,212.78
2022-11-14,15,4.3099805232254695,69.89106487140185,409485.6602251552,7.9259168693029665,213.45
2022-11-14,16,4.889550563319567,67.06928320064894,443769.8744186995,9.523392831540079,255.0
2022-11-14,17,4.822625720188464,64.10000319685453,478392.51820869034,9.617401052775236,255.48
2022-11-14,18,4.191466079558417,61.271294159824166,507675.1477617016,8.134063764725369,221.33
2022-11-14,19,3.8657900886066443,58.379978520093125,534676.0388566509,7.500247526374807,203.22
2022-11-14,20,2.9824446697843507,55.8691815301358,555487.2968267679,5.7809049916991455,164.3
2022-11-14,21,-4.6404062986862495,60.0152882981102,520677.24655783304,-9.669458408037457,158.09
2022-11-14,22,-5.056350809260479,63.482447143516495,484785.42214521585,-9.969951225726987,151.92
2022-11-14,23,-5.385958519753176,66.67000453002409,448557.86717954016,-10.063209712687694,140.0
2023-12-11,0,-7.071241850813658,79.41527950757921,273506.60190067464,-10.283860583145927,16.09
2023-12-11,1,-7.383438506615948,81.717668716592,236483.46487222673,-10.28420473012444,13.36
2023-12-11,2,-7.695645610006222,84.02013497451998,199459.0888731762,-10.284548888625139,9.32
2023-12-11,3,-8.01462070548635,86.31101994947535,162243.38392173828,-10.337695819843866,12.42
2023-12-11,4,-8.33618398186248,88.61212198732838,124808.92385389828,-10.398461129955557,35.45
2023-12-11,5,-8.695897704637883,91.1293357664824,86913.68217923398,-10.526456020740085,74.56
2023-12-11,6,4.2846610005082155,89.76955523120449,106881.57492292217,5.546636873246719,94.05
2023-12-11,7,4.039180332813125,88.51798648820584,126340.32555834288,5.405208509839085,99.68
2023-12-11,8,3.8669109973446103,87.34743435712946,145382.93483306558,5.289613687422971,98.67
2023-12-11,9,3.698326053456723,86.20191544456257,164018.30227181313,5.176490955207655,93.47
2023-12-11,10,3.5333459715933953,85.08089423614216,182255.1370756386,5.065787445507077,91.43
2023-12-11,11,0.0,85.0808943945722,182255.1370756386,0.0,84.48
2023-12-11,12,0.0,85.08089439457218,182255.1370756386,0.0,82.92
2023-12-11,13,3.398885780369724,83.97324277647644,200213.13005219706,4.988331382377346,91.99
2023-12-11,14,3.6994792372735987,82.7325296658502,220164.18408245995,5.541959452850804,97.65
2023-12-11,15,4.11882985991955,81.30134203138181,243178.1279008747,6.392762171781875,107.16
2023-12-11,16,4.643094910707289,79.59485492806795,270618.973095923,7.6224569986245285,118.9
2023-12-11,17,5.6491663432351,77.18287604019281,306961.34402703337,10.095103036419545,123.12
2023-12-11,18,4.969849190040661,75.04171502563922,339032.5810104548,8.908676939839296,121.69
2023-12-11,19,4.353239661247256,73.03639909865348,366942.83826173574,7.752849236466929,114.21
2023-12-11,20,3.5660550536184967,71.37334734041428,389436.76410710777,6.248312734825561,99.6
2023-12-11,21,3.4436027855938796,69.74550257750614,411454.4909777473,6.116035241844315,96.55
2023-12-11,22,2.973639485224,68.1753953276542,430505.812883704,5.292033862765749,88.1
2023-12-11,23,2.793927276798034,66.67000422152881,448557.8708788941,5.014460554219468,88.07
2023-10-01,0,3.9301836657069664,75.34144649023732,334543.07332412235,6.670714812256215,88.6
2023-10-01,1,-5.87304331136038,77.51605097951209,301970.9054924391,-9.047824397689801,55.84
2023-10-01,2,-5.870548062971139,79.59368109539923,270637.8486915742,-8.703626889129154,56.95
2023-10-01,3,1.2496670365180762e-11,79.59368109539925,270637.8486915742,0.0,70.73
2023-10-01,4,0.0,79.59368109539925,270637.8486915741,-1.4210854715202004e-14,73.73
2023-10-01,5,4.073345786622271,78.00149572655963,294699.70383168524,6.683848650030868,88.08
2023-10-01,6,3.627925851113835,76.56202241652099,316260.7584855703,5.989181848301413,82.1
2023-10-01,7,-5.548638423200789,78.5769006852285,286081.0391607536,-8.38325536800464,62.73
2023-10-01,8,-7.277401337730695,80.93566535794871,249058.32293289673,-10.284087841071354,40.0
2023-10-01,9,-7.589604892613383,83.23810544631816,212034.36774851716,-10.284431995660995,8.99
2023-10-01,10,-7.905963677982049,85.5334718717384,174892.5806927023,-10.317163071059682,-0.07
2023-10-01,11,-8.226888264838879,87.83000345686251,137532.47301226534,-10.377807689010268,-4.33
2023-10-01,12,-8.569439167186264,90.250320757763,99821.70443637989,-10.475213493301514,-1.67
2023-10-01,13,-8.944244017425591,92.85559435452322,61564.189787195006,-10.627087402551357,1.53
2023-10-01,14,3.8764151402105242,91.67354308755914,78922.1915410996,4.821667153862389,62.73
2023-10-01,15,7.879500286662203,88.92032147326978,119795.11692156154,11.353590383461647,95.16
2023-10-01,16,7.541103031850123,86.3449459480714,161691.47382874196,11.637876918661227,120.06
2023-10-01,17,7.197123006166595,83.70987333772639,204448.19282168028,11.876866386927311,130.0
2023-10-01,18,6.85621886402506,81.0374866159868,247421.00532647592,11.936892362443231,130.0
2023-10-01,19,6.511358890092609,78.30030179905896,290224.05706898286,11.889736595140818,115.16
2023-10-01,20,6.1643875202258265,75.49413479889809,332256.0417097916,11.675551289113542,106.62
2023-10-01,21,5.813576064939099,72.59498612330752,372913.25420660595,11.29367013800399,99.97
2023-10-01,22,5.468730294493799,69.71230540013002,411903.5057738736,10.830625435352118,94.9
2023-10-01,23,5.116894821866812,66.67000453002412,448557.86717953946,10.181767057129406,93.17
2020-07-30,0,-6.252776074688882e-12,76.94472322725233,310528.49999996996,-8.350653502020577e-12,29.74
2020-07-30,1,1.270095140171179e-13,76.9447232272523,310528.49999997014,5.1514348342607263e-14,27.85
2020-07-30,2,0.0,76.94472322725231,310528.49999997014,0.0,26.99
2020-07-30,3,0.0,76.94472322726138,310528.5,8.29913915367797e-12,29.2
2020-07-30,4,3.235502534213234,75.65060837959287,329912.31265158573,5.384392403218257,32.1
2020-07-30,5,3.767644072823962,74.05317955796886,353190.17894757225,6.466073971107363,38.69
2020-07-30,6,3.6409222885601906,72.36860244140593,375975.2501596126,6.3291864477889845,38.13
2020-07-30,7,4.08129493563364,70.40469883230402,402538.40547438536,7.378654254103552,39.97
2020-07-30,8,-5.400064295609828,72.81752385642628,369903.27737232944,-9.065313361682215,25.3
2020-07-30,9,-6.4500056853096766,75.42908943067381,333230.3194053101,-10.186932768616487,16.8
2020-07-30,10,-6.87244019306212,77.90287575896691,296176.87641724275,-10.292623052240927,15.99
2020-07-30,11,-7.192265599402516,80.30780595720452,259154.49804421116,-10.283993992508769,7.33
2020-07-30,12,-7.504466305237149,82.61022503439965,222130.88072596525,-10.284338143957193,9.17
2020-07-30,13,-6.606291482960528,84.59500335002389,190159.6404854196,-8.880900066818242,18.74
2020-07-30,14,-6.187952812234958,86.38872200577033,160979.32240884082,-8.105643910160772,22.42
2020-07-30,15,3.8629598548011472,85.16314191361974,180917.12971360184,5.538279806878066,34.35
2020-07-30,16,6.360760956902524,82.85453373845077,218202.32051906254,10.356997445961305,43.76
2020-07-30,17,6.746555652861279,80.17782410928933,261244.64672432907,11.956201723685147,55.03
2020-07-30,18,6.399301277442053,77.39402421525402,303798.67521559214,11.820563469795289,54.51
2020-07-30,19,5.775212370326612,74.78459143354218,342883.88952958153,10.857003976108174,47.94
2020-07-30,20,5.3142414915888345,72.13605921644903,379120.5581947422,10.065741295877956,44.54
2020-07-30,21,3.231406750096535,70.62989289657102,399492.4999231333,5.658872702330868,32.63
2020-07-30,22,3.9777929247492634,68.57763967098361,425682.25694234524,7.2749325053366505,37.75
2020-07-30,23,3.4908032025022155,66.6700045300241,448557.8671795401,6.354336176998572,33.9
2021-08-14,0,3.313811675171312,75.61843079229934,330394.2824897394,5.518272913816503,71.55
2021-08-14,1,3.139821820083828,74.32410403480067,349525.73792138975,5.314293175458417,69.45
2021-08-14,2,0.0,74.32410403480067,349525.73792138975,0.0,69.06
2021-08-14,3,2.9750645611211546,72.96815286143057,367865.9158458806,5.0944938679141245,69.2
2021-08-14,4,2.979491328930308,71.59450432426883,386445.46286205243,5.160985282269962,69.7
2021-08-14,5,3.1785999020653257,70.10655326397547,406571.0305997827,5.590435482702844,73.51
2021-08-14,6,3.0726237099657165,68.5315599621895,426234.8266846323,5.4621655791248855,75.02
2021-08-14,7,2.966291522127129,66.93332348153521,445400.249890206,5.323728668214912,73.86
2021-08-14,8,-5.373963781897286,69.77201796087208,411095.8520693424,-9.52899939468432,63.26
2021-08-14,9,-5.653965349676122,72.31993560841417,376633.502752788,-9.572874810154005,58.08
2021-08-14,10,-6.438426423391341,74.99390286936286,339748.73219395045,-10.24576959967709,47.01
2021-08-14,11,-6.815334798223244,77.46830067838559,302686.1301826905,-10.295167225349985,-20.0
2021-08-14,12,-7.137374646704231,79.90299592860109,265663.96964031074,-10.283933483994389,10.12
2021-08-14,13,-7.449573515626651,82.20540145892997,228640.5701600061,-10.284277633417958,9.89
2021-08-14,14,-6.240466573719408,84.11040226820816,198007.5626193511,-8.509168761293047,50.37
2021-08-14,15,0.0,84.11040226820816,198007.5626193511,0.0,60.94
2021-08-14,16,4.321549760141448,82.63505334447781,221731.6337512963,6.590019758873666,80.72
2021-08-14,17,5.691621937266191,80.4914902554427,256200.79720281353,9.574767625421451,97.88
2021-08-14,18,6.251647004886198,77.84384223758923,297061.10606704536,11.350085795619947,102.53
2021-08-14,19,6.108964830484566,75.04589803783104,338969.9260422406,11.641338881998678,104.19
2021-08-14,20,5.403953791863323,72.3731626099535,375913.5707244154,10.262123522826343,96.09
2021-08-14,21,4.081682861340727,70.40911049196937,402478.4204772976,7.3791249313561735,78.67
2021-08-14,22,3.693288174248277,68.50768110164802,426521.1725874346,6.6785422528158165,73.7
2021-08-14,23,3.374558771869154,66.67000453002403,448557.8671795393,6.121304053362422,69.88
2023-05-25,0,3.5535136314916143,75.51608928707965,331927.19787762477,5.944082743784662,81.74
2023-05-25,1,3.126620579935798,74.21545791394995,350995.2518879261,5.296681669528127,74.78
2023-05-25,2,3.254700360708167,72.72820290116874,371111.4051013963,5.5878203370750725,78.3
2023-05-25,3,3.2552513623758172,71.21936419615695,391519.49268798454,5.668913218496726,81.78
2023-05-25,4,3.93954843474841,69.27754257970048,417289.2552606473,7.158267381295204,91.23
2023-05-25,5,4.822387327043086,66.45521801486763,451133.5025824681,9.401179811616899,112.68
2023-05-25,6,4.32607193304288,63.83549367255442,481130.7052445168,8.332556295013518,104.0
2023-05-25,7,3.4851798749953793,61.556889839100066,504718.67808995437,6.552214679288227,83.35
2023-05-25,8,-5.194497849793152,64.99186923709225,468681.4055135428,-10.010353493447667,70.85
2023-05-25,9,-5.612697181577404,68.056538010332,431931.1030802004,-10.208417342595112,55.86
2023-05-25,10,-5.9762527277459645,70.96847120562299,394912.9940003987,-10.282808077722677,42.15
2023-05-25,11,-6.32502650563016,73.71149234807672,357811.73490549566,-10.305905304139742,23.35
2023-05-25,12,-6.657091536366819,76.26406107076356,320723.75256529293,-10.302217316722988,21.73
2023-05-25,13,-6.982005582771858,78.73667418022791,283687.8825569477,-10.28774166898478,21.37
2023-05-25,14,-7.297582244893358,81.08449559688754,246665.08624266362,-10.284110087301144,36.95
2023-05-25,15,0.0,81.08449559688763,246665.0862426635,0.0,68.93
2023-05-25,16,3.507469856976351,79.84805572906912,266547.4251949486,5.522871931190309,79.18
2023-05-25,17,4.0251582431790585,78.30321703763644,290180.39136301924,6.564712824464067,89.88
2023-05-25,18,5.33871551888561,76.00007023829257,324677.9215848481,9.58264728384134,105.82
2023-05-25,19,4.405368693613079,74.09108820097828,352677.43831846555,7.777643537115964,100.0
2023-05-25,20,4.516841929996652,71.90590184686515,382233.5958849637,8.210043768471706,100.45
2023-05-25,21,3.7635417504329665,70.1141371820688,406468.4528595746,6.731904715169691,90.94
2023-05-25,22,3.684674159051119,68.17539532765362,430505.812883711,6.6770444511490155,88.11
2023-05-25,23,2.7939267268669834,66.67000453002412,448557.8671795399,5.0144595266191345,76.4
2021-06-08,0,0.0,76.944723227248,310528.5,0.0,63.48
2021-06-08,1,-5.554004070924427,78.94741096887415,280531.3756693941,-8.332534536279425,61.97
2021-06-08,2,-5.746986926652759,80.84352127736668,250540.02850569712,-8.330929767693604,62.36
2021-06-08,3,0.0,80.84352127736666,250540.02850569712,0.0,66.42
2021-06-08,4,3.5382856186434353,79.58968423401576,270702.1194699922,5.600580823415299,80.07
2021-06-08,5,4.073016456523137,77.99725762834457,294763.18390221265,6.6836290089501205,90.03
2021-06-08,6,4.385894568903736,76.19464161375245,321763.54725701915,7.5001009318906995,93.85
2021-06-08,7,3.8113724330871643,74.63020107030077,345196.4152545582,6.5091299993164,85.32
2021-06-08,8,3.384794490926466,73.10004603908881,366081.9693492921,5.801542804092762,80.02
2021-06-08,9,3.280393330231798,71.58435637076585,386582.7209554492,5.694653223932519,77.44
2021-06-08,10,2.931033771444731,70.21616763197704,405088.4204205148,5.14047207362934,72.6
2021-06-08,11,-5.319686399389315,72.60104614675642,372831.288196023,-8.960314506803286,65.78
2021-06-08,12,-5.495253390457384,74.91807932774681,340884.4500384104,-8.874121710447952,65.06
2021-06-08,13,0.0,74.9180793277468,340884.4500384104,0.0,68.03
2021-06-08,14,3.049482051761378,73.5806083270467,359582.03186032537,5.193772728309725,74.47
2021-06-08,15,3.3128840718216237,72.05606461714952,380202.5405057316,5.72791906816839,79.33
2021-06-08,16,3.4938718239773494,70.41376665162204,402415.756943269,6.170337899315953,83.79
2021-06-08,17,3.693423854169303,68.51289965601326,426458.59373621835,6.678565775819266,88.67
2021-06-08,18,3.906083894456203,66.33981810340342,452517.3329278945,7.238538664354479,92.0
2021-06-08,19,3.599758390310616,64.27364117792614,476595.02804286045,6.6882486430461086,87.24
2021-06-08,20,3.5002481649714845,61.98980846510101,500237.1299831839,6.567250538978726,83.96
2021-06-08,21,2.9695795423313776,60.047037669582245,520348.5684367218,5.5865106815383,77.66
2021-06-08,22,-5.0602216661898884,63.515147870761005,484446.90614039527,-9.972683971201803,68.48
2021-06-08,23,-5.329502320083236,66.67000453002412,448557.86717953987,-9.969177489126508,66.04
2021-05-02,0,3.0181823113044093,75.73526157111162,328644.34048688255,5.0321779130229345,50.57
2021-05-02,1,0.0,75.73526157111162,328644.34048688255,0.0,49.13
2021-05-02,2,0.0,75.73526157111162,328644.3404868826,0.0,49.43
2021-05-02,3,0.0,75.73526157111162,328644.3404868826,0.0,49.28
2021-05-02,4,0.0,75.73526157111164,328644.3404868826,0.0,48.44
2021-05-02,5,0.0,75.73526157111162,328644.3404868826,0.0,49.48
2021-05-02,6,3.1548920612771436,74.44813202214227,347848.1735664668,5.3343980776622715,50.76
2021-05-02,7,0.0,74.44813202214227,347848.1735664668,0.0,48.08
2021-05-02,8,0.0,74.44813202214227,347848.1735664668,0.0,46.18
2021-05-02,9,0.0,74.44813202214227,347848.1735664668,0.0,46.13
2021-05-02,10,0.0,74.44813202214227,347848.1735664667,0.0,43.91
2021-05-02,11,-6.744378598830998,76.928320241237,310774.1910284152,-10.298328482792087,16.93
2021-05-02,12,-7.069169998168945,79.4,273752.3011510959,-10.283858299255371,3.0
2021-05-02,13,-7.3813665846386805,81.70238869768802,236729.17234490922,-10.28420244616295,0.01
2021-05-02,14,-7.693573618693922,84.00485444427416,199704.8045683953,-10.284546604587206,2.62
2021-05-02,15,-6.148956482946978,85.80960329314931,170400.45887531107,-8.140096025856728,35.77
2021-05-02,16,3.846092078780988,84.57421439001021,190497.8364805055,5.582604890331787,50.52
2021-05-02,17,6.056087859141006,82.37145509890921,225970.37580582922,9.85348314592325,62.76
2021-05-02,18,6.684620072068068,79.69230397839505,269051.96195400576,11.967107263382374,73.22
2021-05-02,19,6.336013386745476,76.88217682434353,311465.34711072594,11.781495876866714,78.55
2021-05-02,20,5.989918284605498,74.06908950771988,352974.98586766125,11.530455210259817,79.54
2021-05-02,21,5.462567291125329,71.25860434552784,390988.7425139523,10.559376846191952,70.17
2021-05-02,22,4.631333053900959,68.84469816334212,422479.79655012744,8.747515010048659,61.57
2021-05-02,23,3.91666524458366,66.67000453002412,448557.8671795398,7.243908508170094,54.2
2023-05-01,0,3.6221343140414266,75.48524910346887,332389.13550420414,6.07239875116782,95.49
2023-05-01,1,3.448815290031273,74.02948566558248,353510.65523803275,5.867088814952386,90.88
2023-05-01,2,3.231989957476431,72.55056818584661,373514.0375475811,5.556495085985645,87.61
2023-05-01,3,3.243241150315899,71.04500228270513,393877.85822412214,5.656616854594731,88.0
2023-05-01,4,3.1394419288610007,69.56425964552122,413851.09829719627,5.548122242520591,87.44
2023-05-01,5,3.300806295476275,67.78516898422414,435185.25369758066,5.926154277884564,91.89
2023-05-01,6,3.1752508546982714,66.05698095840565,455909.004715989,5.756597505113419,90.49
2023-05-01,7,3.0678578114447634,64.31735315057598,476142.5242730019,5.620422099170241,88.5
2023-05-01,8,0.0,64.31735315059106,476142.5242731826,0.0,81.29
2023-05-01,9,-5.453731729586602,67.38981880759086,439926.1375037582,-10.060107435951238,67.5
2023-05-01,10,-5.900925855875637,70.37604363426361,402925.9868569924,-10.27781962410161,54.45
2023-05-01,11,-6.249530434646968,73.117734066891,365842.7265333292,-10.30090564546201,34.69
2023-05-01,12,-6.586734999776631,75.7286440993352,328743.4598450849,-10.305351857845636,30.0
2023-05-01,13,-6.911747904169382,78.2020095232998,291696.32134433737,-10.290871805763203,41.12
2023-05-01,14,-7.230049029816101,80.58645135842978,254673.79303058068,-10.28403564271018,51.8
2023-05-01,15,-7.542251000063714,82.88887976043439,217650.025766588,-10.284379795553527,49.33
2023-05-01,16,3.6274037464868236,81.64977071765196,237575.28588531655,5.5347944774246045,89.42
2023-05-01,17,4.558992426205428,79.99771475126258,264140.86141122435,7.379326534974382,109.55
2023-05-01,18,5.911096956947825,77.4871800445095,302403.34686049074,10.628468180351774,123.35
2023-05-01,19,5.455116561492174,75.07834013423063,338483.9942719198,10.022402058730293,121.72
2023-05-01,20,5.0896306146091135,72.62080798490449,372563.9956598539,9.466667052203917,117.9
2023-05-01,21,4.6596855061122655,70.30811996206873,403844.7015259309,8.689084962799171,111.04
2023-05-01,22,3.8969156143291674,68.2613937304162,429474.5538654757,7.119403427651335,98.48
2023-05-01,23,2.948772662713921,66.67000453002412,448557.86717953824,5.300920365017362,85.6
2018-11-14,0,0.0,76.94472322725031,310528.5,0.0,58.12
2018-11-14,1,0.0,76.94472322725134,310528.4999999845,0.0,60.84
2018-11-14,2,-5.877079908268934,79.05955130999365,278851.6890736642,-8.799114146200097,51.78
2018-11-14,3,-6.267452016307988,81.10082481762893,246402.50727699162,-9.013661610186816,47.8
2018-11-14,4,-6.045921443373006,82.98787226044703,216058.20090645924,-8.428973991814551,53.29
2018-11-14,5,0.0,82.98787192249227,216058.20090645924,0.0,60.55
2018-11-14,6,3.6339835620642207,81.74861644337652,235985.8157671242,5.535448572406928,71.57
2018-11-14,7,3.9740713460006027,80.34896356498932,258492.67086614127,6.251904194171416,76.55
2018-11-14,8,3.4579301627029935,79.09474003431896,278324.61712096643,5.50887395967365,70.92
2018-11-14,9,3.373158326651062,77.78210919884646,297985.77025706635,5.461431426694418,68.16
2018-11-14,10,3.171137045536955,76.52673956342417,316789.24033976573,5.223186134083164,66.03
2018-11-14,11,0.0,76.52673956342463,316789.24033976573,0.0,64.2
2018-11-14,12,0.0,76.5267395634242,316789.24033976573,0.0,64.18
2018-11-14,13,0.0,76.5267395634242,316789.24033976573,0.0,65.9
2018-11-14,14,3.2588484834324856,75.21563535690943,336427.5269663284,5.45507961848962,70.1
2018-11-14,15,3.428628165162113,73.73641476173889,357474.6420146258,5.846420846749282,73.98
2018-11-14,16,4.198173217386693,71.73421144191835,384555.8274199131,7.522551501468698,83.47
2018-11-14,17,3.7498806893023953,69.94664675529073,408733.8767834497,6.716124823204623,80.13
2018-11-14,18,3.598504785476529,68.03725055935183,432162.3906055848,6.507920506148622,75.72
2018-11-14,19,2.9342381567674205,66.45154219886734,451177.58152205095,5.281997476796164,68.88
2018-11-14,20,0.0,66.4515421988674,451177.58152205095,0.0,63.0
2018-11-14,21,2.460734964672764,65.11213113134549,467239.27218298364,4.461580739147976,65.9
2018-11-14,22,2.445577868856077,63.62349036469604,483325.3510164085,4.468355231506877,65.74
2018-11-14,23,-5.160133719668946,66.67000453002412,448557.8671795398,-9.657634399130174,62.76
2023-12-05,0,-5.887710229002082,79.06308471491582,278798.7642044711,-8.813815498758034,88.01
2023-12-05,1,-6.156654895709564,81.07254636205886,246857.2336679187,-8.872647371264547,85.73
2023-12-05,2,-6.31739309400168,83.03721049016585,215264.8213403045,-8.775670091003953,83.62
2023-12-05,3,-6.2784457106505345,84.91872189782276,184893.3685637708,-8.436514660148248,84.71
2023-12-05,4,-6.305522055642536,86.73484676804811,155348.5449034963,-8.206895461187365,91.02
2023-12-05,5,0.0,86.73484676804823,155348.5449034963,0.0,107.97
2023-12-05,6,3.6100997164949153,85.60242854243941,173770.78961477338,5.1172901975769705,113.96
2023-12-05,7,3.85291357197849,84.35849514947871,194007.1694708299,5.6212166266823616,122.58
2023-12-05,8,4.002811105174469,83.01637010146624,215599.94129462383,5.997992173276096,122.88
2023-12-05,9,3.813414588388922,81.71216211495603,236572.01274507595,5.825575402903361,120.55
2023-12-05,10,3.629462944585834,80.44544452317083,256941.2269480568,5.658115056383579,119.3
2023-12-05,11,3.4645618239190017,79.19742653318858,276786.5342688082,5.512585366875385,116.75
2023-12-05,12,3.610039089918399,77.78927785516085,297878.3950181425,5.858850208148411,116.83
2023-12-05,13,3.6129826132246707,76.3519812747451,319406.8456730299,5.980125181913166,119.95
2023-12-05,14,3.540776917176592,74.91639321429194,340909.7053759701,5.973016584150059,122.09
2023-12-05,15,3.7077759958680385,73.25731812076533,363954.75561390806,6.401402843871651,128.87
2023-12-05,16,4.529763032566281,71.04304156458709,393904.3782934659,8.319339633210504,146.31
2023-12-05,17,4.54678194971307,68.65909113920448,424705.52297458507,8.555873522533119,147.47
2023-12-05,18,4.262531650078644,66.24463853892314,453658.6888260153,8.04254606984172,141.56
2023-12-05,19,3.8247781621235997,63.993410836494135,479495.9560528632,7.177018674124426,128.63
2023-12-05,20,3.2541206160951117,61.88088689595348,501364.67961647967,6.074645434337896,117.83
2023-12-05,21,2.8058495893749327,60.04703868318124,520348.5684392895,5.273302450780534,111.55
2023-12-05,22,-5.060221666159643,63.515147870505515,484446.90614304005,-9.97268397118043,103.28
2023-12-05,23,-5.329502320461167,66.67000453002412,448557.8671795398,-9.969177489861167,94.97
2021-05-09,0,2.9150698794208965,75.7738218835128,328066.7674277959,4.871740952165524,2.0
2021-05-09,1,-1.0460965427228075e-11,75.7738218835128,328066.7674277959,0.0,1.61
2021-05-09,2,-1.4837908679510292e-11,75.77382188351281,328066.7674277959,0.0,0.09
2021-05-09,3,-1.8789964009884117e-12,75.77382188351345,328066.767427786,-2.7426949600339867e-12,0.1
2021-05-09,4,-6.3536819312765385,78.08412998225863,293461.97216206393,-9.61244312936725,0.09
2021-05-09,5,-1.6981971384666394e-12,78.08412998225906,293461.97216205753,-1.7763568394002505e-12,0.08
2021-05-09,6,0.0,78.08412998225906,293461.97216205753,0.0,0.32
2021-05-09,7,-5.436036605866123,79.95802896905066,264779.02117474284,-7.967486385365191,0.0
2021-05-09,8,-7.4001608138311665,82.24510797702058,228002.0769571903,-10.215817838209048,-4.91
2021-05-09,9,-7.7679942670561015,84.54616481285377,190954.14861213113,-10.291091206960871,-21.56
2021-05-09,10,-8.088107865256479,86.83689297517907,153688.4513469849,-10.35158257365174,-63.24
2021-05-09,11,-8.410103101532156,89.14108611167177,116203.70510900162,-10.412429510550908,-65.5
2021-05-09,12,-8.781424389489187,91.72383291273223,78183.7033739999,-10.56111159305603,-66.18
2021-05-09,13,-9.177290847184976,94.465067293626,39574.40959422909,-10.724803827714116,-54.05
2021-05-09,14,-9.752588657290973,98.3528042160941,-9.276845958083868e-11,-10.992891553952552,-22.6
2021-05-09,15,-1.1308287639621994e-11,98.3528042160941,-9.276845958083868e-11,0.0,-0.66
2021-05-09,16,8.651065513737342,94.62254133404255,37971.43534463752,10.547620929066003,40.51
2021-05-09,17,8.265065242132321,91.7808528875256,77346.38535731804,10.937486114633478,63.56
2021-05-09,18,7.892546783377181,89.0196119605641,118179.85357356849,11.34263006006957,67.92
2021-05-09,19,7.554476204376233,86.44672260473223,160035.76533475294,11.626642155884568,60.53
2021-05-09,20,7.210324156700931,83.81335867286491,202784.11633614506,11.874541944831144,54.77
2021-05-09,21,6.869486733499501,81.14149496856028,245748.51855735888,11.934556172559404,50.3
2021-05-09,22,6.524916452035985,78.40994998975188,288581.6989816583,11.89810567341651,45.06
2021-05-09,23,6.17770085215362,75.60180775396731,330643.26955708594,11.683769604285445,42.11
2023-11-09,0,-5.5540040708605245,78.94741096884903,280531.3756697705,-8.332534536174862,82.51
2023-11-09,1,-5.867644443724783,80.88166069383696,249926.7347860105,-8.501289134377785,78.78
2023-11-09,2,-6.045701628108528,82.77590730423273,219466.65811963897,-8.461132407325422,79.34
2023-11-09,3,-6.068220338264978,84.61062346546107,189905.53155066958,-8.211424046935946,80.8
2023-11-09,4,0.0,84.61062346546107,189905.5315506709,0.0,85.47
2023-11-09,5,4.038787221155161,83.264109911875,211616.20782668295,6.030743410003353,109.61
2023-11-09,6,4.534576652534456,81.67262787918294,237207.73559445894,7.10875771327111,120.06
2023-11-09,7,4.8157387035638,79.9037957361923,265651.1079885641,7.900936776140327,128.92
2023-11-09,8,4.220637710325974,78.27154406453258,290654.82898827817,6.94547805547613,116.62
2023-11-09,9,3.488286031043959,76.89703740009911,311242.75897114776,5.718869439685989,100.08
2023-11-09,10,3.232449427712884,75.60333322372217,330620.42041043716,5.3826837331359485,95.0
2023-11-09,11,0.0,75.60333322372222,330620.4204104368,0.0,90.16
2023-11-09,12,3.137874353823693,74.30807640010266,349742.5227716431,5.311695100335086,92.32
2023-11-09,13,3.3620699000561323,72.77012957321526,370544.3178491286,5.778276410412644,100.61
2023-11-09,14,4.0973176539795295,70.80549357452654,397117.37923986645,7.38140594187162,115.36
2023-11-09,15,3.622491623619088,69.00477332214899,420560.2382116898,6.51190526995093,106.95
2023-11-09,16,4.546039632807818,66.39083823012454,451905.5196371526,8.707022618184112,132.01
2023-11-09,17,4.322259262807429,63.762871616350346,481882.48449838534,8.32693468367576,128.66
2023-11-09,18,3.875483161479593,61.188891795637666,508528.1721884582,7.401579913909131,112.17
2023-11-09,19,3.6445978658700238,58.49313285794084,533738.1358223519,7.002767676081589,105.39
2023-11-09,20,3.1665594308885585,55.828182244864905,555827.1278468887,6.135831117926898,94.7
2023-11-09,21,-4.64238908559242,59.9853276004813,520987.3979372555,-9.677702752675913,84.04
2023-11-09,22,-5.052698142596824,63.451589672289685,485104.8568721702,-9.967372518079259,74.36
2023-11-09,23,-5.442414719423175,66.67000453002412,448557.8671795397,-10.151941581286238,64.19
2021-06-12,0,3.8689419742296107,75.37105461055937,334099.5900750684,6.54752502085233,65.98
2021-06-12,1,3.44026499117465,73.90535592933345,355189.595817334,5.858334928407107,61.96
2021-06-12,2,3.3348408584434215,72.37482895766973,375891.0322184579,5.7503990003122,60.17
2021-06-12,3,3.231359384715997,70.872500934358,396211.05832972634,5.644451697574567,59.08
2021-06-12,4,3.1174320937055118,69.37989564403841,416061.91888292367,5.514127931443696,59.12
2021-06-12,5,3.551936932398671,67.44608866856909,439251.37146480125,6.4415146060771065,64.64
2021-06-12,6,3.655577907164119,65.41853402711442,463565.009181262,6.753788254572427,66.76
2021-06-12,7,3.3596976921744925,63.365592868082274,485995.0907305782,6.230578208143385,62.04
2021-06-12,8,-5.267368259413413,66.51587372557073,450406.1431587961,-9.885818769939462,49.24
2021-06-12,9,-5.8021796845163,69.59940878475422,413429.6036455185,-10.271260975910451,32.3
2021-06-12,10,-6.150568434700237,72.339421947786,376369.9365284321,-10.294351976968429,20.14
2021-06-12,11,-6.494510020657749,75.02680712149144,339255.87805518846,-10.309460687012134,2.95
2021-06-12,12,-6.819652510391942,77.50115869674073,302193.96855338843,-10.294974861611124,-10.35
2021-06-12,13,-7.141524925935512,79.93360342531466,265171.79154093127,-10.283938059015867,-13.91
2021-06-12,14,-7.453723933745918,82.23600997991605,228148.3755900019,-10.284282208591499,-7.57
2021-06-12,15,-7.766730136164512,84.53711880265813,191101.3063431975,-10.29085256855678,8.44
2021-06-12,16,0.0,84.5371190044134,191101.3063431975,0.0,40.67
2021-06-12,17,6.036897100364284,82.34102692619027,226459.6703194104,9.82176777117025,67.24
2021-06-12,18,5.485010427913792,80.28252174972565,259561.07599125576,9.194834908845941,71.07
2021-06-12,19,6.4129486885451925,77.50439907034536,302145.4328341991,11.8289880119287,101.11
2021-06-12,20,6.067753588744906,74.71256808363137,343962.6864568701,11.615903784075286,107.69
2021-06-12,21,5.714283532114437,71.76496692925856,384139.92417905893,11.160343811719116,114.84
2021-06-12,22,5.3680591061502865,68.84469816334195,422479.7965501295,10.649964547519588,82.18
2021-06-12,23,3.916664408243074,66.67000453002412,448557.8671795398,7.24390850816954,48.08
2023-07-15,0,4.528515107546712,75.03592925063985,339119.2428541348,7.941873015037451,29.15
2023-07-15,1,0.0,75.03592925063985,339119.2428541346,0.0,19.95
2023-07-15,2,-6.377803667462601,77.38237044467921,303973.2304383488,-9.76278122660716,10.0
2023-07-15,3,-5.700453884308176,79.41953954828567,273438.0991166082,-8.481980922705716,13.69
2023-07-15,4,0.0,79.41953954828568,273438.0991166082,0.0,19.74
2023-07-15,5,0.0,79.41953954828567,273438.0991166082,0.0,22.6
2023-07-15,6,4.672415444038549,77.51092532858983,302047.67971178057,7.947105720881211,29.95
2023-07-15,7,0.0,77.51092532858983,302047.67971178057,0.0,17.41
2023-07-15,8,-7.142758544131083,79.94270111796683,265025.49780380545,-10.283939418881971,4.6
2023-07-15,9,-7.454957593223857,82.24510797702057,228002.0769571904,-10.284283568504186,0.0
2023-07-15,10,-7.767994267056095,84.54616481285377,190954.14861213125,-10.291091206960878,-0.02
2023-07-15,11,-8.088107865256484,86.83689297517908,153688.45134698495,-10.351582573651747,-0.18
2023-07-15,12,-8.410103101532162,89.14108611167177,116203.70510900166,-10.412429510550915,-1.01
2023-07-15,13,-8.781424389489189,91.72383291273228,78183.70337399998,-10.561111593056026,-0.1
2023-07-15,14,-9.17729084718498,94.465067293626,39574.409594229175,-10.72480382771411,-0.01
2023-07-15,15,-9.752588657290971,98.3528042160941,0.0,-10.992891553952548,1.06
2023-07-15,16,8.651065513737338,94.62254133404255,37971.4353446373,10.547620929065916,42.0
2023-07-15,17,8.265065242132218,91.78085288752561,77346.38535731737,10.937486114633353,69.08
2023-07-15,18,7.8925467833798635,89.01961196056413,118179.85357356831,11.342630060069705,88.65
2023-07-15,19,7.5544762043762,86.44672260473223,160035.76533475262,11.626642155884532,84.03
2023-07-15,20,7.210324156701004,83.81335867286492,202784.11633614515,11.874541944831257,83.03
2023-07-15,21,6.8694867334994605,81.14149496856028,245748.51855735862,11.93455617255929,71.82
2023-07-15,22,6.524916452036008,78.40994998975188,288581.69898165815,11.898105673416538,57.1
2023-07-15,23,6.177700852153616,75.60180775396731,330643.26955708605,11.68376960428553,19.68
2023-11-03,0,-7.071241850812117,79.41527950757838,273506.60190068797,-10.283860583142227,11.47
2023-11-03,1,-7.383438506615884,81.71766871659155,236483.46487223372,-10.284204730126193,10.0
2023-11-03,2,-7.695645610007569,84.02013497451992,199459.08887317652,-10.284548888627,5.73
2023-11-03,3,-8.014620705486436,86.31101994947534,162243.38392173813,-10.337695819843994,9.73
2023-11-03,4,-8.33618398186211,88.61212198732836,124808.92385389848,-10.398461129955457,23.6
2023-11-03,5,0.0,88.61212198732836,124808.92385389851,0.0,61.74
2023-11-03,6,7.499592460089772,86.0290293470105,166830.82323291505,11.672749827504596,90.49
2023-11-03,7,6.989468597522368,83.47557680004265,208215.75426871976,11.495814176612413,95.13
2023-11-03,8,6.598590594056457,80.92148659020756,249286.32194319574,11.408491020687777,89.59
2023-11-03,9,5.631127358648058,78.66361995081243,284782.120443916,9.859944027977846,82.9
2023-11-03,10,4.173064145452141,76.98565412963099,309915.4192175304,6.981471881559557,72.77
2023-11-03,11,3.3191940161870903,75.65787439278552,329803.47915917524,5.524461094901341,62.13
2023-11-03,12,3.3361406985606035,74.27632545035092,350171.9763383755,5.657915883111187,61.14
2023-11-03,13,3.3939941326704837,72.72162953389645,371200.31444245845,5.841205028911929,65.09
2023-11-03,14,3.828450875439433,70.90991012614441,395705.07312402804,6.806877411547106,69.73
2023-11-03,15,4.748974323539574,68.35623139710592,428337.29787117225,9.064506874206728,82.45
2023-11-03,16,4.968224482613586,65.38276319774354,463993.95889655774,9.904628062607074,90.38
2023-11-03,17,4.621639978103094,62.29320489624049,497096.3879320446,9.195119176524145,95.61
2023-11-03,18,4.283054846623153,59.22678855396422,527657.0794835584,8.489080986531604,89.84
2023-11-03,19,3.880833901607648,55.9030146698369,555206.8638801691,7.652717887947432,69.96
2023-11-03,20,0.0,55.903014669836914,555206.8638801691,0.0,53.76
2023-11-03,21,-4.64969396206272,60.04703868342927,520348.56843672186,-9.682859845402021,45.53
2023-11-03,22,-5.0602216661898884,63.515147870761005,484446.90614039527,-9.972683971201832,23.94
2023-11-03,23,-5.329502320083236,66.67000453002412,448557.8671795398,-9.969177489126523,45.72
2019-08-10,0,-5.338175028568187,78.86380270413585,281783.69646823587,-7.984667647712258,5.31
2019-08-10,1,-1.0432543717797671e-11,78.8638027041398,281783.6964681768,-1.6412649017638614e-11,8.59
2019-08-10,2,3.2435603857803996,77.59788368811519,300745.1797423383,5.267078687267087,11.48
2019-08-10,3,1.2525092074611166e-11,77.5978836881105,300745.1797424084,1.9468870959826745e-11,9.99
2019-08-10,4,0.0,77.5978836881105,300745.1797424084,0.0,9.88
2019-08-10,5,1.6569856597925536e-11,77.59788368810521,300745.1797424877,2.2012613953847904e-11,7.35
2019-08-10,6,3.4851529238757184,76.21137351188911,321512.92964037287,5.768819416079225,12.35
2019-08-10,7,4.435881008031632,74.31222830709211,349686.36535653274,7.825954365599969,15.41
2019-08-10,8,3.6599964784560757,72.62216709897011,372545.61270184815,6.349790929254269,13.47
2019-08-10,9,-5.192455722616975,74.81574642840106,342417.2365237847,-8.368993382795395,5.0
2019-08-10,10,-6.791957022325099,77.2903945650768,305350.88499652455,-10.29620875757226,-0.1
2019-08-10,11,-7.114903417941614,79.73727501630268,268328.8136295399,-10.28390871305129,-17.29
2019-08-10,12,-7.427101534869491,82.03967500082007,231305.50332761474,-10.284252861645882,-28.17
2019-08-10,13,-7.739450924713791,84.34190907827075,194276.9926295175,-10.28569741613812,-20.1
2019-08-10,14,-8.059396744225443,86.63143661878723,157030.82714888954,-10.346157077952213,-5.01
2019-08-10,15,-6.323299056944951,88.39869433972234,128280.97707894139,-7.986069463874493,0.33
2019-08-10,16,5.87593587128574,86.51756032423063,158883.3732468585,8.500665602199206,11.77
2019-08-10,17,7.219512308771243,83.88538565216693,201625.90003022898,11.872924106491794,18.47
2019-08-10,18,6.878721322716894,81.21388597399135,244584.44859767958,11.932930157625172,19.48
2019-08-10,19,6.534352670531813,78.48626638715228,287438.59892981127,11.903930647814349,26.38
2019-08-10,20,6.1869670837595026,75.67674936473544,329520.76165481814,11.689489645835252,31.83
2019-08-10,21,5.836776124658507,72.78892315447222,370290.12165765825,11.32482222301114,30.32
2019-08-10,22,5.490979143080281,69.89829094042787,409387.9226412106,10.860500273208984,25.77
2019-08-10,23,5.139652356800815,66.86704746229321,446195.0058431133,10.224189778306297,19.7
2019-05-26,0,3.9273315193389378,75.34285930463425,334521.91157821484,6.66483654950413,28.54
2019-05-26,1,0.0,75.34285930463824,334521.91157815495,0.0,19.05
2019-05-26,2,3.1042752900740425,74.03155632321906,353482.6481606237,5.266871272907977,22.53
2019-05-26,3,-5.60625743181737,76.20468893164197,321613.05417831405,-8.852664995086002,15.21
2019-05-26,4,-5.7575448098785635,78.30737677099641,290118.08507523034,-8.748602528634365,14.63
2019-05-26,5,0.0,78.30737677099641,290118.08507523034,0.0,18.65
2019-05-26,6,3.3227470398344625,77.00152672370746,309677.6726291483,5.433218764977212,24.58
2019-05-26,7,0.0,77.00152672370744,309677.6726292507,0.0,19.58
2019-05-26,8,0.0,77.00152672370744,309677.67262924986,0.0,18.69
2019-05-26,9,3.0095526336978993,75.79635408789558,327729.2703121622,5.014332689697866,22.8
2019-05-26,10,0.0,75.79635408789576,327729.27031215956,0.0,20.03
2019-05-26,11,-6.920632842204577,78.26962437254086,290683.5568493431,-10.29047596189345,7.35
2019-05-26,12,-7.238602714634683,80.64944084179254,253660.914841835,-10.284067224307819,-3.73
2019-05-26,13,-7.5507923552835505,82.9518705829352,216637.11368211496,-10.284389211033343,-2.53
2019-05-26,14,-7.866175930324322,85.24887236340754,179522.46183429458,-10.309625513283443,4.67
2019-05-26,15,0.0,85.24887236340756,179522.46183429562,0.0,16.33
2019-05-26,16,6.483778601966367,82.88875746221123,217651.99236018956,10.591536257192764,33.01
2019-05-26,17,6.750943481314772,80.21222080058686,260691.5371934775,11.955429120357756,36.63
2019-05-26,18,6.403784910357384,77.43028606224216,303255.52956677775,11.823331214805634,37.16
2019-05-26,19,6.058751410632304,74.63979178833115,345052.7613262893,11.610342155419872,36.59
2019-05-26,20,5.705037029321022,71.6876721513719,385185.30352927785,11.147928389719041,36.37
2019-05-26,21,5.358604353569656,68.76281269321917,423461.73489798134,10.632342046862078,32.45
2019-05-26,22,3.7883545052314194,66.67000453002413,448557.86717948475,6.971147855973172,23.47
2019-05-26,23,0.0,66.67000453002412,448557.8671795398,0.0,17.67
2022-11-15,0,-6.216000410147501,79.16757187991846,277233.7101951054,-9.248552723581827,131.53
2022-11-15,1,-6.434822038657586,81.24464017608511,244089.9114300011,-9.206610768084541,132.28
2022-11-15,2,-7.631502297541135,83.54709060422431,207065.78997889516,-10.284478180862763,112.57
2022-11-15,3,-7.948894804736817,85.84068637824383,169894.79746238136,-10.325275699031607,112.82
2022-11-15,4,-8.27007174214383,88.13902378016542,132505.31265060295,-10.385968003271785,131.37
2022-11-15,5,0.0,88.13902378016545,132505.31265060295,0.0,164.27
2022-11-15,6,5.715724462171256,86.30692727173326,162309.9638382235,8.27906977433905,212.18
2022-11-15,7,6.952482691153245,83.79274472804671,203115.59500218148,11.334897545543875,224.9
2022-11-15,8,4.623328853734358,82.17947308672579,229057.50647697723,7.206086520776601,210.59
2022-11-15,9,4.283155735560251,80.66228161438977,253454.41884904954,6.776920103353419,201.1
2022-11-15,10,4.161395453764462,79.13459330429025,277727.67758343264,6.742571870661976,199.46
2022-11-15,11,3.922707148786379,77.5868727266731,300910.1066915142,6.439563641133759,190.5
2022-11-15,12,4.235016873716016,75.84960418884307,326931.66723828344,7.228211262991465,206.1
2022-11-15,13,4.690588466193262,73.74929108645495,357300.4808125815,8.435781548416116,222.53
2022-11-15,14,4.76925184980441,71.39728486016318,389112.99258797884,8.836808826499265,222.99
2022-11-15,15,4.537302551925184,69.07342990005603,419736.9355356698,8.506650818803038,217.19
2022-11-15,16,4.4525010681142,66.53011925477773,450235.31637606083,8.47177245566418,221.65
2022-11-15,17,4.330507549441432,63.91998420054969,480256.0642688505,8.339096636886026,216.18
2022-11-15,18,4.182263862075293,61.09599421633806,509489.84246466454,8.120493943281673,219.79
2022-11-15,19,3.5171093861236455,58.49313300211419,533738.1346273416,6.735636711854738,180.6
2022-11-15,20,3.166558899390499,55.828182244865786,555827.1278468836,6.135831449872768,164.55
2022-11-15,21,-4.642389085591604,59.98532760048136,520987.39793725486,-9.677702752674634,146.94
2022-11-15,22,-5.05269814259691,63.45158967229682,485104.85687209637,-9.96737251809958,136.0
2022-11-15,23,-5.442414719423283,66.67000453002412,448557.86717953277,-10.151941581267678,101.31
2023-11-24,0,-7.071241856220726,79.41527954745123,273506.6012595279,-10.283860761242245,10.06
2023-11-24,1,-7.3834382146468505,81.71766867627088,236483.46552060315,-10.284204371923558,12.47
2023-11-24,2,-7.695645610007523,84.02013497451996,199459.08887317666,-10.284549068729575,1.06
2023-11-24,3,-8.014620705490865,86.31101994947537,162243.3839217378,-10.337695819844129,1.99
2023-11-24,4,-8.33618398186376,88.61212198732841,124808.9238538983,-10.398461129955415,31.74
2023-11-24,5,-8.695897685983567,91.1293356368334,86913.68408308705,-10.526455491892015,71.3
2023-11-24,6,4.284660765831626,89.76955517947569,106881.57568254104,5.546636555403882,95.47
2023-11-24,7,6.687525810996139,87.58457338729727,141525.14347513617,9.623213275720868,117.73
2023-11-24,8,5.579325123044244,85.77325363972078,170991.79712427533,8.185181569205326,118.01
2023-11-24,9,4.256094802850591,84.38792049574906,193528.47246709862,6.260187595228693,102.12
2023-11-24,10,4.094710738861114,83.01145329233051,215679.005120005,6.152925736918434,96.28
2023-11-24,11,0.0,83.01145329233042,215679.005120005,0.0,77.86
2023-11-24,12,0.0,83.01145329233042,215679.005120005,0.0,75.72
2023-11-24,13,3.4622212135618113,81.83253898467694,234636.31511181447,5.265919442169299,83.81
2023-11-24,14,3.557190839253951,80.59499255722227,254536.4478883948,5.527814660161198,85.67
2023-11-24,15,4.155851025346325,79.06324291064071,278796.3946803902,6.7388741088876145,101.27
2023-11-24,16,5.588950427262306,76.65020690097758,314939.89308589033,10.039860668194478,116.01
2023-11-24,17,5.357787088630381,74.23709078593204,350702.6523246376,9.934099788540905,119.28
2023-11-24,18,4.816613353125021,71.86808881748026,382745.04327363276,8.900664152498663,111.98
2023-11-24,19,4.134263161537327,69.86080079223764,409895.00283829065,7.541655434627188,103.7
2023-11-24,20,3.054649294508247,68.26139373048726,429474.55386775907,5.438764174852338,86.21
2023-11-24,21,2.9487730894154653,66.67000453002412,448557.86717954004,5.3009203643836145,84.82
2023-11-24,22,0.0,66.67000453002409,448557.8671795401,0.0,78.9
2023-11-24,23,0.0,66.67000453002412,448557.8671795401,0.0,78.07
2023-08-13,0,3.62213431403994,75.48524910346853,332389.1355042078,6.072398751168834,78.8
2023-08-13,1,2.6972202249453403e-11,75.48524910346084,332389.13550432306,3.200195664021521e-11,69.66
2023-08-13,2,2.6687985155149363e-11,75.48524910345085,332389.13550447265,4.156675004196586e-11,69.0
2023-08-13,3,3.1408352939706674,74.1744511669493,351549.8965173683,5.322433614693239,72.02
2023-08-13,4,3.491137454776112,72.56870545244676,373268.71846600145,6.033006096842527,77.89
2023-08-13,5,3.3339008346486665,71.01730539240617,394252.47783138684,5.828822045940399,77.15
2023-08-13,6,2.702904566831421e-11,71.01730539239654,394252.4778315173,3.622346866904991e-11,71.59
2023-08-13,7,-6.061247758142638,73.66776851313094,358403.13002959423,-9.95815216720085,49.74
2023-08-13,8,-6.651910543204855,76.22463343829479,321314.3167199765,-10.302448141560475,28.31
2023-08-13,9,-6.976831869427402,78.69730194753394,284277.6169098111,-10.287972169490388,14.12
2023-08-13,10,-7.292609158632699,81.04782005943734,247254.8403308495,-10.284104605267117,3.64
2023-08-13,11,-7.60481322244154,83.35026390103742,210230.82479334742,-10.284448760417241,-0.95
2023-08-13,12,-7.921547238269745,85.64498759809402,173078.4364537571,-10.320107872108416,1.45
2023-08-13,13,-8.242563425797275,87.94217467626152,135707.66517485603,-10.380769799694747,6.76
2023-08-13,14,-8.587575812341809,90.37638882419331,97970.43979214056,-10.482562606309852,17.45
2023-08-13,15,4.516070705180635,88.92032147326975,119795.11692156157,6.062410313728055,70.91
2023-08-13,16,7.54110303185012,86.34494594807138,161691.4738287419,11.637876918661206,89.56
2023-08-13,17,7.197123006166599,83.70987333772639,204448.19282168025,11.876866386927318,100.0
2023-08-13,18,6.856218864024957,81.0374866159868,247421.00532647583,11.936892362443224,110.9
2023-08-13,19,6.511358890092591,78.30030179905896,290224.05706898286,11.889736595140832,120.0
2023-08-13,20,6.164387520225834,75.49413479889806,332256.0417097916,11.675551289113542,120.05
2023-08-13,21,5.8135760649392765,72.59498612330988,372913.2542066161,11.293670138006803,114.0
2023-08-13,22,5.468730294492854,69.71230540013002,411903.5057738742,10.83062543534946,98.02
2023-08-13,23,5.116894821866792,66.67000453002412,448557.8671795398,10.181767057129349,89.63
2020-09-18,0,3.2355025342310473,75.65060837957436,329912.3126518626,5.384392403295181,34.78
2020-09-18,1,3.143972472901364,74.3582638805862,349063.7023688685,5.319830476946065,34.49
2020-09-18,2,2.9790435428274087,73.00089985508289,367422.9900961406,5.099802146464469,34.18
2020-09-18,3,3.2736889084446297,71.48703688947381,387899.03428404575,5.687790052195879,36.9
2020-09-18,4,4.289983448306645,69.35059739237255,416413.251992358,7.920616030086734,45.02
2020-09-18,5,4.829926828286846,66.52415074487737,450306.8883990578,9.414899001861045,53.02
2020-09-18,6,4.7576612661838436,63.51599328709901,484438.1544401957,9.480907233649432,58.11
2020-09-18,7,4.418466785407933,60.46674210599126,516003.8232953425,8.768241348651884,52.79
2020-09-18,8,3.7575553796317784,57.464951071669525,542260.432320188,7.293502506901547,40.32
2020-09-18,9,-4.760238727276538,61.30813298288037,507293.7944324612,-9.712954968813023,27.8
2020-09-18,10,-5.209459310776583,64.79541941088557,471037.1545553686,-10.071288854747934,26.2
2020-09-18,11,-5.401617112009567,67.7710636267851,435354.3995956113,-9.911876377710371,26.2
2020-09-18,12,-5.836646350705799,70.67715424554461,398853.2574738837,-10.139206144924344,23.74
2020-09-18,13,-5.651465498409425,73.1846498098248,364937.64480512403,-9.421003519099898,27.8
2020-09-18,14,-5.34029804228807,75.36525030580329,334186.5294654695,-8.541976483237377,31.2
2020-09-18,15,3.744375057812128,73.74386221142402,357373.9101041015,6.440939066286688,45.32
2020-09-18,16,4.768724748858979,71.39204513604882,389183.86348246265,8.836098160655865,53.08
2020-09-18,17,5.064282128104605,68.66683234713794,424612.6934540713,9.84134165878018,56.21
2020-09-18,18,4.512952073607277,66.07039506207688,455748.14806123584,8.648737390879035,52.19
2020-09-18,19,3.7599522800938434,63.83747465604551,481110.1982199483,7.045013932975678,44.44
2020-09-18,20,3.4852480027077615,61.558847181470675,504698.4157968744,6.552282660257248,42.84
2020-09-18,21,-5.211625114863536,65.00267435131235,468551.83483403496,-10.04071693412206,30.8
2020-09-18,22,2.2435120482054405,63.623490363740174,483325.35102630354,4.103754497852378,36.14
2020-09-18,23,-5.160133721073329,66.67000453002412,448557.86717953987,-9.657634401878795,34.19
2023-04-01,0,0.0,76.94472322725228,310528.5,0.0,53.84
2023-04-01,1,-5.720595090580781,79.00671445493984,279643.10237159557,-8.579277119001233,44.39
2023-04-01,2,-6.158357908730666,81.0222798762249,247665.53444768483,-8.882657756641876,41.22
2023-04-01,3,-6.045844930050279,82.91190716953561,217279.73784167293,-8.44049905722553,44.16
2023-04-01,4,-6.088383029142284,84.74641787169352,187696.42035354694,-8.217588191146106,42.5
2023-04-01,5,0.0,84.74641787169352,187696.42035354694,0.0,56.49
2023-04-01,6,4.058163930517429,83.39754069798562,209470.5991439102,6.048382997323124,66.03
2023-04-01,7,4.022183063678497,82.02258297354025,231580.34846048692,6.141597032382421,66.87
2023-04-01,8,3.5698226918414964,80.78475541933527,251485.00184294907,5.529070384017274,58.09
2023-04-01,9,3.498654428959478,79.54469767900315,271425.51393361465,5.539031136295989,59.26
2023-04-01,10,-5.8664112097615195,81.42869527151053,241130.24805421563,-8.415351633166395,45.26
2023-04-01,11,-6.046258015954429,83.30496975699124,210959.12838351802,-8.380866575193778,43.79
2023-04-01,12,-7.915254311964652,85.59995551076142,173811.02103596725,-10.31891870765299,36.38
2023-04-01,13,-8.236228538657194,87.8968764979502,136444.5785403854,-10.37956735988385,38.57
2023-04-01,14,-6.431760243113326,89.70179554785983,107876.60173369772,-7.935549112968797,47.04
2023-04-01,15,4.0303713085004755,88.4581300886102,127314.07290357459,5.3992975471880165,61.43
2023-04-01,16,7.478851699466074,85.87118159108283,169398.699589057,11.690174079300675,94.03
2023-04-01,17,7.135672426047348,83.22815518281564,212194.3710909917,11.887686528315193,95.97
2023-04-01,18,6.794457711151697,80.5533338457549,255206.33296996474,11.947767188603613,104.0
2023-04-01,19,6.448249235805257,77.78989591363755,297869.13747060567,11.850779027955824,87.08
2023-04-01,20,6.1024147423110655,74.99292351925233,339763.40132404893,11.637295514845349,81.83
2023-04-01,21,5.292608958999327,72.38836400615413,375707.9358885464,9.984592934582622,68.92
2023-04-01,22,5.444342535848747,69.50516474904043,414559.74105066503,10.792168100588512,77.35
2023-04-01,23,4.845878250278588,66.67000453002406,448557.86717954045,9.443923924687624,67.48
2021-04-20,0,3.2355025342310295,75.65060837957436,329912.3126518627,5.384392403295182,63.76
2021-04-20,1,3.143972472901364,74.35826388058621,349063.7023688685,5.3198304769460645,64.67
2021-04-20,2,3.272139570901196,72.86460657135335,369266.45107217284,5.611874639806757,68.61
2021-04-20,3,3.3716648856561378,71.29872041623241,390446.144897753,5.883248284883379,71.94
2021-04-20,4,4.281945218267623,69.13997737287613,418938.92441823235,7.914660977910927,85.43
2021-04-20,5,4.808189112127951,66.32540548703616,452690.1633541309,9.37534414886072,99.05
2021-04-20,6,4.733976422204558,63.30307402522608,486642.282114165,9.431144100009462,110.41
2021-04-20,7,4.373065618405953,60.292649732473556,517806.01730504364,8.656593108577397,92.0
2021-04-20,8,3.9492145407072323,57.04474891558033,545743.3644349544,7.760374202752985,80.1
2021-04-20,9,-4.697266693641032,60.946412818454235,511038.30029647367,-9.640295594022405,62.27
2021-04-20,10,-5.169869110584924,64.44144177205882,474857.96616324096,-10.050092814786865,52.0
2021-04-20,11,-5.4638045807548785,67.4968018219198,438643.2392779693,-10.059646357019915,52.0
2021-04-20,12,-5.802410928688247,70.4313704501519,402177.65338649997,-10.129329414297032,52.0
2021-04-20,13,-5.8029030012729965,73.01019538926934,367297.2615638522,-9.688997728513272,53.3
2021-04-20,14,-5.909832788702484,75.42510601496457,333289.98473096616,-9.446465786912796,55.0
2021-04-20,15,3.1148844615153415,74.11886973541601,352301.6738406512,5.281024752690286,69.88
2021-04-20,16,3.7670283245491625,72.36697561433081,375997.2541215516,6.582105633583453,84.98
2021-04-20,17,4.662371854095103,70.04555415699626,407396.0857324489,8.72189766969369,100.0
2021-04-20,18,4.699371681987277,67.39626714788388,439848.8115434353,9.01464605860734,101.73
2021-04-20,19,4.379097203344561,64.87261325712726,470111.47631563654,8.406295770055891,93.92
2021-04-20,20,3.9981263620033274,62.245635604703644,497588.8224397787,7.632596145595045,86.91
2021-04-20,21,3.2039535873373652,60.145612700092705,519328.13601482194,6.0386982152897986,75.0
2021-04-20,22,-4.968000193197444,63.54962395553055,484090.0117389107,-9.78836785441979,69.0
2021-04-20,23,-5.273045572712179,66.67000453002412,448557.86717953987,-9.870040155380792,63.1
2021-06-10,0,0.0,76.94472322724786,310528.5,0.0,68.33
2021-06-10,1,-5.539764960464587,78.942226870242,280609.0253438688,-8.31096518225867,65.6
2021-06-10,2,0.0,78.94222687024198,280609.0253438688,0.0,66.09
2021-06-10,3,0.0,78.94222687024198,280609.0253438688,0.0,69.32
2021-06-10,4,3.576479858898516,77.54335135552478,301561.9886370807,5.820267581447752,80.91
2021-06-10,5,3.9148873034314136,75.96231796130652,325243.3915395383,6.57816747290488,89.27
2021-06-10,6,4.098816831166728,74.22454285920244,350872.3717166942,7.1191611603210845,92.5
2021-06-10,7,3.601322256644482,72.56321064532098,373343.03953472903,6.241852171676342,84.59
2021-06-10,8,0.0,72.563210645321,373343.03953472903,0.0,74.44
2021-06-10,9,3.2440959304040415,71.05741181324517,393710.010736297,5.657492000435553,79.36
2021-06-10,10,3.419340311914115,69.41671172385792,415620.43493542797,6.086228944203043,82.18
2021-06-10,11,-5.434405185642195,71.90692439608212,382219.76519920985,-9.277963815616147,66.05
2021-06-10,12,-5.648068532681234,74.3595001960574,349046.9803466027,-9.21466245905755,65.2
2021-06-10,13,-5.599391074824365,76.48738127787375,317378.76578628115,-8.796726266755982,66.25
2021-06-10,14,0.0,76.48738127787375,317378.7657862778,0.0,71.5
2021-06-10,15,3.253672020555314,75.1777072292313,336995.63088869635,5.449129195116257,81.7
2021-06-10,16,3.4257883431178175,73.6951867798658,358032.2789988383,5.8435133639283094,85.84
2021-06-10,17,3.6145626853814394,72.01818841123867,380714.8424006312,6.300712056053598,92.57
2021-06-10,18,3.5925919097214574,70.32150844723218,403663.6129993973,6.3746584996572295,91.79
2021-06-10,19,3.4124506959744316,68.5794593668358,425660.41405753983,6.1102225161507135,89.55
2021-06-10,20,3.3760604797589697,66.74186562760984,447696.13716403965,6.121034196249951,87.25
2021-06-10,21,2.8502392559567724,65.18898840081985,466317.6300394518,5.172636909836697,80.97
2021-06-10,22,2.6417228243190274,63.586010824581,483713.3370109524,4.832140825416843,81.75
2021-06-10,23,-5.216589920743452,66.67000453002413,448557.8671795397,-9.76540828650353,74.87
2023-08-15,0,3.3138116666306603,75.61843079074679,330394.2825129943,5.518272920276196,92.15
2023-08-15,1,3.1499076855707204,74.31952098585542,349587.7237758019,5.33151146189099,89.96
2023-08-15,2,2.9745309284055366,72.9637594062672,367925.3391964518,5.093782061291648,87.67
2023-08-15,3,2.9792210789655087,71.59018293196092,386503.91268337704,5.1607148574792205,90.02
2023-08-15,4,2.894728047674055,70.23910959475683,404778.1144983091,5.076167170814458,87.56
2023-08-15,5,3.0823189229784043,68.67728482160948,424487.35149171593,5.474788053724126,95.8
2023-08-15,6,3.9113258695545925,66.50340458500906,450555.66818764084,7.241199082201362,109.24
2023-08-15,7,2.6047947171992867,65.08571196393044,467556.0804465775,4.722336738593512,89.69
2023-08-15,8,-5.322323643674987,68.00768861542521,432516.88580888644,-9.733109621580837,79.54
2023-08-15,9,-5.802493598689052,70.86462258982918,396317.6183912147,-10.055352060464372,72.73
2023-08-15,10,-6.311792546158221,73.60741046769891,359219.51436122396,-10.305028897219657,60.46
2023-08-15,11,-6.644758503112715,76.17020603422672,322129.5539498696,-10.302766780931762,25.98
2023-08-15,12,-6.969689878688754,78.6429510194229,285091.7086496969,-10.288290361159085,23.54
2023-08-15,13,-7.28574412113438,80.99719175204919,248068.9593139799,-10.28409703769917,45.85
2023-08-15,14,-6.142569850110685,82.91560161973946,217220.3299294025,-8.569063717938164,70.26
2023-08-15,15,0.0,82.91560161972201,217220.3299294025,0.0,82.53
2023-08-15,16,3.5993213343971027,81.68685369827442,236978.97998376313,5.488513903989059,94.09
2023-08-15,17,4.822354410432112,79.91567136163638,265460.74966362806,7.911602688851374,120.32
2023-08-15,18,5.8820841622980655,77.41180161921193,303532.3975599592,10.575457748980867,130.78
2023-08-15,19,5.518743368480795,74.96146573840642,340234.58958949166,10.195053341536806,133.04
2023-08-15,20,5.069692139827899,72.50063108452565,374189.4713989163,9.43191161372907,125.38
2023-08-15,21,4.032419628918799,70.56760573820897,400334.9768420696,7.26264040087591,107.89
2023-08-15,22,3.9755524488610536,68.50772546566877,426520.64059154823,7.273795485966289,106.78
2023-08-15,23,3.3746338684552235,66.67000453002412,448557.8671795362,6.1214518299966585,97.45
2021-05-12,0,-5.708203090229954,79.00236757942682,279708.2117555848,-8.561191179004211,56.31
2021-05-12,1,-5.8675329601559065,80.93111225999269,249131.53816899698,-8.493520440718854,54.81
2021-05-12,2,-6.045752263235022,82.8237343945487,218697.58358110767,-8.453876274413702,55.01
2021-05-12,3,0.0,82.82373439454959,218697.58358109347,0.0,58.84
2021-05-12,4,3.4368913603977695,81.6495747086189,237578.43777174113,5.244681719624346,69.99
2021-05-12,5,3.9594998024759445,80.25309615178621,260034.24878949468,6.23772528270932,79.37
2021-05-12,6,4.132428214365858,78.6984178488413,284260.90245674853,6.729626018681628,86.12
2021-05-12,7,3.862839445479049,77.16827408770253,307180.0583953382,6.36643220516379,80.1
2021-05-12,8,3.5692548773462436,75.73734717486037,328613.10141068435,5.9536230598183835,75.78
2021-05-12,9,3.467690697707523,74.30351698104677,349804.1920694395,5.88641407187643,73.84
2021-05-12,10,3.06163379226029,72.90799125243402,368679.6432387911,5.243180880375448,69.74
2021-05-12,11,0.0,72.90799125239347,368679.6432393387,0.0,62.06
2021-05-12,12,0.0,72.90799125239342,368679.6432393389,0.0,60.06
2021-05-12,13,0.0,72.90799125239369,368679.6432393367,0.0,60.0
2021-05-12,14,0.0,72.90799125239116,368679.64323937084,0.0,62.75
2021-05-12,15,3.0950348616508894,71.47935276217157,388002.967422833,5.367590050961709,70.0
2021-05-12,16,3.4514079422240944,69.84926385239962,410051.0479330469,6.124466808392739,74.97
2021-05-12,17,3.6769397535451005,67.87704051174521,434083.5664774494,6.675699595667368,80.97
2021-05-12,18,3.690802519042955,65.83346558036128,458589.3132090767,6.807151869896472,80.97
2021-05-12,19,3.560066091510976,63.708407313949394,482446.29575296154,6.626939595523581,78.08
2021-05-12,20,3.393463988775812,61.494084849180815,505368.8316511059,6.3673710828178685,74.51
2021-05-12,21,2.0799572814414624,60.14561233302051,519328.1398147313,3.8775856010070697,66.01
2021-05-12,22,-4.968000132802578,63.549623563863506,484090.0157934253,-9.788367783696117,65.04
2021-05-12,23,-5.273043157798621,66.67000453002412,448557.88634695567,-9.870035957352684,63.15
2023-10-25,0,-6.046356537104376,79.11432129999884,278031.3204432743,-9.026994321312706,89.97
2023-10-25,1,-6.155106893238939,81.11823502127491,246122.54576885284,-8.863548520672616,87.92
2023-10-25,2,-6.0459424631216026,83.00471020380387,215787.43608794658,-8.426419355807298,95.08
2023-10-25,3,-6.083251630825508,84.83384711129257,186274.116464635,-8.19814433980877,99.34
2023-10-25,4,0.0,84.83384711126664,186274.11646448792,0.0,106.86
2023-10-25,5,4.07063934104778,83.48344815536598,208089.18041856674,6.0597399872441216,128.23
2023-10-25,6,4.229308957195169,82.02819332588194,231490.1322439097,6.500264395928603,141.35
2023-10-25,7,4.271079033663709,80.51155237964085,255878.19198456386,6.7744610390706015,140.53
2023-10-25,8,3.810428678887502,79.12726521632295,277837.4408586986,6.099791353926321,128.69
2023-10-25,9,3.600812076601653,77.72166598120283,298891.11494805996,5.848242802600367,123.87
2023-10-25,10,3.2852466432674188,76.42086008696751,318375.14899308793,5.41223167917444,117.39
2023-10-25,11,3.20196196121034,75.13125675914876,337691.3861466529,5.365621431545819,115.69
2023-10-25,12,3.3748157958819887,73.66770566661722,358403.98007218144,5.753498312646812,121.44
2023-10-25,13,2.987444235116219,72.29853593533252,376922.9481395767,5.144157796498689,114.0
2023-10-25,14,3.5117249626715736,70.65110482434942,399205.5939214879,6.189623828308669,129.1
2023-10-25,15,3.7003538256171633,68.78023871547813,423252.76889362215,6.67977082559284,137.66
2023-10-25,16,4.273746771468288,66.36009923108293,452274.1296223955,8.061489091325939,151.09
2023-10-25,17,4.3204403538359335,63.72819704327349,482241.4331757713,8.324250987048842,157.96
2023-10-25,18,3.81890447795719,61.19765168022819,508437.4903784729,7.276682556305985,137.25
2023-10-25,19,3.422287024947361,58.709477838929494,531944.9010249873,6.529836290698455,123.73
2023-10-25,20,3.3722436258235486,55.86917946164457,555487.3139719052,6.5395591519216225,120.06
2023-10-25,21,-4.640408748748376,60.0152882981182,520677.24655809207,-9.669463170503633,112.8
2023-10-25,22,-5.056350809260697,63.482447143516524,484785.42214521667,-9.969951225798724,95.11
2023-10-25,23,-5.385958406734039,66.67000453004344,448557.867179308,-10.06320971275241,97.2
2021-05-23,0,5.997864421191056,74.13551391167695,352076.5498391184,11.54112495531067,47.29
2021-05-23,1,2.749813134665966,72.87437811552354,369134.28417546017,4.738259537872702,20.0
2021-05-23,2,0.0,72.87437811552354,369134.2841754601,0.0,13.46
2021-05-23,3,-6.557898885083954,75.50919973857616,332030.3925188746,-10.306636571273756,9.04
2021-05-23,4,-6.6061966533779115,77.90392326703399,296161.1863877528,-9.96366836975605,9.44
2021-05-23,5,0.0,77.90392326703397,296161.1863877528,0.0,15.33
2021-05-23,6,-5.869761235436422,79.94269992842987,265025.5169319309,-8.648797071061637,13.16
2021-05-23,7,0.0,79.94269992842989,265025.5169319309,0.0,13.74
2021-05-23,8,-7.454961472566872,82.24510797702057,228002.07695719038,-10.28428888187237,6.58
2021-05-23,9,-7.767994267056103,84.54616481285377,190954.14861213125,-10.291091206960871,2.78
2021-05-23,10,-8.088107865256479,86.83689297517907,153688.45134698498,-10.35158257365174,0.08
2021-05-23,11,-8.41010310153216,89.14108611167177,116203.70510900169,-10.412429510550915,-7.83
2021-05-23,12,-8.781424389489187,91.72383291273223,78183.70337399999,-10.561111593056026,-24.93
2021-05-23,13,-9.177290847184976,94.465067293626,39574.409594229175,-10.724803827714117,-25.0
2021-05-23,14,-9.752588657290971,98.3528042160941,0.0,-10.992891553952548,-8.02
2021-05-23,15,0.0,98.3528042160941,0.0,0.0,12.02
2021-05-23,16,8.651065513736178,94.62254133404294,37971.435344633726,10.547620929064925,46.81
2021-05-23,17,8.265065242132446,91.78085288752587,77346.3853573141,10.937486114633435,70.0
2021-05-23,18,7.892546783377217,89.01961196056433,118179.85357356447,11.342630060069549,79.84
2021-05-23,19,7.55447620437625,86.44672260473249,160035.76533474878,11.626642155884532,75.75
2021-05-23,20,7.210324156700967,83.81335867286516,202784.11633614096,11.874541944831158,74.85
2021-05-23,21,6.8694867334995635,81.14149496856052,245748.51855735475,11.93455617255939,61.58
2021-05-23,22,6.52491645203602,78.40994998975215,288581.6989816542,11.89810567341651,53.91
2021-05-23,23,6.177700852153651,75.60180775396758,330643.269557082,11.683769604285501,25.63
2023-11-07,0,-6.385998726186681,79.21909253774652,276462.0114692668,-9.462913480759232,76.45
2023-11-07,1,-7.358516257049818,81.53387200577308,239438.97334290092,-10.284177257323856,70.96
2023-11-07,2,-7.670722526424256,83.83633211298762,202414.6962492422,-10.284521414905193,68.01
2023-11-07,3,-7.989082702307707,86.12827037735168,165216.36445347543,-10.332869943268555,70.25
2023-11-07,4,-6.339891046672856,87.91592830472884,136134.64265386635,-8.078256055446964,83.56
2023-11-07,5,3.5737237757787104,86.82400143404881,153898.17167824993,4.934313617884328,102.1
2023-11-07,6,5.148028544384005,85.14082233904846,181280.22583418072,7.606126154425219,132.97
2023-11-07,7,6.349214990712078,82.83622569665371,218496.7195448797,10.337914919638614,136.4
2023-11-07,8,4.134086168070702,81.40171456884758,241564.10617338316,6.407607396806505,120.48
2023-11-07,9,3.52855478217976,80.16480544785946,261453.99086262757,5.524967969234567,99.52
2023-11-07,10,0.0,80.16480544788736,261453.99086262757,0.0,89.03
2023-11-07,11,0.0,80.16480544788799,261453.99086262757,0.0,86.21
2023-11-07,12,0.0,80.1648054478898,261453.99086263738,0.0,88.79
2023-11-07,13,0.0,80.16480544788739,261453.99086263738,0.0,97.92
2023-11-07,14,3.7446451817929187,78.775723253294,283102.9886289461,6.013610490641312,108.42
2023-11-07,15,3.8734500765723756,77.24246426849909,306068.805736619,6.379393641020243,113.69
2023-11-07,16,5.030127996062577,75.06942262436567,338617.5645969497,9.041321905647422,137.61
2023-11-07,17,5.637225475220262,72.23655850147287,377761.2358202939,10.873242006484489,149.94
2023-11-07,18,4.642280926368382,69.92445828482124,409033.9912007492,8.68687649457091,133.13
2023-11-07,19,3.3291851751701644,68.1753646080634,430506.18126095267,5.9644972389454125,105.32
2023-11-07,20,0.0,68.17536460806345,430506.18126095267,0.0,92.98
2023-11-07,21,0.0,68.17536460806345,430506.18126095267,0.0,94.04
2023-11-07,22,0.0,68.17536460806346,430506.18126095267,0.0,93.4
2023-11-07,23,2.7939345247706195,66.67001199544754,448558.2875342994,5.014473964818549,97.17
2023-05-30,0,0.0,76.94472322724994,310528.5,0.0,68.9
2023-05-30,1,-6.385998726186656,79.21909253774419,276462.0114693018,-9.462913480749506,52.78
2023-05-30,2,-6.73355217189288,81.37067246076955,242063.27295914042,-9.555205141711497,51.06
2023-05-30,3,3.52649147386139,80.13380925955084,261952.4192446206,5.524762857077832,75.91
2023-05-30,4,3.4099286574536443,78.87868470128353,281560.7874697696,5.446768951430272,75.47
2023-05-30,5,5.688734362944574,76.40046942364751,318680.5691792068,10.311050474843668,111.67
2023-05-30,6,5.315186557628878,73.98029826142269,354175.9980107297,9.859841342089695,108.64
2023-05-30,7,3.92860207652993,72.13778695326265,379097.18935875525,6.922553152229327,90.06
2023-05-30,8,3.4373458922440414,70.52594551074307,400898.4602470077,6.055908580070124,82.37
2023-05-30,9,0.0,70.52594551074309,400898.4602470076,0.0,70.23
2023-05-30,10,-5.501234685167902,72.97704314228213,367745.66864537814,-9.209108778230402,64.68
2023-05-30,11,-5.942467325638877,75.40732977890208,333556.244893354,-9.497062153340039,57.56
2023-05-30,12,-6.232956963433338,77.69536485560471,299285.0645979525,-9.519772304278192,54.9
2023-05-30,13,-6.956791370870759,80.05986204741143,263141.5134938427,-10.039875306697184,51.89
2023-05-30,14,-6.704350602127169,82.16235270712109,229332.80752408173,-9.391307213822486,53.18
2023-05-30,15,3.5791129129350097,80.92431839545694,249240.785631014,5.529993918592297,79.39
2023-05-30,16,3.841250685309693,79.5556878844517,271248.79138082766,6.113334930503797,86.97
2023-05-30,17,5.489379407513546,77.22623702507389,306311.86441643775,9.739742509891684,108.63
2023-05-30,18,5.745249905744123,74.6260249012975,345258.9677225305,10.81863980724799,119.49
2023-05-30,19,4.566905825051698,72.4370620448367,375049.28664985026,8.275088590922152,102.4
2023-05-30,20,4.087144744631209,70.47124151850247,401638.369596678,7.385856374118831,96.13
2023-05-30,21,3.69510216538797,68.57763967098353,425682.25694234617,6.678857596018929,89.65
2023-05-30,22,3.490803202501657,66.67000453002316,448557.8671795497,6.354336177000988,85.92
2023-05-30,23,0.0,66.67000453002412,448557.8671795398,0.0,73.41
2021-05-30,0,5.467865545240175,74.5,347146.62327381875,10.171700909394099,50.66
2021-05-30,1,4.554166893615923,72.30190649167304,376877.35903268034,8.258537710794874,48.9
2021-05-30,2,0.0,72.30190649167305,376877.3590326803,0.0,31.54
2021-05-30,3,3.226428672660253,70.80092201540226,397179.21274049906,5.639403807727433,39.1
2021-05-30,4,3.398923418034814,69.13568661410831,418990.3775095951,6.0586568803044685,40.4
2021-05-30,5,3.6521011742827447,67.13602540038808,442969.52821264387,6.660875195291311,42.12
2021-05-30,6,3.1294389629395614,65.42641041299872,463470.55865996215,5.694730679810647,39.4
2021-05-30,7,-5.12824047304167,68.22745408292343,429881.54476796085,-9.330281636667038,31.96
2021-05-30,8,-5.995563065667677,71.1203423282415,392858.83197368414,-10.284086887299082,17.59
2021-05-30,9,-6.344380218400807,73.86370460335843,355752.9588234513,-10.307186986175779,8.0
2021-05-30,10,-6.675127709411501,76.40131730334105,318667.86926995777,-10.30141376485932,6.08
2021-05-30,11,-7.00001641318889,78.87373755404391,281634.8879836659,-10.28693924619219,-3.05
2021-05-30,12,-7.3148946484453825,81.21217118334734,244612.0229664002,-10.284129171462695,-16.86
2021-05-30,13,-7.627099458032916,83.51462052491927,207587.91898763453,-10.28447332743491,-9.9
2021-05-30,14,-7.944383335319266,85.80840236998442,170419.99556230768,-10.324423173701902,-0.93
2021-05-30,15,-8.265533754163238,88.10655000546214,133033.59788193402,-10.385110466770456,10.0
2021-05-30,16,5.520084565674299,86.3449459480714,161691.4738287418,7.960521096335491,36.92
2021-05-30,17,7.197123006166608,83.7098733377264,204448.19282168016,11.876866386927325,62.46
2021-05-30,18,6.856218864024939,81.0374866159868,247421.00532647577,11.936892362443217,64.13
2021-05-30,19,6.511358890092609,78.30030179905896,290224.05706898286,11.88973659514086,71.22
2021-05-30,20,6.164387520225834,75.49413479889807,332256.0417097915,11.675551289113514,73.27
2021-05-30,21,5.813576064939268,72.59498612330988,372913.2542066161,11.293670138006831,66.07
2021-05-30,22,5.468730294492863,69.71230540013,411903.5057738742,10.83062543534946,59.6
2021-05-30,23,5.116894821866792,66.67000453002412,448557.8671795398,10.181767057129349,57.3
2016-11-28,0,-7.071241853555294,79.41527950948203,273506.60187217174,-10.2838605910634,30.42
2016-11-28,1,-7.383437744960903,81.71766871836722,236483.46484371612,-10.284204730126577,35.56
2016-11-28,2,-7.6956387139401565,84.0201331176684,199459.11873192902,-10.284540586607527,25.95
2016-11-28,3,-8.014620254062464,86.31101804912606,162243.4148367294,-10.337695526444335,26.81
2016-11-28,4,-8.336188710455497,88.61212049279288,124808.92386509839,-10.39846971434195,31.96
2016-11-28,5,1.645616976020392e-11,88.61212198664002,124808.92386509609,-6.394884621840902e-13,47.4
2016-11-28,6,5.8566796628189435,86.74600235212394,155167.06522126225,8.432817043379494,67.85
2016-11-28,7,4.856258813488702,85.17697108386875,180692.1559779909,7.0903029879801736,69.95
2016-11-28,8,4.119600220012324,83.82059975584826,202667.67746195866,6.104311523324384,64.35
2016-11-28,9,4.053132599209857,82.44455972473804,224794.83060730726,6.146431429263494,62.91
2016-11-28,10,3.7327647661298937,81.1567888289435,245502.58850936955,5.75215497279509,60.54
2016-11-28,11,3.8582574238858234,79.78756359175972,267520.157641741,6.11599142565872,60.0
2016-11-28,12,3.419342087732674,78.49723148139068,287274.3589994766,5.487278154926571,57.31
2016-11-28,13,3.9880985915950187,76.90446272997312,311131.53916448617,6.626994490280424,65.67
2016-11-28,14,3.921575898545235,75.30438128808316,335098.25197441754,6.657420224980939,64.99
2016-11-28,15,4.040840391672135,73.51376326575206,360486.1575704852,7.052195998907692,66.65
2016-11-28,16,4.4641444249543145,71.34679996516775,389795.83572783496,8.14157726593048,70.78
2016-11-28,17,4.797221925411161,68.82349744662187,422734.0272056189,9.149497632717768,76.02
2016-11-28,18,4.465201967726731,66.26562542408409,453407.0223544104,8.520276430219852,73.17
2016-11-28,19,4.314844820600693,63.62162834519953,483344.62653270346,8.316001160636958,70.5
2016-11-28,20,2.291145214330548,62.15448681764176,498532.38932163117,4.218822996924388,52.68
2016-11-28,21,3.3004865831233956,59.9853276840842,520987.39707180415,6.237502152825812,57.7
2016-11-28,22,-5.052698019931388,63.45158967229347,485104.85687213106,-9.967372277686962,48.29
2016-11-28,23,-5.442414719426683,66.6700045300238,448557.86717954354,-10.151941581274315,36.92
2020-07-26,0,4.22942459434481,75.19255886957326,336773.17658761283,7.290187941003573,20.37
2020-07-26,1,3.426900341474603,73.71133055485488,357813.9232707821,5.844651856435895,17.0
2020-07-26,2,3.3217224437214727,72.18437837456709,378467.00814482075,5.7369680205662945,17.1
2020-07-26,3,3.218482379009302,70.68555927594126,398739.5736215719,5.6312681879864215,16.5
2020-07-26,4,-5.00408498813262,72.90174768901784,368764.09175447817,-8.32652274085936,10.7
2020-07-26,5,-5.059606125423678,75.00254666936254,339619.2616140427,-8.095786150120972,10.82
2020-07-26,6,3.060377666974907,73.67027916964055,358369.17166295234,5.2083083469193525,15.88
2020-07-26,7,3.3189468835430835,72.1440833339113,379012.02645345597,5.734126330695446,17.4
2020-07-26,8,-5.337025620813329,74.45454892260528,347761.3805472738,-8.680734973939494,9.63
2020-07-26,9,-6.745138960254989,76.9341066319632,310687.51996211207,-10.298294606989373,-1.28
2020-07-26,10,0.0,76.93410663196318,310687.51996211207,0.0,14.35
2020-07-26,11,-6.72429828375887,79.30714592266793,275143.1097352017,-9.87344728525288,4.88
2020-07-26,12,-7.3696382343618465,81.61589441078631,238120.0274720985,-10.28418951752866,-9.43
2020-07-26,13,-7.681844875930649,83.9183572628614,201095.70624022523,-10.28453367552035,-19.95
2020-07-26,14,-8.000479470128724,86.20982547893084,163889.62137856078,-10.33502357268457,-2.07
2020-07-26,15,-6.295277768261965,87.98256151582926,135050.6497499879,-8.010825452381361,6.08
2020-07-26,16,5.548562518727036,86.20589766975026,163953.51920382294,8.028574848287512,18.13
2020-07-26,17,6.900215499531376,83.70987333658815,204448.1928399838,11.248520454489125,21.66
2020-07-26,18,6.856218861699864,81.03748661598678,247421.0053264758,11.936892357358893,32.65
2020-07-26,19,6.511358890092615,78.30030179905896,290224.05706898286,11.889736595140846,35.41
2020-07-26,20,6.164387520225791,75.49413479889807,332256.0417097913,11.675551289113457,32.81
2020-07-26,21,5.813576064939268,72.59498612330991,372913.25420661573,11.293670138006789,24.79
2020-07-26,22,5.4687302944929055,69.71230540013002,411903.50577387423,10.830625435349589,32.28
2020-07-26,23,5.116894821866792,66.67000453002412,448557.8671795398,10.18176705712932,26.21
2021-11-03,0,-5.877079908274558,79.0595513099944,278851.68907365156,-8.799114146207906,143.08
2021-11-03,1,-6.043873637913937,81.03621630014952,247441.43240158903,-8.725071297795147,140.25
2021-11-03,2,-6.449692690006697,83.03742918390257,215261.30467676627,-8.938924368006326,130.84
2021-11-03,3,-7.878081244667351,85.33394559240607,178138.48566053205,-10.31189417117617,130.03
2021-11-03,4,-6.454721089478352,87.17661323566429,148161.86264462152,-8.326839726641815,138.7
2021-11-03,5,0.0,87.17661323566462,148161.86264462204,0.0,160.0
2021-11-03,6,5.121936896326191,85.52626322152365,175009.85142827537,7.457774662125921,198.49
2021-11-03,7,6.548616489721931,83.15239067394182,213412.68803877925,10.667454614028856,230.09
2021-11-03,8,5.327379739913209,81.21604187257904,244549.7810755588,8.649192510216537,219.09
2021-11-03,9,4.337198658120206,79.64604657792584,269795.79538991896,7.012781753988932,207.62
2021-11-03,10,4.077660554605307,78.0570218098369,293868.0101087745,6.686726310793219,202.83
2021-11-03,11,3.6318365970569624,76.61697896590674,315437.59548794373,5.991551494213667,182.89
2021-11-03,12,3.53043595027473,75.19170671547806,336785.9405207068,5.9300958424341985,180.82
2021-11-03,13,3.4268365374774135,73.71040426094896,357826.452036845,5.8445865322605925,184.9
2021-11-03,14,3.615683173015536,72.03308370681313,380513.3728189179,6.301922439464704,197.45
2021-11-03,15,3.492179276147561,70.39127227884643,402720.0089009361,6.16851002278284,191.0
2021-11-03,16,4.7109140701740415,67.78665205672118,435167.4692755188,9.013183437384072,241.12
2021-11-03,17,4.90643448954136,64.8477631876314,470409.4685741918,9.789444249631387,274.33
2021-11-03,18,4.461857538566516,61.81331722311393,502064.15704774624,8.792969020431798,236.0
2021-11-03,19,3.8746130373385776,59.06184958128971,529024.210129082,7.4889036337043535,202.95
2021-11-03,20,3.6264284191302374,55.99329613379118,554458.547372005,7.065093678589733,183.63
2021-11-03,21,-4.6497265383623,60.11584223249653,519636.3181441345,-9.672841452186248,165.92
2021-11-03,22,-5.068609869723262,63.58601082458132,483713.3370100452,-9.978605870580367,145.07
2021-11-03,23,-5.216589920739898,66.6700045300241,448557.86717954004,-9.765408286251414,165.39
2022-11-02,0,-7.071241606218925,79.41527632135292,273506.6014624111,-10.2838607048858,10.0
2022-11-02,1,-7.383438510311767,81.71766874384795,236483.4644339422,-10.284204730130266,-4.1
2022-11-02,2,-7.6956456137035705,84.02013500177725,199459.08843487038,-10.284548888631058,4.72
2022-11-02,3,-8.014620709273629,86.31101997657646,162243.38348085564,-10.337695820559652,20.2
2022-11-02,4,-8.336183985671566,88.61212201458879,124808.92341042424,-10.398461130675386,43.19
2022-11-02,5,3.8804685805274097,87.439556717982,143884.28297758003,5.298710990876607,89.98
2022-11-02,6,7.341662752296116,84.82710380426518,186383.816969949,11.805426108991384,115.0
2022-11-02,7,7.00024816978333,82.16654888502228,229265.3316738551,11.911531862196142,132.0
2022-11-02,8,5.045400922053531,80.31478133180946,259042.3318435305,8.271388936020934,106.93
2022-11-02,9,0.0,80.31478133180946,259042.3318435305,0.0,70.78
2022-11-02,10,-6.187087621682892,82.26867322635509,227623.14039346506,-8.727553180573729,56.85
2022-11-02,11,-7.771268478390514,84.56959502061534,190572.98464703828,-10.291709929562991,53.0
2022-11-02,12,-6.186264113654216,86.36364382620954,161387.29567366594,-8.107135825936766,63.63
2022-11-02,13,3.55663834084055,85.23916408197618,179680.39671401476,5.08141695565245,79.39
2022-11-02,14,4.528287002312386,83.72176329457392,204256.99860486202,6.826833858568683,98.25
2022-11-02,15,5.9248463122541395,81.53260530407326,239459.3423015563,9.7784288046373,110.34
2022-11-02,16,6.575897959474659,78.82226822755881,282405.8178464186,11.929576540239523,141.0
2022-11-02,17,6.2277639633195925,76.0066983665078,324578.6426098894,11.714673545408559,125.69
2022-11-02,18,3.190463070863938,74.71449084225458,343933.88654549094,5.376456648778202,72.2
2022-11-02,19,4.2837174449314475,72.7072932454375,371394.2226644342,7.627871144150902,88.68
2022-11-02,20,4.24746344849833,70.65163083599526,399198.4792499829,7.723404607096882,89.49
2022-11-02,21,4.254324400970117,68.41624875976227,427617.59326618136,7.89419833783289,88.66
2022-11-02,22,3.2197879326080887,66.67000453002412,448557.86717953987,5.816742753710699,74.5
2022-11-02,23,0.0,66.67000453002412,448557.86717953987,0.0,67.0
2020-09-12,0,3.313811675170841,75.61843079229958,330394.28248973517,5.5182729138153235,36.13
2020-09-12,1,3.139822809444587,74.32410403480064,349525.7379213899,5.314293175459653,34.35
2020-09-12,2,-2.632560835991171e-12,74.32410403480063,349525.73792139016,5.684341886080802e-14,32.37
2020-09-12,3,-1.5552004128949193e-11,74.32410403340728,349525.73797456,1.4769398148928303e-08,33.05
2020-09-12,4,3.267968022648905,72.83197818440419,369707.7725841813,5.606120724894808,36.43
2020-09-12,5,3.5510032019819633,71.17325404017758,392143.164455373,6.232053297553264,39.46
2020-09-12,6,3.2229951644168064,69.6555932784652,412670.5764636121,5.702058891177515,37.64
2020-09-12,7,2.962168046099727,68.07930310333236,431658.11303964775,5.274315715565464,35.35
2020-09-12,8,-2.658495645846415e-11,68.07930310333217,431658.1130396503,7.105427357601002e-13,33.12
2020-09-12,9,2.1952217821308295e-11,68.07930310333215,431658.1130396503,0.0,30.69
2020-09-12,10,-5.888701617561656,70.95776833480107,395057.7577345449,-10.166765362529276,20.86
2020-09-12,11,-6.189206043778024,73.6557010349029,358566.35102320253,-10.136501864261774,20.68
2020-09-12,12,-6.650480624666672,76.21375168245179,321477.3083717324,-10.302511847630583,18.7
2020-09-12,13,-6.235866069215811,78.47117156941874,287664.6956471827,-9.392392423486044,21.73
2020-09-12,14,2.099476148487156e-11,78.47117156941873,287664.6956471827,0.0,30.29
2020-09-12,15,2.099653784171096e-11,78.47117156941873,287664.6956471827,0.0,35.82
2020-09-12,16,4.145552753633323,76.80172614797775,312670.3721833857,6.946021260056398,44.9
2020-09-12,17,4.599071740245421,74.85040803551759,341898.05996092706,8.118802160428146,49.02
2020-09-12,18,4.879816317276791,72.49636173105677,374247.2173589347,8.98587705500212,49.98
2020-09-12,19,4.371277271874043,70.36151234391735,403122.53261443344,8.020920904305214,47.06
2020-09-12,20,3.750814878987132,68.41624875976228,427617.5932661813,6.804183514374401,43.0
2020-09-12,21,3.2197879326080927,66.67000453002414,448557.86717953987,5.816742753710713,38.35
2020-09-12,22,2.5146107418549946e-11,66.67000453002402,448557.86717953935,-1.4210854715202004e-13,34.85
2020-09-12,23,-2.0520474208751693e-11,66.67000453002416,448557.86717953935,0.0,32.86
2023-07-22,0,4.181691319418359,75.21681904646627,336409.79715136,7.1892492087111215,93.0
2023-07-22,1,4.331251160215324,73.24799826696808,364080.81308576185,7.686393315111612,94.36
2023-07-22,2,3.87033511544118,71.42340256100144,388759.7326109539,6.85525542366446,89.93
2023-07-22,3,3.7251482917314584,69.64344103817488,412834.94392276776,6.687558697726061,88.0
2023-07-22,4,3.9423122338184142,67.47039702940668,438959.8751633952,7.256925344618736,88.8
2023-07-22,5,3.657564794068507,65.44193874409154,463284.3490215753,6.756798293938914,86.18
2023-07-22,6,3.5444684093525636,63.26027830844233,487085.30085684796,6.611375509797966,82.93
2023-07-22,7,3.4017601374467965,61.034267919346746,510128.8294600823,6.400980167565081,79.54
2023-07-22,8,-5.180579989092087,64.53192652232983,473921.2733511855,-10.05765447469355,64.0
2023-07-22,9,-5.55836891785413,67.61416740074607,437235.83742294717,-10.190398868955086,46.56
2023-07-22,10,-5.926273074992465,70.57539336294093,400229.6438286121,-10.27949822064862,42.77
2023-07-22,11,-6.274934588663892,73.31753157459721,363140.326984127,-10.302588012356978,22.34
2023-07-22,12,-6.61040971911217,75.9088099679469,326044.857437656,-10.304297096241939,19.52
2023-07-22,13,-6.935389358154026,78.38192224081125,289001.5107437243,-10.289818526092148,29.05
2023-07-22,14,-7.252773711693723,80.75404143796989,251978.89224876178,-10.284060693045149,46.95
2023-07-22,15,0.0,80.75404143796987,251978.8922487624,0.0,71.05
2023-07-22,16,3.4943250544824944,79.51486572456857,271905.2244518449,5.535092278634025,81.6
2023-07-22,17,4.395820800557602,77.7578083918737,298349.75826824876,7.345703837889971,95.57
2023-07-22,18,4.350297997525445,75.966670017076,325178.20456340734,7.452346193099601,97.79
2023-07-22,19,4.096039871203729,74.23096583870628,350785.496474259,7.113136641903239,90.31
2023-07-22,20,4.240432143744078,72.21491473954865,378053.98267758585,7.574579500924131,95.7
2023-07-22,21,4.068162465447171,70.25531449460982,404558.9320141683,7.362485926828455,94.62
2023-07-22,22,3.6250342069306725,68.37404833065183,428123.6442124257,6.545753388404833,84.88
2023-07-22,23,3.145977827244221,66.6700045300703,448557.8671789861,5.6761730462667686,78.87
2021-06-15,0,-5.53976441662349,78.94222678516516,280609.0266181864,-8.310964828281563,69.1
2021-06-15,1,-5.746832789135031,80.838804427157,250615.87692914132,-8.331430469179189,68.03
2021-06-15,2,-5.863592332328049,82.67883406345888,221027.626126654,-8.218958556246477,68.18
2021-06-15,3,0.0,82.67883406345888,221027.626126654,0.0,71.09
2021-06-15,4,3.61344241945306,81.44003573539385,240947.88985575183,5.5334065914160675,84.78
2021-06-15,5,3.9286713220692664,80.05027297753115,263295.70873015875,6.207727465113024,93.55
2021-06-15,6,4.110967668942445,78.48564592395147,287447.89249634964,6.708939935053024,96.81
2021-06-15,7,3.662017236914341,77.04119907702557,309083.325229924,6.009842425992886,90.0
2021-06-15,8,3.3264997929223687,75.71140831712759,329001.62485557003,5.532861007123898,83.99
2021-06-15,9,3.156241269215596,74.42079813866076,348217.8832553254,5.337849555487594,81.4
2021-06-15,10,0.0,74.42079813866098,348217.8832553254,0.0,74.99
2021-06-15,11,0.0,74.42079813865908,348217.8832553254,0.0,72.01
2021-06-15,12,0.0,74.42079813866098,348217.8832553254,0.0,71.2
2021-06-15,13,0.0,74.42079813866074,348217.8832553254,0.0,73.0
2021-06-15,14,0.0,74.42079813866098,348217.8832553254,0.0,79.01
2021-06-15,15,3.3696813480248906,72.88073834224501,369047.6989765484,5.786059922561947,85.6
2021-06-15,16,3.8411147768059815,71.06516703270594,393605.1160265562,6.821504736113269,94.6
2021-06-15,17,3.9934594920874744,69.06620573705055,419823.5648567897,7.282902452842649,100.0
2021-06-15,18,4.144303047928632,66.74135579704391,447702.25085164304,7.744079443014812,100.0
2021-06-15,19,3.8544503938268626,64.55393971037017,473693.394123514,7.219762019964165,97.36
2021-06-15,20,3.625161821922025,62.182191499818686,498245.59208145883,6.82005498831802,91.77
2021-06-15,21,3.1600714372053282,60.11153998868067,519680.8547190376,5.954239621549647,83.14
2021-06-15,22,-4.964804567688659,63.51514787200304,484446.90612754185,-9.787207942082148,77.59
2021-06-15,23,-5.329502307015389,66.67000453002412,448557.86717953795,-9.969177485556642,70.77
2023-08-10,0,3.2355019437327153,75.65060860984555,329912.3092027611,5.38439144521141,89.15
2023-08-10,1,0.0,75.65060860984555,329912.309202761,0.0,79.98
2023-08-10,2,-5.651581856277353,77.7364266725884,298670.02291983436,-8.67841285636851,75.42
2023-08-10,3,0.0,77.73642667259482,298670.02291973797,0.0,88.65
2023-08-10,4,3.286191692055933,76.4354936633194,318155.96094888955,5.412760563653222,90.0
2023-08-10,5,3.829858086418843,74.86808997100738,341633.2122733576,6.52145870124113,103.32
2023-08-10,6,3.703836530781012,73.20495923410817,364662.9457877728,6.397148198448662,104.2
2023-08-10,7,3.2874857599785505,71.68733660078378,385189.84208318,5.701915637613098,98.0
2023-08-10,8,2.945970672948014,70.31342267390312,403772.97867894673,5.161982387712996,91.04
2023-08-10,9,-6.241550325860983,73.05497244763784,366691.6208669005,-10.300377170012851,47.25
2023-08-10,10,-6.579298151625155,75.67204929084735,329591.16139705095,-10.305683186069317,50.0
2023-08-10,11,-6.904322856756933,78.14549973940201,292542.7931675161,-10.291213397093003,20.56
2023-08-10,12,-6.929526945948812,80.457287709855,256750.78481006002,-9.942224543737808,59.7
2023-08-10,13,-7.524736233893972,82.75971178942841,219727.08705211425,-10.28436048831827,35.98
2023-08-10,14,-6.06715636782738,84.59482287085716,190162.57653086615,-8.212364033680032,74.79
2023-08-10,15,3.6763376918225887,83.37915933743403,209766.17715817783,5.445444618697692,89.99
2023-08-10,16,3.86457868715965,82.06452469031582,230905.91256523874,5.872148724183589,99.3
2023-08-10,17,4.358523881505197,80.51167191632248,255876.26979741678,6.9362103422716785,109.25
2023-08-10,18,6.346547538761449,77.80819572138387,297595.0350247858,11.588545896491382,139.51
2023-08-10,19,5.849172718986004,75.17600235954787,337021.1671651704,10.951703372329064,132.1
2023-08-10,20,4.641755918415242,73.01490092370969,367233.6159543635,8.392346885886965,115.46
2023-08-10,21,3.851787081609764,71.19600736286729,391835.4100209227,6.833831685155346,101.11
2023-08-10,22,4.277561308475617,69.02509934573618,420316.49653212685,7.911412919778925,111.24
2023-08-10,23,4.187679678137517,66.67000453002412,448557.86717953987,7.8448251798369455,106.27
2018-08-06,0,-5.887710229001157,79.06308471491784,278798.76420444704,-8.813815498764711,47.02
2018-08-06,1,-6.156654895709499,81.07254636052811,246857.23369253386,-8.872647364420331,46.02
2018-08-06,2,-6.273652042544171,83.02506497643657,215460.12499153765,-8.721419083610058,45.08
2018-08-06,3,-6.130097964492629,84.86631417695452,185745.94037580426,-8.253940171037058,47.1
2018-08-06,4,0.0,84.86631417695452,185745.94037580464,0.0,54.38
2018-08-06,5,3.713399092325499,83.64686370461284,205461.40738668258,5.476518614132765,64.94
2018-08-06,6,3.7901288822278545,82.36555881038235,226065.18996550096,5.723272938560662,68.01
2018-08-06,7,3.7216211173195486,81.0800588535419,246736.4304603151,5.742011248559486,68.34
2018-08-06,8,3.5403090157402186,79.83151153150483,266813.4610550252,5.576952942975026,65.94
2018-08-06,9,3.422362868768234,78.5440061004404,286573.74849790486,5.488968734133238,64.45
2018-08-06,10,0.0,78.54400610044041,286573.7484975532,0.0,62.36
2018-08-06,11,0.0,78.54400610045215,286573.7484977288,0.0,59.72
2018-08-06,12,0.0,78.54400610044038,286573.74849790457,0.0,60.42
2018-08-06,13,3.337897339027462,77.2361181966265,306163.859949523,5.441697625449564,63.06
2018-08-06,14,3.5740320935747585,75.8044954032704,327607.3261645866,5.956518393073225,66.99
2018-08-06,15,3.7801911678719153,74.21998726450902,350933.9892873489,6.479628645211747,71.71
2018-08-06,16,4.239494034878263,72.20424357318015,378198.3175870603,7.573424527697611,79.92
2018-08-06,17,5.158832143411523,69.53128536532877,414246.512894747,10.013387585468536,95.69
2018-08-06,18,4.5975889005367065,66.89008868982766,445918.70450584637,8.797831003083147,87.1
2018-08-06,19,3.8543350968122065,64.72489174849159,471882.89454055985,7.212275009642639,74.82
2018-08-06,20,3.6229898928493256,62.361005148636764,496394.52370757563,6.808785879726599,71.61
2018-08-06,21,3.41840825907898,60.11154026849493,519680.8518224171,6.468424476344865,67.41
2018-08-06,22,-4.964803209912004,63.51514523681569,484446.9061403967,-9.787207133894555,58.11
2018-08-06,23,-5.329502320083284,66.67000453002412,448557.8671795423,-9.969177489126224,52.42
2023-11-21,0,0.0,76.94472322724803,310528.50000003417,0.0,98.2
2023-11-21,1,-5.708203944782255,79.00236757954086,279708.2117538747,-8.561191179488748,96.12
2023-11-21,2,-6.043819496700618,80.9847007545514,248269.81845217882,-8.732887028248854,91.17
2023-11-21,3,-6.045806716884847,82.87556243792764,217864.17122050218,-8.446013119910184,92.96
2023-11-21,4,0.0,82.8755624391946,217864.17122050218,0.0,101.13
2023-11-21,5,3.626518654889619,81.63647290145046,237789.11455669324,5.53470648227529,119.84
2023-11-21,6,3.957572235281024,80.24041452466993,260238.17331130552,6.235849654058967,131.38
2023-11-21,7,4.082973553408422,78.70746521882579,284125.3870308285,6.635337144311947,132.71
2023-11-21,8,4.004234248807812,77.11211001242587,308021.3082387219,6.637755891081497,133.68
2023-11-21,9,3.951261051424275,75.50283525937887,332125.72244466026,6.695670612760651,135.0
2023-11-21,10,3.7555937552202323,73.89299909127244,355356.73060292134,6.453057821739193,132.54
2023-11-21,11,3.9216591543307544,72.05262504886485,380249.0630469284,6.9145367900019465,133.82
2023-11-21,12,3.7752168160192596,70.25727116724492,404532.46666278143,6.745389893292526,131.42
2023-11-21,13,3.957858359438931,68.16362506635363,430646.9572273579,7.254025156826785,134.45
2023-11-21,14,3.668132225423733,66.13896319999367,454925.9059227913,6.744152415398176,130.88
2023-11-21,15,3.819879258609252,63.873061701830316,480741.8032153864,7.171082581276423,133.67
2023-11-21,16,4.1798667159723735,61.050261821399175,509962.82304542104,8.116949952787394,143.04
2023-11-21,17,4.003657668395668,57.95377205643107,538208.7389113703,7.8460877405414635,142.08
2023-11-21,18,3.616004860749903,54.859409123147046,563731.206577774,7.089574351778822,132.35
2023-11-21,19,3.3295500533719746,50.16486564685902,588096.6513325886,6.768179098559614,124.79
2023-11-21,20,-4.1781785141276195,55.9140326679934,555115.5389332034,-9.161420110940355,110.52
2023-11-21,21,-4.637004455665867,60.0470386834293,520348.5684367217,-9.657491804578257,110.91
2023-11-21,22,-5.060221666189886,63.515147870761005,484446.90614039527,-9.972683971201775,98.04
2023-11-21,23,-5.3295023200832325,66.67000453002412,448557.8671795397,-9.969177489126551,98.0
2021-08-12,0,0.0,76.94472322724708,310528.5,0.0,90.05
2021-08-12,1,-5.720594997598518,79.00671442321806,279643.1028467194,-8.57927698703585,87.0
2021-08-12,2,-5.926875450306934,80.95323350529321,248775.8216407942,-8.574244779423665,84.64
2021-08-12,3,-5.994393050920329,82.82958318308246,218603.53323614938,-8.381191223512452,87.02
2021-08-12,4,3.6234624181637365,81.59056185640485,238527.38285253296,5.534402671217656,106.92
2021-08-12,5,3.9508181629727597,80.19597437494318,260952.77985480425,6.2292769450753696,120.0
2021-08-12,6,3.7865723768425004,78.79194725912006,282859.97844328923,6.085332941245824,120.77
2021-08-12,7,3.5567183568240868,77.3985324388001,303731.1490908681,5.797547402105238,109.0
2021-08-12,8,3.2645578729735374,76.1005093771089,323173.50066489045,5.400653215006216,102.72
2021-08-12,9,0.0,76.1005093771059,323173.50066489045,0.0,98.06
2021-08-12,10,0.0,76.10050937710659,323173.50066489045,0.0,95.0
2021-08-12,11,0.0,76.10050937710591,323173.50066489045,0.0,91.94
2021-08-12,12,0.0,76.1005093771059,323173.50066489045,0.0,92.99
2021-08-12,13,0.0,76.10050937710774,323173.50066489045,0.0,94.95
2021-08-12,14,3.1814513630241734,74.81366491606477,342448.414317033,5.354142681150705,100.91
2021-08-12,15,3.398531121488956,73.29947175743825,363384.5985080119,5.815606719716357,111.4
2021-08-12,16,3.8744309666847423,71.47361688091055,388080.5491863398,6.859986299535521,126.1
2021-08-12,17,4.545272915416256,69.15548551519649,418752.9568756934,8.520113247042673,139.09
2021-08-12,18,4.310927156551722,66.71596884459187,448006.6811994248,8.126034534369836,137.65
2021-08-12,19,4.095469789044373,64.33463274377546,475963.64694100746,7.765823817106309,133.37
2021-08-12,20,3.62788605500187,61.95797040976416,500566.7156159316,6.834185743034482,119.0
2021-08-12,21,2.9688495300762923,60.01528829811024,520677.2465578336,5.586258594972776,107.12
2021-08-12,22,-5.056350809182409,63.48244714344162,484785.4221452289,-9.969951225723548,94.87
2021-08-12,23,-5.385958519752671,66.67000453002412,448557.867179555,-10.063209712687183,85.37
2021-05-07,0,3.2355025342309873,75.65060837957436,329912.3126518626,5.384392403295166,65.0
2021-05-07,1,0.0,75.65060837957436,329912.3126518626,0.0,60.25
2021-05-07,2,0.0,75.65060837957436,329912.3126518626,0.0,60.01
2021-05-07,3,3.4611962367864813,74.20923166564245,351079.4662047859,5.879764875812029,69.3
2021-05-07,4,4.0713407468816065,72.28990674856342,377039.6638619402,7.211166015876188,80.0
2021-05-07,5,4.911979185962743,69.80075460714562,410707.1690430208,9.352084772522389,91.07
2021-05-07,6,5.127716934505848,66.76370158270359,447434.11537723977,10.20192953728305,101.5
2021-05-07,7,4.344339121910907,64.18348741481623,477528.2944952953,8.35949419945986,84.16
2021-05-07,8,3.965464738335136,61.54471474672386,504844.7139300353,7.587894287427787,78.75
2021-05-07,9,3.828148882027147,58.7669080142648,531468.8940529609,7.395605589701546,76.98
2021-05-07,10,3.682487137835899,55.637372023864785,557408.697662553,7.205501002664505,75.64
2021-05-07,11,-4.623762867152523,59.82797461639676,522616.3067722362,-9.664553025088026,56.23
2021-05-07,12,-5.033514410410547,63.28952685126447,486782.5216621054,-9.953829197258557,56.64
2021-05-07,13,-5.316941876565702,66.47822985765907,450857.5536154805,-9.979157790729147,53.88
2021-05-07,14,-5.652003610945995,69.4956498791536,414673.83962764853,-10.05103166328665,53.06
2021-05-07,15,-5.654695949440747,72.06721657651178,380051.7025383123,-9.617260302593394,55.43
2021-05-07,16,-5.492449775308419,74.44788072178952,347851.5725776351,-8.944480544632555,61.28
2021-05-07,17,3.669984791183012,72.75494773657942,370749.6626953078,6.360580588242414,81.06
2021-05-07,18,3.831102073183388,70.9424132820992,395265.44544788066,6.809939653492464,84.2
2021-05-07,19,3.4263401115698855,69.28103938318725,417247.3642776862,6.106088563834874,81.15
2021-05-07,20,3.5603239101079787,67.34056262584939,440516.79826015566,6.46373166179707,82.22
2021-05-07,21,3.611167746914319,65.33988430401114,464508.1457236737,6.664263184310556,83.4
2021-05-07,22,2.8497095146955864,63.62349036374016,483325.3510263037,5.227001472952793,74.61
2021-05-07,23,-5.160133721073329,66.6700045300241,448557.86717954004,-9.657634401878795,67.48
2021-06-13,0,5.2076725219669795,74.65569556414619,344814.54768442607,9.52390213456279,31.57
2021-06-13,1,0.0,74.65569556414619,344814.54768442607,0.0,18.49
2021-06-13,2,0.0,74.6556955641597,344814.54768422374,0.0,17.86
2021-06-13,3,-5.257614375956465,76.62584217273356,315304.83853755845,-8.19714142962924,15.98
2021-06-13,4,0.0,76.62584217273356,315304.83853755845,0.0,16.27
2021-06-13,5,3.8817444413778146,75.03809629067953,339086.7839899052,6.6060959589852075,26.06
2021-06-13,6,-6.815911592137334,77.51092532858985,302047.67971178045,-10.288640077256872,8.59
2021-06-13,7,-7.142758544131094,79.94270111796685,265025.4978038054,-10.283939418881971,5.75
2021-06-13,8,-7.454957593224241,82.24510797702057,228002.07695719038,-10.284283568504165,0.01
2021-06-13,9,-7.767994267056104,84.54616481285377,190954.14861213125,-10.291091206960871,0.01
2021-06-13,10,-8.088107865256488,86.83689297517907,153688.45134698498,-10.35158257365174,-0.01
2021-06-13,11,-8.410103101532158,89.14108611167177,116203.70510900172,-10.412429510550908,-23.4
2021-06-13,12,-8.78142438948918,91.72383291273223,78183.703374,-10.56111159305603,-36.72
2021-06-13,13,-9.177290847184976,94.46506729362602,39574.40959422918,-10.724803827714119,-21.01
2021-06-13,14,-9.752588657290973,98.3528042160941,0.0,-10.99289155395255,-1.97
2021-06-13,15,1.385806336351436e-07,98.3528042160941,0.0,0.0,13.69
2021-06-13,16,8.651065513737342,94.62254133404255,37971.43534463761,10.547620929066003,66.28
2021-06-13,17,8.265065242132312,91.7808528875256,77346.38535731813,10.937486114633476,81.09
2021-06-13,18,7.892546783377199,89.01961196056409,118179.85357356856,11.342630060069567,85.0
2021-06-13,19,7.554476204376215,86.44672260473223,160035.76533475303,11.626642155884575,105.5
2021-06-13,20,7.210324156700931,83.8133586728649,202784.1163361452,11.874541944831158,84.71
2021-06-13,21,6.86948673349951,81.14149496856027,245748.51855735906,11.934556172559404,75.01
2021-06-13,22,6.524916452035985,78.40994998975187,288581.69898165844,11.898105673416495,68.56
2021-06-13,23,6.17770085215362,75.60180775396731,330643.2695570861,11.683769604285459,64.2
2018-03-05,0,-6.3859987261919,79.2190925377465,276462.01146927185,-9.462913480757823,38.37
2018-03-05,1,-6.806372497118052,81.38985962994445,241754.73729072718,-9.640909494040184,36.64
2018-03-05,2,-7.651194273593214,83.69231364878249,204730.5278859518,-10.284502612437613,35.22
2018-03-05,3,-7.969070531000099,85.98507847829124,167545.81848864563,-10.329085943696157,33.0
2018-03-05,4,-8.290368156679348,88.28426462164322,130142.52630254911,-10.38980338502681,38.2
2018-03-05,5,0.0,88.28426462164322,130142.52630254914,0.0,47.0
2018-03-05,6,5.673123706069809,86.47319630486083,159605.08966109314,8.18404537737333,67.78
2018-03-05,7,4.687943077884197,84.95568311584537,184292.08134687756,6.857497690495677,67.11
2018-03-05,8,6.253435162060793,82.68436184161811,220938.73772870074,10.17962677272866,72.7
2018-03-05,9,4.453498288179607,81.10983927668994,246257.55196198839,7.033003953691008,69.65
2018-03-05,10,4.212244060101646,79.59036203580759,270691.2202056457,6.787130067682597,66.84
2018-03-05,11,3.7407913342102765,78.14845186732133,292498.53111067,6.057586362506754,61.54
2018-03-05,12,3.6382737099277396,76.70747122059001,314082.163306345,5.9954533876874905,60.36
2018-03-05,13,3.220312367865351,75.41539959194763,333435.37173863256,5.375891231190991,54.45
2018-03-05,14,3.113632410151131,74.10856536080426,352441.0476377998,5.279354416435339,55.1
2018-03-05,15,3.049641702582216,72.71623351302927,371273.29935867945,5.231181033577684,55.49
2018-03-05,16,4.11099968513124,70.74259598847517,397968.1126157157,7.415225904732296,69.67
2018-03-05,17,4.988678691819189,67.97559945365394,432901.68641449336,9.703770499660465,83.16
2018-03-05,18,4.849305586214346,65.09070978620532,467496.14852776326,9.60957280924164,83.61
2018-03-05,19,3.6177274221430045,62.79426128874939,491909.48163134855,6.781481417662576,62.48
2018-03-05,20,2.284431783361094,61.324331714858225,507126.10611191415,4.226840133490441,54.96
2018-03-05,21,2.063106949776634,59.98532760048131,520987.397937255,3.8503588403724507,52.01
2018-03-05,22,-5.052698142596821,63.451589672296215,485104.85687210254,-9.967372518097903,49.08
2018-03-05,23,-5.442414719423175,66.67000453002412,448557.8671795398,-10.151941581267423,40.25
2020-05-23,0,4.9329429430144955e-12,76.94472322724846,310528.5000000276,7.66497976201208e-12,10.87
2020-05-23,1,-8.531841899639403e-12,76.94472322725132,310528.4999999849,-1.1857181902996672e-11,8.72
2020-05-23,2,0.0,76.94472322725132,310528.4999999849,0.0,9.37
2020-05-23,3,0.0,76.94472322725132,310528.4999999849,0.0,9.5
2020-05-23,4,7.383427202967141e-11,76.94472322726081,310528.4999998428,-3.949196525354637e-11,12.37
2020-05-23,5,3.6221343140413875,75.48524910347862,332389.1355040569,6.0723987511705815,15.07
2020-05-23,6,4.056778205116198,73.70915768215569,357843.3128776431,7.070604825996185,16.57
2020-05-23,7,4.195844125463639,71.70771757980665,384914.17523846176,7.519683989116288,16.72
2020-05-23,8,3.7477718210855393,69.92080099916792,409083.4585200156,6.713689800431624,15.53
2020-05-23,9,-6.191516540703843,72.66146886654481,372014.02909896994,-10.297063728068238,-2.41
2020-05-23,10,-6.532670508756083,75.31721045793887,334906.09111218137,-10.307760551885721,-32.0
2020-05-23,11,-6.85775937917634,77.79115398740029,297850.293496933,-10.293277115346754,-19.0
2020-05-23,12,-7.178154080466834,80.20373626806102,260827.97112441208,-10.283978436811381,-39.21
2020-05-23,13,-7.490354314063312,82.50615186259486,223804.4098085506,-10.28432258773929,-40.0
2020-05-23,14,-7.804264320336367,84.80571277634306,186731.80744033612,-10.297945102281801,-44.51
2020-05-23,15,-8.124591115082055,87.09796656998552,149441.29111732898,-10.358476756390878,-12.04
2020-05-23,16,7.144028842610098,84.53937078569128,191064.67423608457,11.562050866321002,7.98
2020-05-23,17,6.962927166947175,81.87398525762036,233969.84610800914,11.918103297756815,12.2
2020-05-23,18,6.620397076631366,79.18215946051365,277015.2110952693,11.957045829794495,12.95
2020-05-23,19,6.271461459939973,76.3601064100959,319285.14387685555,11.74164799488507,13.41
2020-05-23,20,5.92359244289262,73.51464969218492,360474.16803958296,11.441395600757616,14.56
2020-05-23,21,5.574235959773155,70.59426241846916,399974.4267953952,10.972294098836727,13.99
2020-05-23,22,4.391154106997419e-12,70.59426241846727,399974.4267954206,7.048583938740194e-12,0.03
2020-05-23,23,1.3937295761934365e-11,70.59426241846727,399974.4267954206,0.0,-1.42
2020-06-28,0,0.0,76.94472322725031,310528.5,0.0,16.9
2020-06-28,1,0.0,76.94472322725031,310528.5,0.0,14.26
2020-06-28,2,0.0,76.94472322722268,310528.4999999997,0.0,15.48
2020-06-28,3,0.0,76.94472322725142,310528.4999999836,0.0,13.02
2020-06-28,4,-5.320653611726369,78.85638150219819,281894.85444412427,-7.953790432183155,12.45
2020-06-28,5,0.0,78.85638150224858,281894.85444412427,0.0,12.6
2020-06-28,6,0.0,78.85638150224858,281894.85444412427,0.0,13.36
2020-06-28,7,0.0,78.85638150224858,281894.85444412427,0.0,12.48
2020-06-28,8,0.0,78.85638150224858,281894.85444412427,0.0,14.08
2020-06-28,9,0.0,78.85638150224858,281894.85444412363,0.0,15.9
2020-06-28,10,-5.617794166179552,80.71855185269223,252549.57585589268,-8.151466274508593,10.39
2020-06-28,11,-7.560163407664579,83.02098467540895,215525.737505474,-10.284399541782967,0.0
2020-06-28,12,-7.875796405871001,85.3175953198065,178404.47283392033,-10.31146240876491,-1.14
2020-06-28,13,-8.19654366852689,87.6128579755819,141065.00816898295,-10.372073518038164,-3.04
2020-06-28,14,-8.534329532448911,90.00627321057766,103405.4557257458,-10.460986789788098,2.2
2020-06-28,15,3.6981066188055305,88.84550390334434,121012.25344470303,4.890777144154786,16.9
2020-06-28,16,7.53102605168953,86.2682549947485,162939.08666055207,11.646342559958072,25.04
2020-06-28,17,7.18717589515724,83.6318947520442,205702.11281561304,11.878618376405825,29.83
2020-06-28,18,6.846221218510651,80.95911392461018,248681.26266297043,11.938652735377055,33.04
2020-06-28,19,6.501142964219747,78.21767935533832,291461.6118136767,11.883430319640624,35.07
2020-06-28,20,6.154355631274635,75.41300085480654,333471.3010623921,11.669358124643182,36.0
2020-06-28,21,5.803268495334666,72.50882171374334,374078.6874709138,11.279829557922682,31.09
2020-06-28,22,5.4588453390999705,69.62967376360535,413021.1558381369,10.817352324228636,24.02
2020-06-28,23,5.002984540783546,66.67000453002406,448557.8671795405,9.871308705945452,17.4
2022-11-16,0,-7.0712418508121155,79.41527950757838,273506.60190068797,-10.283860583142227,100.4
2022-11-16,1,-7.383438506615896,81.71766871659156,236483.46487223357,-10.284204730126236,114.68
2022-11-16,2,-7.695645610007565,84.02013497451995,199459.08887317654,-10.28454888862695,90.2
2022-11-16,3,-8.01462070548645,86.31101994947534,162243.38392173822,-10.33769581984398,79.59
2022-11-16,4,-8.336183981862106,88.61212198732836,124808.92385389839,-10.398461129955507,91.1
2022-11-16,5,-8.69589768598356,91.12933563683312,86913.68408308711,-10.526455491892023,120.74
2022-11-16,6,7.4075438022105216,88.59387237607669,125105.80957752853,10.60892374845595,188.01
2022-11-16,7,7.497134468327893,86.01032277733631,167135.14278239844,11.674814779130529,221.16
2022-11-16,8,4.686616814342877,84.46423171669369,192287.04092459075,6.986638372831202,183.38
2022-11-16,9,4.373889129169813,82.97939846558828,216194.45673793778,6.640948837040838,174.42
2022-11-16,10,4.155150502600975,81.54029860145778,239335.6316786292,6.428104150192063,163.64
2022-11-16,11,3.9434225240002263,80.14732238131869,261735.12402931307,6.222081208523292,161.0
2022-11-16,12,4.118964266189309,78.588552899805,285906.5072444147,6.714273115306014,174.0
2022-11-16,13,5.606912661768639,76.14444565934731,322515.40400127805,10.169137988017596,201.07
2022-11-16,14,5.833108840341943,73.33335536471999,362926.2992724087,11.22524868642519,220.58
2022-11-16,15,5.553437507732539,70.42040122628521,402326.0197298905,10.944366793744933,238.33
2022-11-16,16,5.203538737703239,67.42019875313244,439561.8331468531,10.343281504711825,261.15
2022-11-16,17,4.864444982697442,64.47594514998515,474500.789224603,9.705265577152758,239.53
2022-11-16,18,4.517223726640012,61.354535795924214,506813.435241469,8.975735004684992,202.07
2022-11-16,19,4.025518981105236,58.31878486862722,535183.2550401518,7.8805054996341255,159.29
2022-11-16,20,2.9568016059119095,55.82818224486568,555827.1278468842,5.734409112981211,121.1
2022-11-16,21,-4.642389085591603,59.98532760048131,520987.39793725533,-9.67770275267469,99.48
2022-11-16,22,-5.052698142596821,63.451589672296215,485104.8568721026,-9.96737251809796,72.83
2022-11-16,23,-5.442414719423159,66.67000453002412,448557.8671795398,-10.151941581267451,74.31
2023-09-21,0,-7.071241850811894,79.41527950757833,273506.601900689,-10.283860583141948,39.17
2023-09-21,1,-7.383438506612095,81.71766871659045,236483.4648722511,-10.28420473012164,12.7
2023-09-21,2,-7.695645610005988,84.02013497451847,199459.0888732004,-10.284548888625196,18.08
2023-09-21,3,-8.014620705484672,86.31101994947338,162243.38392177026,-10.337695819841706,46.69
2023-09-21,4,0.0,86.31101994947338,162243.38392177026,0.0,84.75
2023-09-21,5,4.587883593022667,84.82413296693355,186432.14672222928,6.7191007779052825,112.69
2023-09-21,6,4.4274579266730285,83.33183210027717,210527.21390191157,6.693074216578417,115.82
2023-09-21,7,4.017376050213466,81.95704247731591,232634.26009416147,6.14084616451386,108.37
2023-09-21,8,4.004736085798314,80.55070947308256,255248.53370156995,6.281742668724576,108.98
2023-09-21,9,3.4717972566911666,79.30946199969252,275108.4185303429,5.516634674659159,101.3
2023-09-21,10,3.386905997026866,77.994981974342,294797.26963341725,5.469125306409538,96.3
2023-09-21,11,0.0,77.99498197435031,294797.26963329304,0.0,90.9
2023-09-21,12,0.0,77.99498197435031,294797.2696334175,0.0,94.2
2023-09-21,13,0.0,77.994981974342,294797.2696334175,0.0,93.8
2023-09-21,14,3.627467187815121,76.55557547619483,316357.3235498569,5.988903865677628,105.47
2023-09-21,15,3.839075406586194,74.986694450458,339856.7030141745,6.527605406754873,112.22
2023-09-21,16,5.073996093962485,72.52657268100336,373838.5933552303,9.439413983626622,132.97
2023-09-21,17,5.460881765984227,69.64669693455909,412790.90567112336,10.820086754414731,170.71
2023-09-21,18,4.861106323264934,66.80919202770244,446888.7854571418,9.471633273894028,132.27
2023-09-21,19,4.100390065283417,64.44028071179798,474869.98539076204,7.77255553711673,114.8
2023-09-21,20,3.379914913527798,62.245046684150445,497594.91891070176,6.312481533316571,100.1
2023-09-21,21,3.1852681968537633,60.15796457173062,519200.2701662229,6.001486459866982,94.75
2023-09-21,22,-4.969158634695927,63.56212205986098,483960.63209808076,-9.78878835226169,88.93
2023-09-21,23,-5.253653505983905,66.67000453002412,448557.8671795388,-9.834101366261649,87.16
2023-07-05,0,3.9131849020185574,75.34969046254805,334419.5915365011,6.636414315694736,92.51
2023-07-05,1,0.0,75.34969046254803,334419.5915365011,0.0,72.85
2023-07-05,2,-5.576748064245298,77.41960863017987,303415.46076857345,-8.612258546646558,67.87
2023-07-05,3,0.0,77.41960863017985,303415.46076857345,0.0,68.59
2023-07-05,4,3.265907285603526,76.1214040599018,322860.5310567731,5.401408413388779,76.39
2023-07-05,5,3.809630218063166,74.55599151385863,346307.9581300882,6.513174187031993,93.02
2023-07-05,6,4.268719486600437,72.53668490201909,373701.8185684369,7.609405677319074,98.35
2023-07-05,7,3.24230247577597,71.03137478917897,394062.1795041528,5.655655815476635,82.4
2023-07-05,8,0.0,71.03137478917893,394062.17950415297,0.0,73.44
2023-07-05,9,-6.33304263053524,73.77453722555745,356959.0093111434,-10.306436164724872,39.82
2023-07-05,10,-6.66456194876136,76.32091130494294,319872.2251358531,-10.3018844931362,18.58
2023-07-05,11,-6.989465498498675,78.79344453418756,282837.55160887894,-10.287409313048371,19.42
2023-07-05,12,-7.304752878810231,81.13737761801094,245814.72683846904,-10.284117991780533,21.68
2023-07-05,13,-7.616957349009424,83.43982445667709,208790.66310790752,-10.2844621473782,40.64
2023-07-05,14,-7.933990993149138,85.73403492350458,171629.80945138863,-10.322459349033025,22.0
2023-07-05,15,-6.263655585530332,87.51295327094631,142690.26363994915,-8.038762725399856,60.33
2023-07-05,16,5.538711593957987,85.71370003253776,171960.6186251536,8.130654162556795,94.94
2023-07-05,17,6.82396200318615,83.2195892157885,212332.11451411512,11.214304413600424,105.3
2023-07-05,18,6.793359467317575,80.54472458600793,255344.77255354135,11.947960566507284,118.67
2023-07-05,19,6.447127010750028,77.78081981941182,298005.0831406498,11.850086274196784,123.08
2023-07-05,20,6.101312733621783,74.98401092573111,339896.89800973184,11.63661524141169,122.03
2023-07-05,21,5.74876794729476,72.05323376309738,380240.8297657092,11.206647709993703,114.95
2023-07-05,22,5.141282639956248,69.3705572137605,416174.1578554247,9.98148002492097,91.62
2023-07-05,23,4.669208490376256,66.67000453002412,448557.8671795398,8.995474812254201,84.0
2021-02-20,0,4.181691319414041,75.21681904646664,336409.79715136,7.1892492087111215,37.66
2021-02-20,1,4.033124532061854,73.41916836470622,361765.61906585854,7.043283865138459,36.35
2021-02-20,2,3.785626219465593,71.64393850645052,385776.8313400856,6.669781187285295,35.02
2021-02-20,3,3.7426967893678214,69.85858212176713,409925.01189137314,6.707827930913211,35.02
2021-02-20,4,3.323912983207569,68.10320433115827,431371.4989169891,5.957357507115532,32.51
2021-02-20,5,3.7295098832717932,66.03811282452841,456135.2639556156,6.878823621840695,35.15
2021-02-20,6,4.059673750296913,63.5664471065366,483915.85946931556,7.716832087138883,37.01
2021-02-20,7,4.164191740276039,60.75172481214798,513053.69908526144,8.09384433776276,38.95
2021-02-20,8,3.9822025120735303,57.59554073476372,541178.0130016375,7.812309421215559,37.41
2021-02-20,9,3.409840903172267,54.57773751918927,565193.1506298688,6.670871563397611,30.69
2021-02-20,10,0.0,54.577737519189334,565193.1506298688,0.0,28.58
2021-02-20,11,-4.511315315267797,58.84108640113102,530854.0512354439,-9.538638720673617,27.82
2021-02-20,12,-4.936498125527141,62.46994009603,495266.8355402416,-9.885337693111723,20.55
2021-02-20,13,-5.337052776297467,65.81208962882968,458845.64521162806,-10.116997313503774,17.03
2021-02-20,14,-5.348283209803394,68.71240957280989,424066.1492917324,-9.66097108885991,23.83
2021-02-20,15,-5.262659076969236,71.23126663245071,391358.5040007446,-9.085457025274394,25.95
2021-02-20,16,3.7172947787934003,69.43373625587921,415416.28344407084,6.682716512035071,38.0
2021-02-20,17,4.588038055205027,66.79758979345213,447027.9036877439,8.781005623242507,45.02
2021-02-20,18,4.099780055518016,64.42713138087841,475006.1064909339,7.771723000886112,41.23
2021-02-20,19,3.742258892972782,61.96602035949034,500483.383009904,7.077021255269472,38.2
2021-02-20,20,-4.9227527300271765,65.17248267744075,466515.5601816572,-9.43550634117966,29.37
2021-02-20,21,2.8134686307981696,63.45158967229345,485104.85687213077,5.163693525131549,34.3
2021-02-20,22,0.0,63.45158967229351,485104.85687213065,0.0,30.51
2021-02-20,23,-5.442414719392277,66.67000453002412,448557.86717973975,-10.151941581219702,19.11
2023-10-07,0,-7.07124185081212,79.41527950757838,273506.60190068797,-10.283860583142227,5.92
2023-10-07,1,-7.383438506615885,81.71766871659155,236483.4648722337,-10.284204730126207,5.46
2023-10-07,2,-7.695645610007569,84.02013497451993,199459.08887317657,-10.284548888626972,6.93
2023-10-07,3,-8.014620705486427,86.31101994947534,162243.38392173822,-10.337695819843987,22.27
2023-10-07,4,0.0,86.31101994947534,162243.38392173822,0.0,53.02
2023-10-07,5,4.587883593028863,84.82413296693349,186432.14672222952,6.7191007779142495,68.12
2023-10-07,6,4.6945606073783885,83.21815244910906,212355.2181707244,7.2008531801374716,71.76
2023-10-07,7,4.366073774105637,81.69718109180832,236812.91227268532,6.793803917211363,69.03
2023-10-07,8,0.0,81.69718109180832,236812.91227268532,0.0,46.81
2023-10-07,9,-7.692867460264727,83.99964666412315,199788.54729850817,-10.284545826160318,19.64
2023-10-07,10,-8.011774011306718,86.29064904813389,162574.77891434098,-10.337157884490885,10.39
2023-10-07,11,-8.333320554722013,88.5916313451705,125142.26679697733,-10.397920032601014,0.22
2023-10-07,12,-8.692584612382126,91.10630641730071,87251.85996784484,-10.525113008092358,1.0
2023-10-07,13,-9.069174875413397,93.7239904425891,48812.10259689382,-10.677710380819729,22.01
2023-10-07,14,6.588159183573241,91.67354299307934,78922.19292850175,8.363913981002206,61.73
2023-10-07,15,7.879500275175566,88.92032138585057,119795.11834370192,11.353590393111155,86.44
2023-10-07,16,7.541103020075877,86.34494585846328,161691.47528649174,11.637876928552728,102.28
2023-10-07,17,7.1971229945438076,83.70987324661388,204448.19428679766,11.876866388973866,108.91
2023-10-07,18,6.856218852343385,81.0374865244138,247421.00679899805,11.93689236450011,100.0
2023-10-07,19,6.511358878156006,78.30030170252044,290224.0585149786,11.889736587772376,83.99
2023-10-07,20,6.164387508504241,75.49413470409863,332256.04312973877,11.67555128187783,76.19
2023-10-07,21,5.81357610670727,72.59498598004966,372913.2542066161,11.293669743577027,72.0
2023-10-07,22,5.468730294492854,69.71230540013002,411903.5057738742,10.83062543534946,91.21
2023-10-07,23,5.116894821866804,66.67000453002412,448557.8671795398,10.181767057129349,82.01
2021-06-18,0,0.0,76.94472322725287,310528.5,0.0,67.07
2021-06-18,1,-5.539764960464535,78.94222687024414,280609.0253438366,-8.310965182267623,65.19
2021-06-18,2,0.0,78.94222687024413,280609.0253438366,0.0,66.09
2021-06-18,3,0.0,78.94222687024413,280609.0253438366,0.0,70.1
2021-06-18,4,3.694167064350978,77.49310443248709,302314.60881155584,6.029328741033126,85.57
2021-06-18,5,4.3109470539848145,75.71465424472784,328953.00594620896,7.399554759625872,97.05
2021-06-18,6,4.676947367752964,73.60456386065513,359258.01669131726,8.418058540307854,100.02
2021-06-18,7,4.18690668335553,71.60605245796876,386289.26636256767,7.508680464236221,95.0
2021-06-18,8,3.4607362511603346,69.9732813023311,408373.62610389036,6.1345443725896445,84.1
2021-06-18,9,3.333042229966139,68.2288754107772,429864.5007634213,5.969687405425262,81.0
2021-06-18,10,2.544433246287701,66.86002742738233,446279.18734041596,4.559635160276287,72.4
2021-06-18,11,-5.661149538007789,69.83487989373957,410245.6009274805,-10.009329559148739,59.51
2021-06-18,12,-5.420296015208335,72.2810499063213,377159.4587819537,-9.1905950404241,67.15
2021-06-18,13,-5.493173404723297,74.63890618035062,345066.0263461669,-8.914842343274117,67.7
2021-06-18,14,-5.675934329515179,76.77120502410949,313127.5307949942,-8.871804319770192,66.0
2021-06-18,15,3.2909943387811844,75.45121770213241,332898.8725719549,5.492039382489082,83.85
2021-06-18,16,3.714816553862248,73.8558666440988,355858.9726462266,6.377805576186574,91.1
2021-06-18,17,3.918705450831812,72.01639431824208,380739.0064120641,6.911120490510413,97.0
2021-06-18,18,3.7723346571892806,70.22193261438522,405010.42460126337,6.7420606081109185,96.91
2021-06-18,19,3.622166751504579,68.33762488179302,428560.4198838838,6.5416653562834455,92.37
2021-06-18,20,3.2142392239278155,66.5936302072749,449473.71801591245,5.809249481119082,85.86
2021-06-18,21,2.7812262693054306,65.07786506049827,467650.1774259361,5.04901650278434,81.37
2021-06-18,22,2.4416377404795497,63.586010824581095,483713.33701095276,4.4619887736157295,80.17
2021-06-18,23,-5.216589920743299,66.6700045300241,448557.86717954004,-9.765408286503515,74.23
2021-04-25,0,3.8360928551922786,75.38625344388609,333871.9353670947,6.484287601970747,48.71
2021-04-25,1,3.7460876567894887,73.76662881779546,357065.97599866375,6.44278906432473,48.3
2021-04-25,2,3.6198234322851457,72.08811801307873,379768.9961451607,6.306394485138043,48.03
2021-04-25,3,3.4962315413899994,70.44514147350426,401991.3907662489,6.1728873947467235,47.32
2021-04-25,4,3.0973881613926526,68.90378450208154,421771.25641772914,5.494407125411172,44.76
2021-04-25,5,2.9904283261311004,67.29611410465527,441049.80744237546,5.3551530624017545,43.8
2021-04-25,6,2.8861793550793133,65.7291896202479,459839.7495056101,5.219428350898511,43.48
2021-04-25,7,-5.2321489748524375,68.57208138471348,425748.9097249384,-9.46967771685324,37.21
2021-04-25,8,-6.034499542232057,71.42656826951365,388716.91421268746,-10.28666542006971,17.8
2021-04-25,9,-6.3834041540121484,74.1706183888296,351601.7374936628,-10.309771310840176,15.5
2021-04-25,10,-6.711495018569068,76.6780744530336,314522.4808221408,-10.299793519867222,15.32
2021-04-25,11,-7.036332622632704,79.15010583221374,277495.3242220357,-10.285321277806972,1.61
2021-04-25,12,-7.349802582106688,81.46961035918945,240472.32067524013,-10.284167651887657,-6.94
2021-04-25,13,-7.66200855988014,83.77206831590304,203448.0781623072,-10.284511809148043,-3.29
2021-04-25,14,-7.980153738735158,86.06437484644236,166255.82061882236,-10.33118265096801,0.11
2021-04-25,15,-8.301514417164944,88.36402709640893,128844.9457835576,-10.391909676462433,17.67
2021-04-25,16,6.193757387732956,86.3449459480714,161691.47382874187,9.124035568106741,54.7
2021-04-25,17,7.197123006164777,83.7098733377264,204448.19282166893,11.876866386924178,65.93
2021-04-25,18,6.856218864026308,81.0374866159868,247421.00532647557,11.936892362446287,67.88
2021-04-25,19,6.511358890092645,78.30030179905896,290224.05706898286,11.889736595140917,66.0
2021-04-25,20,6.164387520225665,75.49413479889559,332256.04170979065,11.675551289113272,64.98
2021-04-25,21,5.8135760649393236,72.59498612330992,372913.2542066157,11.29367013800696,59.98
2021-04-25,22,5.4687302944928655,69.71230540013012,411903.5057738742,10.830625435349575,52.5
2021-04-25,23,5.11689482186679,66.67000453002412,448557.86717953975,10.181767057129335,51.14
2023-07-08,0,3.5535136314916653,75.5160892870795,331927.1978776274,5.944082743785393,89.97
2023-07-08,1,0.0,75.51608928707947,331927.1978776232,0.0,80.59
2023-07-08,2,0.0,75.51608928707948,331927.1978776232,0.0,75.43
2023-07-08,3,0.0,75.51608928707947,331927.1978776234,0.0,77.52
2023-07-08,4,0.0,75.51608928708885,331927.19787748274,0.0,79.37
2023-07-08,5,3.1429361286087136,74.20804425263626,351095.52678737295,5.324535808302841,85.16
2023-07-08,6,2.991358495455998,72.84334664000542,369554.0063553136,5.127355435539059,83.72
2023-07-08,7,0.0,72.84334664000542,369554.0063553136,0.0,76.04
2023-07-08,8,-6.101823255462961,75.34390914630174,334506.1696984403,-9.735510182464807,60.9
2023-07-08,9,-6.861262942233296,77.81781628790782,297450.9340128553,-10.293121023773608,46.32
2023-07-08,10,-7.1815217817948325,80.22857240596491,260428.59827586258,-10.283982149164643,38.58
2023-07-08,11,-7.493722128090914,82.53098883163437,223405.023595081,-10.284326300217103,32.78
2023-07-08,12,-7.807715227406648,84.83040741617056,186330.07362179674,-10.298597214801184,25.32
2023-07-08,13,-8.128062306695627,87.12280636570408,149037.19589442125,-10.359132702048747,40.0
2023-07-08,14,-8.4550944826377,89.45550930483252,111493.22747397596,-10.428880116790356,60.9
2023-07-08,15,3.899341043170157,88.27209886395565,130340.43954709821,5.235336686978403,83.4
2023-07-08,16,5.969199328315771,86.3449452851874,161691.484612577,8.708623629299666,107.3
2023-07-08,17,7.197123046435632,83.709872954207,204448.1928216805,11.876863391417636,120.98
2023-07-08,18,6.8562188640249335,81.03748661598677,247421.00532647612,11.936892362443224,128.76
2023-07-08,19,6.51135889009263,78.30030179905884,290224.05706898327,11.889736595140874,132.86
2023-07-08,20,6.164387520225823,75.49413479889805,332256.041709792,11.675551289113542,129.71
2023-07-08,21,5.813576064939273,72.59498612330988,372913.25420661655,11.293670138006817,115.92
2023-07-08,22,5.46873029449287,69.71230540012999,411903.50577387447,10.830625435349418,109.44
2023-07-08,23,5.116894821866756,66.67000453002412,448557.86717953987,10.181767057129278,101.74
2018-10-11,0,-5.720594997598361,79.0067144235509,279643.10284173384,-8.579276988407274,51.3
2018-10-11,1,-5.9268754513590975,80.9532335056143,248775.82163563103,-8.574244779473004,50.0
2018-10-11,2,-7.591987157294383,83.2556741818975,211751.8569974121,-10.284434621727478,41.25
2018-10-11,3,-6.0997388037764555,85.07869144785913,182290.97473923024,-8.183578405050518,51.07
2018-10-11,4,0.0,85.07869144785913,182290.97473924645,0.0,56.37
2018-10-11,5,4.105576550004191,83.72403076266482,204220.53701031068,6.09154507529562,72.96
2018-10-11,6,3.9132264524065086,82.39948053773516,225519.71800311108,5.916439164666777,73.36
2018-10-11,7,3.9491684388442394,81.0270761380162,247588.40906121937,6.130191960585634,73.36
2018-10-11,8,3.8679145224609357,79.65054887377154,269723.3970676094,6.1486077795527905,73.17
2018-10-11,9,3.745340022646947,78.21240402823872,291540.6279476456,6.060341911121171,70.78
2018-10-11,10,3.642781647931086,76.77076214605621,313134.1088989989,5.998189153153675,70.15
2018-10-11,11,3.2909347706208703,75.45079226503869,332905.19572394475,5.491968562484971,66.2
2018-10-11,12,0.0,75.45079555170084,332905.19572394475,0.0,62.0
2018-10-11,13,0.0,75.45079555170082,332905.1957239446,0.0,60.37
2018-10-11,14,3.1384883165615514,74.13692217133476,352057.5021527484,5.320085119112164,65.06
2018-10-11,15,3.6470883963493628,72.4505722140973,374866.55226169806,6.335847252486019,72.85
2018-10-11,16,4.088299175941593,70.48437339348484,401460.75190041406,7.38727767742111,81.3
2018-10-11,17,4.7019808290645555,67.90110786218116,433794.96027797624,8.981724549322834,88.5
2018-10-11,18,3.8865763584281043,65.73099802550257,459818.0584461017,7.228638380034852,76.67
2018-10-11,19,3.5112425888338854,63.623277112860755,483327.5585868629,6.53041670576701,71.06
2018-10-11,20,3.395039989976311,61.406734316694724,506273.07922502037,6.3737557328215075,69.68
2018-10-11,21,2.095705740619401,60.04703868342939,520348.5684367207,3.9098581143611852,65.03
2018-10-11,22,-5.060221666190044,63.51514787076094,484446.90614039317,-9.972683971202088,56.59
2018-10-11,23,-5.329502320082925,66.67000453002413,448557.86717953964,-9.969177489125968,54.87
2023-10-24,0,-5.720594997600462,79.00671442355105,279643.10284173203,-8.579276988407772,94.54
2023-10-24,1,-6.04382361226687,80.98861672923599,248206.84835712545,-8.732292912390717,89.46
2023-10-24,2,-6.094948274435605,82.89379202017255,217571.0350969476,-8.509948127827187,90.31
2023-10-24,3,-6.075964819025684,84.72563361667055,188034.53980757677,-8.204582024825228,94.69
2023-10-24,4,0.0,84.72563361667032,188034.53980757677,0.0,102.0
2023-10-24,5,3.7498194975675645,83.48876963998214,208003.60928516905,5.546963743775635,120.59
2023-10-24,6,4.028857057158106,82.11357852567377,230117.11158358236,6.142639527337025,130.77
2023-10-24,7,4.366044853322902,80.55900921472826,255115.071069095,6.94387763486462,136.35
2023-10-24,8,3.8140125375361915,79.17769202597947,277082.1262644932,6.101959776499513,128.37
2023-10-24,9,3.7107472506195895,77.72615441001423,298823.885317446,6.039377514709116,125.0
2023-10-24,10,3.531772931770177,76.32228029257493,319851.7198470586,5.841065147114591,118.99
2023-10-24,11,3.2319615340226626,75.01860550108748,339378.72547789104,5.424168230786805,112.54
2023-10-24,12,3.0624491285346496,73.68732728483467,358138.5841078228,5.211071841647708,110.0
2023-10-24,13,2.929335103730679,72.34478888745925,376297.34495548287,5.04410023546113,109.59
2023-10-24,14,3.229328030854393,70.84301433147398,396609.8850381663,5.642372245189833,118.1
2023-10-24,15,3.7059576587577325,68.99640666920556,420660.56782276195,6.68074521794324,133.16
2023-10-24,16,4.449129555055668,66.45399875488731,451148.123468553,8.468765457164181,149.98
2023-10-24,17,4.5208629856463345,63.660081410338776,482946.5626643759,8.832899776617467,154.12
2023-10-24,18,3.876137940745923,61.08413317840361,509612.62723165384,7.407240157577206,133.45
2023-10-24,19,3.422056802576962,58.565488259726514,533138.4031724734,6.534937761338767,119.31
2023-10-24,20,3.209992263241043,55.86451334699925,555525.9900241657,6.218774125470105,114.1
2023-10-24,21,-4.645935599195132,60.01528829810968,520677.24655783863,-9.6802065184242,102.78
2023-10-24,22,-5.056350809261782,63.48244714352567,484785.4221451209,-9.969951225754926,99.07
2023-10-24,23,-5.385958519739681,66.67000453002412,448557.8671795398,-10.063209712661418,94.56
2021-03-14,0,3.55351363149101,75.51608928707947,331927.19787762314,5.944082743784202,18.54
2021-03-14,1,4.216473398435938,73.65237675413765,358611.31422092183,7.412254539805195,21.51
2021-03-14,2,3.185937892773376,72.19036587223121,378386.023095625,5.492974687417544,17.2
2021-03-14,3,3.007399728894915,70.79390006033827,397274.1895418622,5.2467129017325504,17.04
2021-03-14,4,0.0,70.79390006033829,397274.1895418622,0.0,13.72
2021-03-14,5,-6.3027800130406915,73.53652908137549,360178.23416046175,-10.30443205038901,3.08
2021-03-14,6,-6.636359514824146,76.10628928831147,323086.926651653,-10.303140974669091,4.01
2021-03-14,7,-6.530552584768935,78.45630553883224,287887.36549158086,-9.777655877797827,5.61
2021-03-14,8,3.8296080747472017,76.9359183133665,310660.38381343894,6.325838422738357,19.91
2021-03-14,9,-5.355187126318414,78.86224575349007,281807.01714930235,-8.014824073371273,10.78
2021-03-14,10,-6.043686830182094,80.85846813100311,250299.67843449384,-8.752038531891259,7.97
2021-03-14,11,-6.51267609640861,82.88249856539528,217752.63737431535,-9.040844738938468,6.45
2021-03-14,12,-7.856554819048453,85.17990280980372,180644.4624921578,-10.307826356154877,-3.65
2021-03-14,13,-8.177188979035444,87.47435610455554,143318.16455882104,-10.368416092593542,-2.13
2021-03-14,14,-8.511935559184323,89.85061239873264,105691.2792940923,-10.451912573535761,-0.64
2021-03-14,15,0.0,89.85061239873262,105691.2792940923,0.0,10.06
2021-03-14,16,7.657872259670859,87.23361926663254,147234.48525987734,11.53977943494029,27.47
2021-03-14,17,7.313925582890173,84.61600981277867,189817.90614325483,11.828728023160416,49.7
2021-03-14,18,6.97286778954747,81.95191093982523,232716.77681850217,11.916352965346476,58.72
2021-03-14,19,6.630554744139143,79.26431065174839,275784.71497440233,11.963316154416717,52.29
2021-03-14,20,6.281436144157375,76.44077770496,318076.81428475096,11.747805363985734,47.8
2021-03-14,21,5.933841235752562,73.60032276735404,359315.38041300874,11.455157257849379,46.9
2021-03-14,22,5.58406454828992,70.6764228654906,398863.149895222,10.985491522837009,43.19
2021-03-14,23,5.234866019322828,67.69144163810392,436309.19516436174,10.401679241427715,46.73
2021-07-07,0,-5.8877102290036945,79.06308471491707,278798.7642044414,-8.813815498766282,75.07
2021-07-07,1,-6.1566548957095,81.0725463620606,246857.2336678907,-8.872647371264087,75.1
2021-07-07,2,-6.137654011750273,82.98703815608366,216071.6081305181,-8.55156264927016,75.07
2021-07-07,3,-6.082090659002581,84.81660598832478,186554.59604239144,-8.199170024479635,79.73
2021-07-07,4,3.3829035204900526,83.70593110701654,204511.58512181658,4.988052522062539,96.46
2021-07-07,5,3.6817115529423967,82.46561342305728,224456.2805678658,5.5401931794581145,104.78
2021-07-07,6,3.761512029047013,81.16729334185614,245333.6726634046,5.799275582094118,108.31
2021-07-07,7,3.5526120654131024,79.91623840076255,265451.0265551409,5.58815385881563,104.93
2021-07-07,8,3.4281866075221528,78.63418250132973,285223.0473112234,5.492227987800703,101.21
2021-07-07,9,3.3436709235584647,77.32551799654512,304824.7910281253,5.444928810250531,99.44
2021-07-07,10,3.2598830904862908,76.02812373669165,324257.7241362836,5.39803697448842,97.34
2021-07-07,11,0.0,76.02813069345937,324257.72413630545,0.0,95.6
2021-07-07,12,0.0,76.02812373668742,324257.72413630545,0.0,95.05
2021-07-07,13,0.0,76.02812373669033,324257.72413626174,0.0,93.69
2021-07-07,14,3.1768168398577763,74.7419026621868,343523.3004348629,5.351548971833651,95.78
2021-07-07,15,3.3221617074950105,73.25586299560206,363974.43718867376,5.680871320503016,100.29
2021-07-07,16,3.8709608848995067,71.4310744603112,388655.9584290073,6.85597812231488,113.57
2021-07-07,17,4.5659382572517115,69.09163589841476,419518.61636472994,8.572960537700723,133.48
2021-07-07,18,4.302574068850902,66.65687887276817,448715.2648983417,8.110180148225481,126.95
2021-07-07,19,3.595198234310428,64.64915170762724,472707.76512873766,6.664583397332223,113.04
2021-07-07,20,3.6239802211492833,62.2795369610362,497237.87759326556,6.813920129035523,109.99
2021-07-07,21,3.3927932368803115,60.04703868342926,520348.56843672204,6.419636345404598,103.65
2021-07-07,22,-5.060221666189985,63.51514787076094,484446.9061403958,-9.972683971201747,89.34
2021-07-07,23,-5.32950232008388,66.67000453002412,448557.8671795364,-9.969177489127617,83.08
2023-06-04,0,4.6245851285749495,74.9844144158068,339890.8543606054,8.156209544612608,72.51
2023-06-04,1,4.3092595961119535,72.99783841177592,367464.3982353557,7.65931774298619,70.51
2023-06-04,2,4.417051442737272,70.84716009361617,396553.81073636765,8.080392361392214,70.0
2023-06-04,3,4.262670506466769,68.6349358206624,424995.1840529849,7.900381476838135,69.33
2023-06-04,4,4.132922749002854,66.31035219339032,452870.67653028097,7.7431923548044495,67.26
2023-06-04,5,3.82782382402831,64.06824933300007,478721.23233939416,7.180709946975895,64.77
2023-06-04,6,-5.026183214089838,66.96042565339516,445075.2513059705,-9.346105842617703,50.81
2023-06-04,7,-5.852412414241872,69.99449718644476,408086.66659007134,-10.27460686552753,21.93
2023-06-04,8,-6.200908022219452,72.73533059007505,371014.99817664956,-10.29768567039494,5.11
2023-06-04,9,-6.541422647831287,75.38381470005243,333908.4639284216,-10.307370624507769,0.0
2023-06-04,10,-6.866499220619011,77.85766464387912,296854.0680793409,-10.292887735855743,3.15
2023-06-04,11,-7.186555006939216,80.26569145590838,259831.71236836966,-10.283987697492023,-11.76
2023-06-04,12,-7.498755521670767,82.56810912375806,222808.11771294198,-10.284331848729906,-36.58
2023-06-04,13,-7.812872808380959,84.86731498902427,185729.65910759283,-10.299571834819204,-7.99
2023-06-04,14,-8.133250204079888,87.15993088246366,148433.25212429947,-10.360113050914826,0.0
2023-06-04,15,-6.358424054673609,88.92032147326984,119795.1169215607,-7.955037556316327,34.5
2023-06-04,16,7.5411030318502466,86.34494594807144,161691.47382874164,11.637876918661377,78.21
2023-06-04,17,7.197123006166616,83.70987333772644,204448.19282168004,11.876866386927333,86.67
2023-06-04,18,6.856218864024781,81.03748661598681,247421.0053264746,11.93689236244294,94.0
2023-06-04,19,6.511358890092613,78.30030179905897,290224.05706898274,11.889736595141144,95.93
2023-06-04,20,6.164387520234985,75.49413479889809,332256.0417097914,11.675551289113514,97.66
2023-06-04,21,5.8135760649392365,72.59498612330994,372913.2542066156,11.293670138006732,86.98
2023-06-04,22,5.468730294492797,69.71230540013005,411903.5057738731,10.830625435349305,78.71
2023-06-04,23,5.116894821840513,66.67000453002412,448557.86717953975,10.181767057129619,71.1
2023-08-06,0,3.761641708188625,75.42070109471422,333355.96353418636,6.340962092829548,31.5
2023-08-06,1,0.0,75.42070109471422,333355.9635341864,0.0,22.59
2023-08-06,2,0.0,75.42070109471422,333355.9635341864,0.0,22.66
2023-08-06,3,-6.8713394714875005,77.89449920946001,296302.34400352696,-10.292672091849852,11.28
2023-08-06,4,-7.1912075618034415,80.30000313693293,259279.96982923828,-10.283992826191295,0.1
2023-08-06,5,6.108234704543238,77.71312166535466,299019.09541125986,11.038645995005993,41.05
2023-08-06,6,3.2846995896078592,76.4123893549386,318502.02728597686,5.411925520754721,26.59
2023-08-06,7,0.0,76.41238935493854,318502.02728597686,0.0,22.23
2023-08-06,8,-7.001469293250815,78.88479404829936,281469.2790242921,-10.286874517134663,0.0
2023-08-06,9,-7.316291188491739,81.22247039274919,244446.40846496134,-10.284130710925211,-10.0
2023-08-06,10,-7.628496044813965,83.52492007898027,207422.2989439451,-10.284474866948955,-10.0
2023-08-06,11,-7.9458143796579845,85.81864290205388,170253.4019986487,-10.324693595915662,1.9
2023-08-06,12,-8.266973210227082,88.1168507317101,132866.02507592272,-10.385382478534993,-0.9
2023-08-06,13,-8.615818686541234,90.5727054255467,95087.60043834042,-10.494006843772866,0.2
2023-08-06,14,-8.991295965918152,93.18265308644985,56761.448822335624,-10.646153226667998,0.0
2023-08-06,15,-9.496493166745736,96.62216683701762,17616.66333512446,-10.873551524225324,0.0
2023-08-06,16,8.45952708441601,93.21962899890119,56218.48067634338,10.722727039227479,40.0
2023-08-06,17,8.090743147489054,90.49106193596285,96286.5059975401,11.130007033665752,63.25
2023-08-06,18,7.735736749105569,87.82620770365176,137594.22254342763,11.474365707190984,76.85
2023-08-06,19,7.393739748589864,85.2234362796959,179936.25750451023,11.761676378078498,77.41
2023-08-06,20,7.051655288482863,82.56953519241205,222785.18608392848,11.902480160949516,71.86
2023-08-06,21,6.71001594890984,79.89138517357362,265850.67420472665,11.962635589110597,59.85
2023-08-06,22,6.361963760620401,77.09205316900434,308321.72832583287,11.797515033640622,54.51
2023-08-06,23,6.016581786011315,74.2919786020704,349960.25662954344,11.566257862141825,49.49
2021-02-08,0,-7.071241850812113,79.41527950757839,273506.601900688,-10.28386058314222,12.99
2021-02-08,1,-7.3834385066158825,81.71766871659153,236483.46487223372,-10.2842047301262,12.32
2021-02-08,2,-7.695645610007564,84.02013497451993,199459.08887317666,-10.284548888626958,12.79
2021-02-08,3,-8.014620705486434,86.31101994947534,162243.38392173828,-10.337695819843994,-8.63
2021-02-08,4,-8.336183981862108,88.61212198732836,124808.92385389848,-10.3984611299555,12.87
2021-02-08,5,0.0,88.61212198732835,124808.92385389848,0.0,45.8
2021-02-08,6,5.856679664906768,86.74600235212392,155167.0652212628,8.432817046490086,63.14
2021-02-08,7,4.856258813489829,85.17697108384921,180692.15597830867,7.090302988068295,61.85
2021-02-08,8,4.479975425914509,83.67734915507634,204971.19182909286,6.744176625217833,63.93
2021-02-08,9,4.402731564313491,82.15470672315189,229455.75733252498,6.80126819539781,63.8
2021-02-08,10,4.3723425527209425,80.59870090627028,254476.81647837246,6.950294207179859,63.8
2021-02-08,11,4.156156582841568,79.06717508290623,278737.4969012283,6.739077895237742,61.33
2021-02-08,12,3.9134535925462988,77.52217129612677,301879.2327395381,6.428259955086048,59.3
2021-02-08,13,4.009883209887848,75.89474161742889,326255.5792845242,6.77120737360724,61.89
2021-02-08,14,3.48255020719038,74.47297899416067,347512.10107606166,5.904589386538191,54.96
2021-02-08,15,3.3732189052198613,72.93199394629713,368354.99019466835,5.789691421835187,55.06
2021-02-08,16,3.9593859910706097,71.04981705428955,393812.7351066692,7.071595808889128,61.45
2021-02-08,17,4.271320855745362,68.86159476490356,422277.1791505242,7.906790012181943,64.32
2021-02-08,18,4.02761286169719,66.6126404925465,449245.75415267964,7.491270833932063,63.15
2021-02-08,19,3.841836095881188,64.41251261311744,475157.43911484926,7.197690267269351,59.75
2021-02-08,20,3.1319617631456875,62.389990471293686,496094.4693524888,5.815841732677654,51.72
2021-02-08,21,3.181821455705176,60.30714488916407,517655.9642956586,5.989304150880486,52.0
2021-02-08,22,-4.98314969427744,63.71306846031608,482398.043839966,-9.793866793247929,46.69
2021-02-08,23,-5.0284257516342645,66.67000453002412,448557.86717953975,-9.400049072340636,48.96
2021-03-28,0,4.219728521298087,75.19748684586745,336699.3632244398,7.269684229011059,38.62
2021-03-28,1,3.730695600543674,73.56201297342845,359833.5468858469,6.426162128168617,35.43
2021-03-28,2,3.6047568766997014,71.8878339094699,382477.97724106646,6.29011954311656,35.0
2021-03-28,3,3.5209981400738943,70.22761638143021,404933.56816174014,6.23766414463158,35.07
2021-03-28,4,3.687987796346625,68.30321893933132,428973.00241221866,6.677620625132917,35.51
2021-03-28,5,3.370576865581833,66.46513611832798,451014.568587083,6.122657270795656,33.35
2021-03-28,6,-5.509294320776224,69.41509485892783,415639.8237436714,-9.826318012058778,21.92
2021-03-28,7,0.0,69.41509485892784,415639.8237436714,0.0,27.33
2021-03-28,8,-5.881716204895774,72.08865342613383,379761.7543130883,-9.966130397384205,18.68
2021-03-28,9,-6.464795564072253,74.80067853238869,342642.92999595683,-10.310784532536516,1.88
2021-03-28,10,-6.789979805591694,77.27534784096832,305576.2613467509,-10.296296847001656,-34.55
2021-03-28,11,-7.113002874035158,79.72325887711564,268554.1975219331,-10.283906618004934,-40.1
2021-03-28,12,-7.425200927361783,82.02565839258622,231530.89476242708,-10.284250766529453,-35.4
2021-03-28,13,-7.737503424099739,84.32797279275263,194503.70892246763,-10.285329399988733,-35.46
2021-03-28,14,-8.05743779613985,86.61741841533248,157258.87608753637,-10.345786898592017,-12.14
2021-03-28,15,-8.3792527527581,88.92032147326967,119795.11692156317,-10.40659976832589,3.54
2021-03-28,16,7.5411030318501115,86.34494594807128,161691.47382874356,11.63787691866122,35.0
2021-03-28,17,7.197123006166592,83.70987333772631,204448.19282168165,11.876866386927247,44.18
2021-03-28,18,6.856218864024926,81.0374866159867,247421.00532647717,11.936892362443203,53.82
2021-03-28,19,6.5113588900925965,78.30030179905887,290224.0570689842,11.889736595140832,46.0
2021-03-28,20,6.164387520225815,75.49413479889797,332256.0417097929,11.675551289113542,48.34
2021-03-28,21,5.813576064939256,72.5949861233098,372913.2542066173,11.293670138006775,42.96
2021-03-28,22,5.468730294492851,69.71230540012992,411903.50577387545,10.830625435349475,27.83
2021-03-28,23,5.116894821866781,66.67000453002402,448557.86717954103,10.181767057129335,22.9
2018-04-22,0,0.0,76.9447232272485,310528.5,0.0,18.67
2018-04-22,1,-5.3552233040575326,78.87074281259963,281679.7445179946,-8.013543189445954,14.34
2018-04-22,2,0.0,78.87074281260075,281679.7445179829,0.0,17.66
2018-04-22,3,0.0,78.87074281260033,281679.74451798876,0.0,15.23
2018-04-22,4,4.825893031052985,76.86361371295774,311743.39343249094,8.35101358736172,27.74
2018-04-22,5,3.9157362902963295,75.26534080772085,335683.0171971803,6.649895490191483,24.83
2018-04-22,6,3.1258560939362243,73.93491309186231,354789.8147408733,5.307443762136941,20.68
2018-04-22,7,0.0,73.93491309186278,354789.8147408675,0.0,15.96
2018-04-22,8,0.0,73.93491309186278,354789.8147408675,0.0,15.68
2018-04-22,9,-5.343081747506867,76.01905845474487,324393.50785528263,-8.443418579329148,13.99
2018-04-22,10,-5.4828019910674755,78.02853269120756,294294.7324658495,-8.360770941509202,13.83
2018-04-22,11,-7.208137261243592,80.42485635563715,257272.2911073121,-10.284011488482605,4.0
2018-04-22,12,-7.520338498220167,82.72727934990289,220248.61080145233,-10.284355640516601,2.42
2018-04-22,13,-7.834988295070273,85.0255730840062,183155.10733252662,-10.303750963590481,3.03
2018-04-22,14,-8.155495686338027,87.31911922366677,145843.56704992804,-10.36431674516627,6.05
2018-04-22,15,4.073244642223341,86.04773162576626,166526.57348834374,5.745279566226586,22.29
2018-04-22,16,7.1585722113336825,83.40766922962489,209307.72919415982,11.883654362726688,32.7
2018-04-22,17,6.817473232524473,80.73375516087228,252305.1019155909,11.943714644841968,35.0
2018-04-22,18,6.471767281197956,77.98010054900735,295020.17006702075,11.865296708730511,36.96
2018-04-22,19,6.12550912656344,75.17970175084818,336965.756076939,11.651551669421735,33.71
2018-04-22,20,5.77362927653907,72.26105760258362,377429.86852463766,11.240031235471847,32.34
2018-04-22,21,4.882219721712593,69.79079305517575,410841.9059267081,9.281121500575125,24.1
2018-04-22,22,3.318515586604179,68.02893090421098,432262.1566374826,5.950069641881797,18.49
2018-04-22,23,2.52291145697189,66.67000453002412,448557.8671795398,4.526586261682567,16.08
2022-11-04,0,-7.071241215077886,79.41527950342876,273506.60196741624,-10.283860564606595,124.33
2022-11-04,1,-7.383438527058583,81.71766870639904,236483.46503611447,-10.284204703139398,128.5
2022-11-04,2,-7.695643146328207,84.02013376490066,199459.09056797405,-10.284548463372332,124.08
2022-11-04,3,-8.014620540182728,86.31101989595021,162243.3847924879,-10.337696048746153,117.84
2022-11-04,4,-8.336182038598468,88.61212072828343,124808.92388213618,-10.398461363986591,132.03
2022-11-04,5,0.0,88.6121219855916,124808.92388215201,0.0,174.79
2022-11-04,6,5.856679664153304,86.74600235122347,155167.06523591134,8.432817042710923,206.05
2022-11-04,7,4.8562588129343,85.1769710831188,180692.15599019086,7.0903029872998715,215.15
2022-11-04,8,4.4799752640047785,83.67734898573524,204971.19086656452,6.744176354548237,209.9
2022-11-04,9,4.257836697177597,82.21587973207926,228472.0762576247,6.528023719738933,204.96
2022-11-04,10,3.7005096693052804,80.93468240962545,249074.1290487017,5.722792441965844,190.56
2022-11-04,11,3.519803514933058,79.69031403960814,269083.9607907339,5.558286595008951,186.7
2022-11-04,12,3.6776603712003464,78.28483609099581,290455.7091423385,5.936596764334595,189.01
2022-11-04,13,3.4900341382164157,76.90984811587589,311050.87452209793,5.7208792721554005,179.63
2022-11-04,14,3.8662653076134714,75.33660854269762,334615.53819762147,6.545739909867649,197.64
2022-11-04,15,3.7420400001080205,73.71281564273976,357793.8364294715,6.438416175513893,200.01
2022-11-04,16,4.8697004016938905,71.2952035151394,390493.7134186964,9.083299163673601,239.99
2022-11-04,17,4.791523548581793,68.7683135828185,423395.77039369533,9.139460270833027,240.55
2022-11-04,18,4.1779620351273365,66.41538004796682,451611.22381117544,7.837625949300033,217.74
2022-11-04,19,3.5949759642079893,64.36584401551035,475640.54969200684,6.674812744675378,195.58
2022-11-04,20,3.381292949956601,62.168668559045905,498385.5807688537,6.3180641880130395,187.0
2022-11-04,21,3.187277535676164,60.07922186291933,520015.4100558106,6.008285913043551,179.8
2022-11-04,22,-4.961773615059953,63.48244696296865,484785.4221400497,-9.786107754378008,172.64
2022-11-04,23,-5.385958520845219,66.67000453017262,448557.86717775906,-10.063209711747405,150.59
2023-01-13,0,-7.071241850812138,79.41527950757839,273506.601900688,-10.283860583142221,18.81
2023-01-13,1,-7.383438506615887,81.71766871659159,236483.4648722295,-10.284204730127364,11.92
2023-01-13,2,-7.695645610007548,84.02013497451992,199459.08887317652,-10.284548888625835,2.75
2023-01-13,3,-8.014620705486694,86.31101994947507,162243.38392173694,-10.337695819844328,3.44
2023-01-13,4,-8.336183981862106,88.61212198732838,124808.9238538971,-10.398461129955507,25.86
2023-01-13,5,-8.695897685983237,91.12933563683309,86913.68408308721,-10.526455491891639,55.87
2023-01-13,6,4.284660765831915,89.76955517947566,106881.57568254176,5.546636555404042,89.58
2023-01-13,7,6.687525810996124,87.58457338729723,141525.14347513713,9.623213275720936,109.99
2023-01-13,8,5.37364069372556,85.8571821065231,169626.44400764466,7.805916814585423,104.9
2023-01-13,9,4.171985633126089,84.50580436328443,191610.73472298987,6.106747420929231,96.91
2023-01-13,10,3.664185735254291,83.29138251842701,211177.65580188268,5.435255855247995,88.63
2023-01-13,11,0.0,83.29138251842703,211177.65580188233,0.0,78.88
2023-01-13,12,-6.10208467637773,85.11352905298025,181724.23457896814,-8.181505895253942,72.17
2023-01-13,13,0.0,85.11352905297998,181724.2345789676,0.0,75.11
2023-01-13,14,0.0,85.11352905297996,181724.23457896613,0.0,81.5
2023-01-13,15,3.7471465064573284,83.89063026529978,201541.56501427325,5.504814009807532,87.58
2023-01-13,16,5.847068523755964,81.7493650994241,235973.77714423114,9.564503369432742,118.77
2023-01-13,17,6.5648512160980905,79.07561734820283,278611.0449953867,11.84368551420988,133.8
2023-01-13,18,6.075501532123908,76.37377348877976,319080.43245330476,11.241496516088361,128.61
2023-01-13,19,5.31062847938223,73.95284623084986,354547.25662651425,9.851895603669291,119.07
2023-01-13,20,5.088825288718461,71.39735402404382,389112.05709863384,9.601333464477676,116.51
2023-01-13,21,5.0649001444307595,68.67248279417238,424544.9355158526,9.842466227005204,124.06
2023-01-13,22,3.6456491383492535,66.67000453002412,448557.86717953987,6.670258795468683,93.28
2023-01-13,23,0.0,66.67000453002412,448557.86717953987,0.0,76.0
2023-07-03,0,-7.071241850812125,79.4152795075784,273506.6019006879,-10.283860583142244,24.09
2023-07-03,1,-7.383438506615887,81.71766871658443,236483.46487234815,-10.284204730094386,10.26
2023-07-03,2,-7.69564561000765,84.02013497451307,199459.08887328685,-10.284548888628144,15.8
2023-07-03,3,0.0,84.02013497451307,199459.08887328685,0.0,54.0
2023-07-03,4,6.89599755242126,81.34931632275051,242406.68632347617,11.929888180608152,86.0
2023-07-03,5,6.552006111788066,78.62904042730315,285300.0675229549,11.914828110966312,110.89
2023-07-03,6,6.204302510593163,75.81695143020566,327420.75439861574,11.70019079879468,104.91
2023-07-03,7,4.555537335546145,73.79340958615825,356703.74757453287,8.134164771088095,68.53
2023-07-03,8,-6.666798202091329,76.3379293112769,319617.3220675634,-10.301784863047075,27.86
2023-07-03,9,-5.720434790352923,78.42260517418862,288392.1441483781,-8.673660533107025,40.73
2023-07-03,10,-7.257912351876645,80.79193790318335,251369.50526110618,-10.28406635757554,0.0
2023-07-03,11,-7.570115254564982,83.09437318174707,214345.6274199016,-10.28441051144572,11.04
2023-07-03,12,-7.885993178069826,85.39056327046998,177217.42602312693,-10.31338927688185,-4.99
2023-07-03,13,-8.206800377682297,87.68625483421744,139870.9838586739,-10.374011712348064,-1.04
2023-07-03,14,-8.546196861588358,90.08876317636218,102194.11996495043,-10.465795526034299,4.8
2023-07-03,15,3.7027101363364157,88.92032147326978,119795.11692156148,4.889165821280848,42.37
2023-07-03,16,7.541103031850138,86.3449459480714,161691.47382874187,11.63787691866122,90.09
2023-07-03,17,7.197123006166597,83.70987333772639,204448.1928216802,11.876866386927311,116.83
2023-07-03,18,6.856218864024773,81.03748661598681,247421.00532647478,11.93689236244294,124.97
2023-07-03,19,6.511359670664967,78.30030179905896,290224.05706898274,11.889736595141102,128.36
2023-07-03,20,6.164387520225816,75.49413479889809,332256.0417097913,11.675551289113486,121.52
2023-07-03,21,5.813576064939273,72.59498612330988,372913.25420661585,11.293670138006817,114.7
2023-07-03,22,5.468730294492872,69.71230540013002,411903.5057738743,10.830625435349575,97.22
2023-07-03,23,5.116894821866791,66.67000453002412,448557.8671795399,10.181767057129335,81.88
2018-04-21,0,-5.539764960463831,78.94222687024406,280609.02534383774,-8.310965182267296,27.59
2018-04-21,1,4.022252904863677,77.34398344784536,304548.2075017384,6.649772821639061,42.45
2018-04-21,2,5.255928412180659,75.04618840385534,338965.5768141749,9.560380364565702,50.87
2018-04-21,3,3.718358703265082,73.39801119139369,362051.78447546076,6.4128354614682905,40.46
2018-04-21,4,5.560854954980195,70.48240613986573,401487.3603669331,10.954326636520094,59.0
2018-04-21,5,5.211125773688031,67.48589004272105,438774.0890419442,10.357424631947524,62.19
2018-04-21,6,4.872273536502149,64.54632137451254,473772.2586881644,9.721713790616732,61.04
2018-04-21,7,4.443462958456074,61.49829570159613,505325.2411546054,8.764717351789159,47.85
2018-04-21,8,-5.195472693125259,64.9442892260332,469251.9662904441,-10.02035412893369,26.57
2018-04-21,9,-5.226014781983354,67.82218320986071,434741.39366338815,-9.586270174182204,27.4
2018-04-21,10,2.500657380599982,66.47351603139161,450914.0799658841,4.492412861804425,32.74
2018-04-21,11,2.134470378223341e-11,66.47351603139164,450914.0799658841,0.0,30.86
2018-04-21,12,-5.5098347272082275,69.42334586266873,415540.8809523643,-9.825888614866614,25.99
2018-04-21,13,-5.507405061771289,71.9439509497531,381718.9554388047,-9.39497930932211,26.37
2018-04-21,14,-5.345411421212554,74.26670114375146,350302.1517450571,-8.726889914929899,28.57
2018-04-21,15,3.0593691339004994,72.87177856678558,369169.4448710033,5.240914757207278,37.0
2018-04-21,16,4.651726251391936,70.5706785455659,400293.4149962158,8.645547257003486,49.65
2018-04-21,17,3.4180222170665964,68.86100669195024,422284.2310900735,6.108560026071572,41.24
2018-04-21,18,5.022984302290578,65.85689343509611,458308.3755905752,10.006706805694932,57.76
2018-04-21,19,4.678142964984582,62.80114889076336,491838.18158046267,9.313834997190952,55.0
2018-04-21,20,2.2854272019564568,61.330632854049966,507060.87708966475,4.228526530333909,36.07
2018-04-21,21,2.0729012768116126,59.98532757588604,520987.39819186414,3.868478083944268,35.0
2018-04-21,22,-5.052697708471992,63.45158967229589,485104.8568720888,-9.967372588826464,29.02
2018-04-21,23,-5.442414719420972,66.67000453002412,448557.86717953987,-10.1519415812636,19.37
2023-05-31,0,3.313811675171459,75.61843079229935,330394.282489739,5.518272913816384,74.2
2023-05-31,1,-5.570516937383718,77.67614814270617,299572.9008462139,-8.561494900979193,62.64
2023-05-31,2,-5.709188718870291,79.68683874465515,269139.8446181759,-8.45362673001057,61.61
2023-05-31,3,3.3496320097037646,78.41448556792726,288513.76312744874,5.38164403035357,72.7
2023-05-31,4,3.507082814321119,77.03478653340142,309179.4927952875,5.740480463288549,77.64
2023-05-31,5,5.386677925339569,74.64404437021868,344989.06431304314,9.94710319937657,106.48
2023-05-31,6,4.277051320042586,72.63146481123935,372419.8547094825,7.619663999010939,92.05
2023-05-31,7,3.8212762834734626,70.82195105854326,396894.78038012935,6.7985904640685675,86.41
2023-05-31,8,0.0,70.82195105854326,396894.78038012935,0.0,66.92
2023-05-31,9,-6.306354695000156,73.56464308768605,359797.9727705004,-10.304668780452488,46.55
2023-05-31,10,-6.639690843710456,76.13164087765425,322707.19956705096,-10.302992556513729,12.31
2023-05-31,11,-6.964629339835301,78.60444005076016,285668.5426169019,-10.288515819485852,0.92
2023-05-31,12,-7.280879820686267,80.96131848866553,248645.812584943,-10.284091675544147,0.0
2023-05-31,13,-7.593083491975567,83.26375943551082,211621.84359600098,-10.284435830261671,1.75
2023-05-31,14,-7.909528103760133,85.55897884975366,174477.6317098861,-10.31783663503191,22.43
2023-05-31,15,3.805903472946515,84.33039856524366,194464.24631630967,5.551837390673214,66.83
2023-05-31,16,3.9988015400827592,82.98876264925077,216043.8777421977,5.994342062746682,74.04
2023-05-31,17,4.500139716830895,81.4035982291537,241533.81632779352,7.080538495998837,80.26
2023-05-31,18,6.478757086462834,78.73702481897656,283682.6305379133,11.708003947255492,101.46
2023-05-31,19,6.015037639402259,76.05378813623473,323873.31164498674,11.164078085298172,99.4
2023-05-31,20,5.538134494766798,73.4358537907842,361539.9371320041,10.462951524171501,94.29
2023-05-31,21,4.556331260719375,71.20954852339487,391652.2564544395,8.36453314512093,82.9
2023-05-31,22,4.555001584882223,68.84469816334223,422479.79655012616,8.563205582135183,84.15
2023-05-31,23,3.9166653213116005,66.67000453002412,448557.8671795398,7.243908508170463,74.3
2021-06-17,0,-5.708203624757865,79.00236746549496,279708.21346210333,-8.561190704971297,64.13
2021-06-17,1,-5.867532960155968,80.93111225999286,249131.538168994,-8.493520914752592,62.71
2021-06-17,2,-6.045752263235914,82.82373439454868,218697.5835811083,-8.4538762744127,62.8
2021-06-17,3,-6.071362356955421,84.65728431411553,189146.45018576182,-8.208648165374022,65.08
2021-06-17,4,0.0,84.65728431411355,189146.4501857942,0.0,71.72
2021-06-17,5,4.402623665337498,83.16844540152353,213154.52300886158,6.668909117518716,94.08
2021-06-17,6,5.335589566265515,81.22905907603129,244340.46037655533,8.662760379914936,99.0
2021-06-17,7,3.8635444578920723,79.8596489480261,266361.00261601945,6.116817288740023,87.56
2021-06-17,8,3.3729443065772973,78.5939567978027,285825.5653198506,5.406822973286424,78.17
2021-06-17,9,0.0,78.59395679780494,285825.56531981775,0.0,71.93
2021-06-17,10,0.0,78.593956797805,285825.5653198166,0.0,72.07
2021-06-17,11,0.0,78.59395679780583,285825.5653198044,0.0,72.8
2021-06-17,12,0.0,78.59395679782288,285825.56531977124,0.0,74.39
2021-06-17,13,0.0,78.59395679781682,285825.56531976914,0.0,72.96
2021-06-17,14,0.0,78.59395679780818,285825.5653197691,0.0,73.11
2021-06-17,15,3.604034898631426,77.17641873851498,307058.0642881292,5.8979163801000425,84.77
2021-06-17,16,3.8867248448403835,75.59989962781182,330671.8502970261,6.559385002471359,92.95
2021-06-17,17,5.178607283099499,73.15710510928433,365310.2053189621,9.621765283871113,112.23
2021-06-17,18,4.514849203717213,70.94958033932059,395168.5060394292,8.29397242235197,103.46
2021-06-17,19,4.267042737744341,68.74948636303164,423621.539007644,7.9036202689485435,98.91
2021-06-17,20,3.6537819882936695,66.74295811181251,447682.9349632361,6.683721098775592,91.03
2021-06-17,21,3.1016996945653488,65.04459763652294,468049.10728842195,5.657270090329391,82.17
2021-06-17,22,2.437812441333383,63.549623585288394,484090.0155716359,4.455807856448331,76.45
2021-06-17,23,-5.273046098614316,66.67000453002412,448557.8671794548,-9.870041220050297,69.97
2021-04-24,0,4.195783481747596,75.20965678174785,336517.0766541973,7.219049070610359,61.4
2021-04-24,1,3.7316879389073474,73.57520472309243,359655.11934308254,6.427234080245889,56.86
2021-04-24,2,3.6057282071502246,71.90074638828919,382303.32702973037,6.291168801846624,54.89
2021-04-24,3,3.482435057274696,70.26173652737832,404472.0695769886,6.157984040905063,54.55
2021-04-24,4,3.8926393701374487,68.2110213188175,430078.6000112491,7.1129251206279065,57.95
2021-04-24,5,3.7290303520123125,66.1479456877979,454818.1914623285,6.872108736410951,57.51
2021-04-24,6,3.602519263174137,64.0463973200265,478947.44309225376,6.702569897201471,55.75
2021-04-24,7,3.4956280601816667,61.76293253202088,502585.73625326436,6.566192544725169,54.68
2021-04-24,8,2.9643724922910626,59.820787560271434,522690.70675446664,5.584714028111733,50.0
2021-04-24,9,-4.845496580273429,63.15859570784671,488137.913156764,-9.59799822158405,47.96
2021-04-24,10,-5.213706306387628,66.3174859202061,452785.1316843753,-9.82021707566355,43.9
2021-04-24,11,-5.777513734907091,69.39856505416583,415838.04266033624,-10.263080284455285,32.84
2021-04-24,12,-6.127876827963568,72.16095796617877,378783.7853749611,-10.292849245937546,20.24
2021-04-24,13,-6.473363186921883,74.8658785962499,341666.3352021928,-10.310402825768975,19.51
2021-04-24,14,-6.798535390058522,77.34045629220594,304601.0387664453,-10.295915676596522,28.18
2021-04-24,15,0.0,77.34045629219156,304601.038766753,0.0,46.71
2021-04-24,16,3.3658498708512576,75.99978414649907,324682.206791634,5.578102229133606,54.98
2021-04-24,17,4.405340649577361,74.09078025237406,352681.60353643575,7.777610206889378,67.65
2021-04-24,18,4.927926380936057,71.64615401583875,385746.86504249764,9.184794862794973,73.43
2021-04-24,19,4.2967753133138284,69.52855979619395,414279.1968477031,7.9256477236681775,68.56
2021-04-24,20,4.20673332677172,67.16922752033969,442571.3814503236,7.858940167394593,67.15
2021-04-24,21,3.863236379359703,65.00267435132862,468551.8348340426,7.216792606588612,62.98
2021-04-24,22,2.2435120482044133,63.623490363740196,483325.3510263042,4.103754497850417,50.82
2021-04-24,23,-5.1601337210734135,66.67000453002412,448557.8671795398,-9.65763440187898,48.55
2023-05-19,0,3.622134337224011,75.48524910346853,332389.1355042078,6.072398751168837,80.23
2023-05-19,1,3.4488151637837574,74.02948566558244,353510.6552380331,5.867088814951455,77.03
2023-05-19,2,3.3432334999577398,72.49667168829365,374243.0249728175,5.75899159299567,77.56
2023-05-19,3,4.092238332837353,70.5291820498549,400854.68381586706,7.392127456402662,89.67
2023-05-19,4,3.974171395947309,68.46459680629214,427037.8225100238,7.273094081710198,88.7
2023-05-19,5,4.738484955354315,65.6880997551487,460332.44426154526,9.248506042089303,105.48
2023-05-19,6,4.629915692572557,62.64762529180867,493427.44884584204,9.193056828971322,106.0
2023-05-19,7,4.117223373938247,59.85698917034573,522315.9498165271,8.024583602968079,93.29
2023-05-19,8,0.0,59.8569891703446,522315.94981652213,0.0,69.43
2023-05-19,9,-5.03705172770586,63.31940985914846,486473.1745223532,-9.956326470602477,59.96
2023-05-19,10,-5.318605479689508,66.50362999129516,450552.9652041241,-9.977835921730303,60.6
2023-05-19,11,-5.654392038371907,69.52101719119615,414369.6447999318,-10.05092233449787,57.79
2023-05-19,12,-5.802738480543419,72.14798487637519,378959.25539180083,-9.836219280036374,57.93
2023-05-19,13,-5.645694893577148,74.58102318971103,345933.02284829604,-9.173953484306878,63.62
2023-05-19,14,-5.917539972388806,76.7996498904396,312701.4712680211,-9.23098655007638,60.64
2023-05-19,15,0.0,76.79964989043908,312701.4712680249,0.0,76.33
2023-05-19,16,3.5432983495769634,75.37250397494387,334077.8808676166,5.93789155544215,87.9
2023-05-19,17,4.345984994175908,73.41557731009047,361814.2051978008,7.704534536162285,101.58
2023-05-19,18,4.455180472912893,71.25171310361893,391081.9513294406,8.129929481011033,103.62
2023-05-19,19,4.000158318286466,69.27560160676146,417312.57195362065,7.286283506716686,98.64
2023-05-19,20,4.197166912796035,66.91839500715194,445579.2662828563,7.851859535898797,99.76
2023-05-19,21,3.343099112188564,65.0778639324236,467650.17742594663,6.130808650858427,85.78
2023-05-19,22,2.4416377404800476,63.58601082458114,483713.3370109516,4.4619887736124895,78.74
2023-05-19,23,-5.216589920743303,66.67000453002412,448557.8671795398,-9.765408286503273,74.0
2021-06-02,0,3.235502534231044,75.65060837957297,329912.3126518834,5.384392403300944,59.18
2021-06-02,1,3.1520995748861482,74.35457098720856,349113.6513072464,5.3337051820452706,60.0
2021-06-02,2,0.0,74.35457098720855,349113.6513072464,0.0,53.88
2021-06-02,3,3.36521312058692,72.81576752837704,369927.0329245567,5.7814948936973,63.71
2021-06-02,4,3.549809584439222,71.1573865655873,392357.78302934003,6.230763917995375,66.46
2021-06-02,5,4.776303966391704,68.6209144542017,425163.32276424137,9.112649926361485,81.6
2021-06-02,6,4.508456346626562,66.02685469210009,456270.2670512809,8.640817857510982,81.12
2021-06-02,7,4.059079233862079,63.553688739895534,484047.9333302747,7.716018410831623,72.34
2021-06-02,8,3.241499056956401,61.44430983799443,505884.0996388906,6.065601752393292,62.44
2021-06-02,9,2.0893303774512817,60.08932527147713,519910.8201645988,3.8963112571411784,57.3
2021-06-02,10,-4.9627212053450265,63.49267016230452,484679.59405608906,-9.786451696808285,55.72
2021-06-02,11,-5.2159601852403625,66.5930200734222,449481.0345010756,-9.77737765417038,54.02
2021-06-02,12,-5.3761942733620165,69.47005683698356,414980.74132226227,-9.583414771892606,53.83
2021-06-02,13,-5.43272505768726,71.95145148269881,381617.5055404213,-9.267565494955832,53.9
2021-06-02,14,-5.345146033412742,74.27376275624758,350206.6385494779,-8.725240830817597,56.87
2021-06-02,15,3.1137135708628088,72.85341806069295,369417.7834211864,5.33642913103013,67.45
2021-06-02,16,3.838937558897939,71.03847477533205,393966.1472783054,6.81898996031083,78.48
2021-06-02,17,4.233458749629252,68.87435688677843,422124.14080500894,7.821664868528771,83.34
2021-06-02,18,4.181975090564385,66.52053082050068,450350.2971082766,7.8405989731299,82.91
2021-06-02,19,3.837567437206696,64.3076128273241,476243.3555266561,7.19251622732763,78.17
2021-06-02,20,3.5014164556164102,62.02337470867524,499889.6541609771,6.568416287311408,73.93
2021-06-02,21,2.970350266869285,60.08051247171125,520002.04974951403,5.5867765523713615,67.65
2021-06-02,22,-5.0643026322599525,63.549623585288295,484090.0155716409,-9.975565049409198,60.0
2021-06-02,23,-5.273046120413565,66.67000453002412,448557.86717953975,-9.8700412200281,58.5
2023-11-26,0,0.0,76.9447232272487,310528.5,-0.0,106.11
2023-11-26,1,0.0,76.94472322725619,310528.5,0.0,103.11
2023-11-26,2,0.0,76.94472322725619,310528.5,0.0,100.52
2023-11-26,3,-5.720594997598106,79.0067144235565,279643.1028416503,-8.579276988430479,97.53
2023-11-26,4,-5.867524142263791,80.93502367752689,249068.6413543419,-8.492905968696775,98.15
2023-11-26,5,0.0,80.93502367752693,249068.64135434083,0.0,101.28
2023-11-26,6,0.0,80.93502367752693,249068.64135434065,0.0,111.32
2023-11-26,7,0.0,80.93502367752687,249068.64135431923,0.0,113.54
2023-11-26,8,3.4975347505708636,79.69880491933303,268947.4247948422,5.521884289034148,117.94
2023-11-26,9,3.3512462554756146,78.42691298259436,288327.6199295652,5.383387537423047,116.25
2023-11-26,10,3.188662195216305,77.17524506004067,307075.6441526277,5.207784506406256,114.81
2023-11-26,11,0.0,77.17524506004054,307075.6441526274,0.0,113.85
2023-11-26,12,0.0,77.17524506004052,307075.6441526274,0.0,110.22
2023-11-26,13,3.2502644183795377,75.87914401944356,326489.206862254,5.392656308229618,115.1
2023-11-26,14,3.475954103108638,74.45879088717172,347704.0050411151,5.892999494128091,123.26
2023-11-26,15,3.6707881247914886,72.76562693251618,370605.2191803667,6.361448372014337,134.15
2023-11-26,16,4.115220306567131,70.790606357342,397318.7391540967,7.420422214924983,144.56
2023-11-26,17,4.5343207980731846,68.3776990102254,428079.8666989844,8.544757651357699,156.68
2023-11-26,18,4.1631807991191305,66.02805314907444,456255.89562666084,7.826674702132351,145.94
2023-11-26,19,3.620719211915209,63.892062962246655,480545.1032852982,6.747002127399256,135.91
2023-11-26,20,3.0190801437697345,61.94005590336404,500752.16553237377,5.613072846409892,122.41
2023-11-26,21,2.941919867768777,60.01528829811012,520677.2465578286,5.53474472929301,118.99
2023-11-26,22,-5.0563508092606915,63.482447143516424,484785.42214521574,-9.969951225725794,102.53
2023-11-26,23,-5.385958519753299,66.67000453002443,448557.8671795362,-10.06320971268876,99.41
2023-11-22,0,0.0,76.94472322724772,310528.5,0.0,95.01
2023-11-22,1,0.0,76.94472322725049,310528.5,0.0,95.01
2023-11-22,2,-5.539764960471721,78.94222687024732,280609.025343789,-8.310965182280839,92.0
2023-11-22,3,0.0,78.94222687024732,280609.0253437892,0.0,92.41
2023-11-22,4,0.0,78.9422268702473,280609.02534378925,0.0,93.65
2023-11-22,5,3.8021740838684726,77.44456302593915,303041.6830214849,6.231293799359889,117.24
2023-11-22,6,4.786786528985455,75.41314153074023,333469.19395733206,8.45208637106866,137.22
2023-11-22,7,5.4251210491948685,72.77976243778784,370414.0266899388,10.26245353683521,151.06
2023-11-22,8,4.397145737683716,70.63596760929971,399410.3352298368,8.054530149971669,131.26
2023-11-22,9,3.6577516564871964,68.78939177028913,423143.0090607066,6.592409397463825,114.95
2023-11-22,10,2.863380688634665,67.25179602854382,441581.2523784745,5.121734254935532,103.52
2023-11-22,11,-5.349703575363018,70.03121301342932,407590.0596231202,-9.441997987598413,95.52
2023-11-22,12,0.0,70.03121301342932,407590.0596231202,0.0,102.49
2023-11-22,13,3.405951197217849,68.25145063752689,429593.78752426215,6.112146639206102,116.4
2023-11-22,14,3.6347492548988303,66.24954135161826,453599.8962247092,6.66836352790196,119.99
2023-11-22,15,4.070838811201054,63.806050138752155,481435.50297442725,7.732112986032789,127.25
2023-11-22,16,4.176438621492416,60.98504780880297,510638.35314907937,8.111902826292237,133.0
2023-11-22,17,3.9989699551892244,57.87547713485537,538857.7024943201,7.838708151455762,129.89
2023-11-22,18,3.608720788437143,54.74004543675916,564350.7469499826,7.081401237684048,118.81
2023-11-22,19,3.3243897596225835,50.04789396974519,588703.7527772902,6.764723840918776,123.0
2023-11-22,20,-4.169350584114575,55.83644791051811,555758.6161747435,-9.151426834040763,101.29
2023-11-22,21,-4.632869460004161,59.9853276004812,520987.3979372565,-9.65867173263527,102.3
2023-11-22,22,-5.052698142595364,63.451589672296116,485104.85687210376,-9.967372518097989,87.0
2023-11-22,23,-5.442414302726635,66.67000432331582,448557.86965830444,-10.151940892722038,64.97
2023-05-14,0,4.491749357385947,75.05524138604162,338829.9773262666,7.861521479518501,94.3
2023-05-14,1,3.6768083173267208,73.42958711608523,361624.6982437838,6.331866921532537,82.08
2023-05-14,2,3.5950061407527656,71.75821152262763,384231.20972050424,6.279586521311245,81.44
2023-05-14,3,3.4719399782457394,70.12221914107661,406359.1387713595,6.146646958570912,82.64
2023-05-14,4,3.407987540056965,68.35428081441937,428360.68849148264,6.111541588923089,81.33
2023-05-14,5,2.814161869769709,66.83950723098751,446525.25746391044,5.045713603452171,73.87
2023-05-14,6,2.8886887436886255,65.26559633241376,465398.97785770457,5.242700109387243,75.69
2023-05-14,7,-5.646730214639488,68.3336536873079,428608.0408860699,-10.219704714342967,54.9
2023-05-14,8,-6.0075616461213555,71.21470825237593,391582.4675494898,-10.28488148238334,25.09
2023-05-14,9,-6.3564057500459725,73.9582824920748,354473.72743160836,-10.30798336607819,13.89
2023-05-14,10,-6.686334580791113,76.48660218836108,317390.43532641494,-10.300914473664832,9.73
2023-05-14,11,-7.011207537791142,78.95890260525391,280359.24896282837,-10.286440656551832,1.85
2023-05-14,12,-7.325651801826605,81.29150308330273,243336.34125660177,-10.284141029507381,0.16
2023-05-14,13,-7.6378569713999696,83.59395507969808,206312.19458744666,-10.28448518587642,1.78
2023-05-14,14,-7.955406265515325,85.88728229502793,169136.77241286804,-10.326506159605174,15.92
2023-05-14,15,-8.276621477499576,88.18589358925423,131742.83190535213,-10.387205696532199,34.82
2023-05-14,16,5.744642173027122,86.3449459480714,161691.47382874176,8.31906720094156,77.77
2023-05-14,17,7.197123006166599,83.7098733377264,204448.19282168013,11.876866386927333,112.18
2023-05-14,18,6.856218864024797,81.0374866159868,247421.00532647574,11.936892362443224,120.0
2023-05-14,19,6.511358890092804,78.30030179905896,290224.0570689828,11.889736595140846,121.71
2023-05-14,20,6.164387520225834,75.49413479889807,332256.0417097915,11.675551289113528,115.11
2023-05-14,21,5.813576064939268,72.5949861233099,372913.2542066161,11.293670138006831,103.43
2023-05-14,22,5.468730294492861,69.71230540013,411903.5057738742,10.83062543534946,108.37
2023-05-14,23,5.116894821866792,66.67000453002412,448557.8671795398,10.181767057129349,96.18
2023-05-16,0,1.1857181902996672e-11,76.94472322725031,310528.5,1.7763568394002505e-15,70.01
2023-05-16,1,-5.88771023109422,79.0630847149275,278798.76420429663,-8.813815498806493,63.56
2023-05-16,2,-5.928722316810651,81.00455887239585,247950.49371976417,-8.568964023481243,65.9
2023-05-16,3,0.0,81.00455887239576,247950.49371976548,3.552713678800501e-13,72.94
2023-05-16,4,3.8471208007114823,79.63572308318989,269961.8004071103,6.114251857595789,90.0
2023-05-16,5,5.6655770574738025,77.21932748541165,306415.3584939255,10.125988357448662,114.96
2023-05-16,6,5.474103214938266,74.78590051076864,342864.28160393983,10.124700863892869,119.54
2023-05-16,7,5.159785158738848,72.24059905318701,377706.5845623386,9.678417488444111,116.3
2023-05-16,8,3.025852686686609,70.83591295388574,396705.9360841304,5.277597644942148,82.97
2023-05-16,9,0.0,70.83591295388239,396705.9360841439,3.751665644813329e-12,75.11
2023-05-16,10,7.691625114603085e-13,70.83591295388575,396705.93608413026,-3.780087354243733e-12,76.03
2023-05-16,11,-6.049930352353181,73.49001796123923,360807.3292455347,-9.971835232943207,58.07
2023-05-16,12,-6.630848246300788,76.06434824282184,323715.13779508695,-10.303386514013269,35.26
2023-05-16,13,-6.955799167161185,78.5372419688231,286675.06459072075,-10.288909223435056,12.59
2023-05-16,14,-7.27239206586123,80.8987229587189,249652.36824178434,-10.284082319148993,43.23
2023-05-16,15,-5.863462407896072,82.7367168408554,220096.85300159856,-8.209865344496052,66.24
2023-05-16,16,3.77397111100805,81.44054767544692,240939.657699928,5.789667971758178,86.23
2023-05-16,17,4.70782309355161,79.71068597851605,268756.373655262,7.726865543148335,105.72
2023-05-16,18,5.929813828777682,77.15482874602648,307381.4485459538,10.7291874696366,114.22
2023-05-16,19,5.459142944184659,74.72706812618303,343745.49853976106,10.1011249982798,114.42
2023-05-16,20,5.173336963175144,72.16438339852961,378737.454032051,9.71998763674722,109.16
2023-05-16,21,4.340975693559788,70.04001278804839,407471.0365820411,7.981550708330573,97.23
2023-05-16,22,3.4061480999813547,68.2613937304162,429474.553865475,6.112088134287191,83.46
2023-05-16,23,2.9487726627140276,66.6700045300241,448557.86717954,5.300920365018044,77.73
2017-12-15,0,-7.0712418508136565,79.4152795075788,273506.6019006813,-10.283860583144083,40.5
2017-12-15,1,-7.383438506615942,81.71766871659196,236483.46487222693,-10.284204730126227,37.3
2017-12-15,2,-7.69564561000757,84.02013497451995,199459.08887316985,-10.284548888626958,31.99
2017-12-15,3,-8.01462070548521,86.31101994947534,162243.3839217381,-10.337695819842153,29.85
2017-12-15,4,-8.336183981862126,88.6121219873284,124808.92385389822,-10.398461129955528,34.7
2017-12-15,5,-8.695897685983578,91.12933563683312,86913.68408308717,-10.526455491891955,47.19
2017-12-15,6,0.0,91.12933563683313,86913.68408308717,0.0,59.18
2017-12-15,7,4.563417595463857,89.6678895921518,108374.4986143971,5.961337369808316,70.97
2017-12-15,8,4.514718270187945,88.2618438648671,130507.26846105373,6.147991624071281,71.7
2017-12-15,9,5.623474693868609,86.46813631276387,159687.40590304238,8.10559373388574,71.25
2017-12-15,10,4.684821166546502,84.95157867835036,184358.85257169988,6.8531796301826375,70.73
2017-12-15,11,4.087438636534877,83.59913050180933,206228.97218471183,6.0750332258366555,67.69
2017-12-15,12,3.8956099265026545,82.27817062606765,227470.419242065,5.9004019603758735,65.6
2017-12-15,13,3.709295472794034,80.9951827063875,248101.26539536583,5.73079059813913,62.66
2017-12-15,14,3.501533403666019,79.75887495662676,267981.4798480493,5.522281792412073,60.45
2017-12-15,15,4.012017174129401,78.21133388002391,291556.65709107404,6.548660345284645,67.98
2017-12-15,16,4.417719187290759,76.39845644158457,318710.72049634595,7.542795390353305,74.54
2017-12-15,17,5.637778439687296,73.76151658494939,357135.122485521,10.673444996993084,89.53
2017-12-15,18,5.411958740917967,70.975237104121,394821.48054127884,10.46843279326606,88.66
2017-12-15,19,4.493233575483748,68.61973578974623,425177.45684476057,8.432215639856025,76.56
2017-12-15,20,3.494011022500444,66.71072735561003,448069.5350735414,6.358910619105785,65.05
2017-12-15,21,2.8482210866684827,65.15863931877122,466681.5642934894,5.1700081166522125,58.37
2017-12-15,22,2.4509256763715537,63.67436008380746,482798.7506765694,4.476996217522242,55.8
2017-12-15,23,-5.084881951304197,66.67000453002412,448557.8671795398,-9.511356526952667,53.66
2020-04-20,0,-5.365691029196606,78.87483694549009,281618.4208224539,-8.03057754931835,3.69
2020-04-20,1,-6.783988277243891,81.07452123870357,246825.47703513358,-9.664706607588998,0.66
2020-04-20,2,-7.608433938610336,83.37696597385256,209801.4471290896,-10.284452751678884,0.03
2020-04-20,3,-1.659827830735594e-11,83.37696597385256,209801.4471289961,-2.596323156467406e-11,4.74
2020-04-20,4,1.8069101770379348e-11,83.37696597385258,209801.44712908915,2.5842439299594844e-11,9.13
2020-04-20,5,6.813536763753527,80.70289673008888,252801.31511312642,11.944407773343691,17.09
2020-04-20,6,4.66821365468928,78.9300236642525,280791.81024822075,7.7751375375261915,13.83
2020-04-20,7,3.5748751589700922,77.53159157614779,301738.1317055896,5.8184226270469,11.14
2020-04-20,8,3.702685523492672,76.04846808101681,323952.99773608375,6.170796119581723,11.72
2020-04-20,9,-2.254196829198918e-11,76.04846808101681,323952.99773608375,0.0,5.57
2020-04-20,10,-6.9537153645078895,78.521384120235,286912.59031466296,-10.289002061505784,-0.77
2020-04-20,11,-7.270389069243489,80.88395125084485,249889.90191446844,-10.284080111165139,-27.06
2020-04-20,12,-7.582592389466388,83.18638960861367,212865.97455868428,-10.284424265495602,-27.79
2020-04-20,13,-7.898778157478992,85.48205239364265,175729.07571441465,-10.315805234519345,-28.01
2020-04-20,14,-8.219660507590747,87.77828173341283,138373.88497890873,-10.376441870973864,-21.98
2020-04-20,15,1.8175683180743363e-11,87.7782817334128,138373.88497890934,1.7053025658242404e-13,4.01
2020-04-20,16,7.3872847266794786,85.1743102742641,180735.4421814065,11.767099222915881,11.25
2020-04-20,17,7.045283298931167,82.51958443451801,223588.40985988424,11.903602132910478,14.3
2020-04-20,18,6.703611755165806,79.8411819633178,266657.9574934482,11.963763231545549,17.74
2020-04-20,19,6.355419736857791,77.03912769681557,309114.46896957164,11.793475410034276,14.39
2020-04-20,20,6.009857929603893,74.23577164562053,350720.49461018184,11.557229344613944,14.27
2020-04-20,21,5.656964529241866,71.28581810191211,390620.65762720857,11.083378615840772,8.39
2020-04-20,22,5.051916065515806,68.5537709620443,425968.48111112806,9.818839856644303,6.29
2020-04-20,23,3.4511429931133755,66.67000453002412,448557.86717952596,6.274829463443851,4.35
2019-05-12,0,3.553513012073375,75.51608955154178,331927.1939163921,5.944081643442252,30.96
2019-05-12,1,3.1266214514579627,74.21545469207258,350995.25188792084,5.296682769869087,28.01
2019-05-12,2,2.9624093246187853,72.86400034703728,369274.65067555965,5.077610774344109,27.01
2019-05-12,3,0.0,72.86400034703648,369274.65067555965,0.0,25.83
2019-05-12,4,0.0,72.86400034703732,369274.65067555965,0.0,25.07
2019-05-12,5,3.115875347902478,71.42463432716275,388743.0721212525,5.407894846025783,29.27
2019-05-12,6,3.447379086289385,69.79570381287878,410775.4845305794,6.120114558146383,31.79
2019-05-12,7,2.7157796809616666,68.3729009850651,428137.4027293909,4.8227550552254,27.7
2019-05-12,8,-5.467262764499927,71.03565712425848,394004.25795874506,-9.481429102957179,20.46
2019-05-12,9,-5.681385984106983,73.53951962571918,360137.784978786,-9.407353605544174,19.01
2019-05-12,10,-5.659639093912236,75.79623039195137,327731.12308358506,-9.001850526444713,20.1
2019-05-12,11,-6.920616610762439,78.2695008504019,290685.40701743704,-10.290476685041114,13.11
2019-05-12,12,-7.238573824265828,80.64932004850223,253662.84487366688,-10.28404503993616,-1.22
2019-05-12,13,-7.550776079794851,82.95175055439273,216639.0437785366,-10.284389193091734,-8.39
2019-05-12,14,-7.866176853768969,85.24875794759905,179524.32315723738,-10.309644617027566,2.21
2019-05-12,15,-6.231402912516038,87.03398186989956,150482.19789196056,-8.067257018132452,17.4
2019-05-12,16,5.0339362691769765,85.41056708714397,176892.00278497036,7.336056914724949,33.61
2019-05-12,17,6.559841635653661,83.02487222250599,215463.22453489678,10.71422826386845,38.9
2019-05-12,18,6.511333417067913,80.48397661931756,256321.61881662006,11.349553967145354,40.0
2019-05-12,19,6.2497761490637505,77.83648450235516,297171.31341073307,11.34713738725361,40.87
2019-05-12,20,6.10807146444046,75.03867284713229,339078.148077657,11.640787407478868,43.37
2019-05-12,21,5.755712419548495,72.11128462705841,379455.6516600186,11.21597321732267,41.36
2019-05-12,22,5.30635551971248,69.29918350463691,417029.7871102984,10.437259847299941,38.64
2019-05-12,23,4.574864282078601,66.67000453002412,448557.8671795397,8.757800019233699,33.97
2022-11-23,0,-5.708203944430636,79.0023675794243,279708.21175562066,-8.561191178994266,152.53
2022-11-23,1,-6.444387931085595,81.0986154047279,246438.03532597117,-9.241715674902634,130.25
2022-11-23,2,-7.611701140243035,83.40106094618228,209413.99245428157,-10.284456353247116,122.18
2022-11-23,3,-7.928605099555565,85.69549354880657,172256.8027478043,-10.321441585132575,125.9
2022-11-23,4,0.0,85.69549354880655,172256.80274780456,0.0,156.82
2022-11-23,5,4.557153887811068,84.18511276209426,196806.19456143063,6.819275503785022,209.13
2022-11-23,6,6.917149377930674,81.51512791212335,239740.38421858972,11.926163793655299,258.46
2022-11-23,7,6.5389209979944525,78.82626925919,282345.88866185414,11.834862345351226,268.55
2022-11-23,8,5.51092768750187,76.44749635602017,317976.1794194163,9.89730298821172,230.23
2022-11-23,9,4.0711091305770575,74.76117914431978,343234.56893712666,7.016219310475094,198.16
2022-11-23,10,3.394601313583208,73.24241957539334,364156.26874970924,5.811583281272945,174.73
2022-11-23,11,3.290018519645173,71.72410676904781,384692.50011281925,5.704508711974995,170.0
2022-11-23,12,2.95046099799754,70.34854434846395,403297.93372666393,5.168176003845744,165.11
2022-11-23,13,3.3629136160939774,68.64003538521433,424934.03208078805,6.010027320590041,180.08
2022-11-23,14,3.6448091241846465,66.63760097013875,448946.43792366213,6.670112734131692,186.68
2022-11-23,15,4.091332203933626,64.24582173702181,476883.01325862843,7.760159815268423,208.38
2022-11-23,16,4.276848261393925,61.34369083001071,506925.70169065223,8.345191231117724,224.84
2022-11-23,17,4.167179717082391,58.14226695064467,536646.3601586386,8.255738463329521,222.33
2022-11-23,18,3.8148290793904445,54.84201028322626,563821.5333221509,7.548659212086761,223.5
2022-11-23,19,3.3285362604004485,50.14825113633459,588182.8832614728,6.767041649811631,168.59
2022-11-23,20,-4.176926698194334,55.903014669836935,555206.8638801689,-9.160005383695534,152.22
2022-11-23,21,-4.649693962057242,60.047038683425804,520348.5684367564,-9.682859845392358,143.67
2022-11-23,22,-5.060221666189404,63.51514787075742,484446.9061404313,-9.972683971201405,124.44
2022-11-23,23,-5.329502320086482,66.67000453002412,448557.8671795398,-9.969177489136527,141.75
2023-01-12,0,-7.071241850812102,79.41527950757839,273506.601900688,-10.283860583142214,8.4
2023-01-12,1,-7.383438506615885,81.71766871659155,236483.46487223374,-10.284204730126191,6.74
2023-01-12,2,-7.695645610007566,84.02013497451992,199459.0888731767,-10.284548888626965,1.35
2023-01-12,3,-8.01462070548644,86.31101994947534,162243.38392173828,-10.337695819844,3.72
2023-01-12,4,-8.336183981862128,88.61212198732838,124808.92385389833,-10.398461129955543,26.51
2023-01-12,5,3.616765636450474,87.52352900162836,142518.21704601546,4.919248108921423,87.33
2023-01-12,6,5.544708760222836,85.72249397120751,171817.5583259761,8.138705911100182,115.35
2023-01-12,7,6.650134561905489,83.31335255769838,210824.37071381853,10.835225663289563,119.43
2023-01-12,8,5.578644515086143,81.26902047172584,243697.868667306,9.131527209302071,119.49
2023-01-12,9,4.040079155004175,79.8270810983333,266884.7038031075,6.440787537722642,102.84
2023-01-12,10,3.7586860092771284,78.39997836187408,288731.0583426139,6.068431816529554,99.46
2023-01-12,11,3.5051751424729947,77.02080647416685,309388.89217707317,5.738287176238686,90.47
2023-01-12,12,3.558871003398562,75.59139214421994,330799.2790707392,5.947329692685017,92.4
2023-01-12,13,3.7628156456923825,73.98899140112162,354058.36818638426,6.460858087679171,100.0
2023-01-12,14,3.9292974593656993,72.14626914627229,378982.4618287094,6.923359345090319,101.47
2023-01-12,15,3.7826682689541125,70.34862449537148,403296.849684279,6.753996626547121,101.91
2023-01-12,16,4.68698969234973,67.75592052714448,435535.98968992353,8.955316668234587,122.21
2023-01-12,17,4.90310062388788,64.81889737830372,470755.61600520957,9.783229532023896,137.37
2023-01-12,18,4.459963701120646,61.780890609983,502399.83528658166,8.790060911492247,118.9
2023-01-12,19,4.195136768440175,58.670783682863245,532265.6403713636,8.296056967994986,114.96
2023-01-12,20,3.3741029264712528,55.82818224486569,555827.1278468842,6.544857632089048,86.57
2023-01-12,21,-4.642389085591603,59.98532760048133,520987.3979372552,-9.677702752674719,74.51
2023-01-12,22,-5.052698142596828,63.45158967229623,485104.8568721024,-9.967372518097989,42.35
2023-01-12,23,-5.4424147194231765,66.67000453002413,448557.86717953964,-10.151941581267437,33.81
2023-07-17,0,-6.215999703546554,79.16757165495086,277233.713564767,-9.248551787564729,53.28
2023-07-17,1,-6.434822095435733,81.24463997723534,244089.9146275677,-9.206610815888702,50.0
2023-07-17,2,-6.268610785356512,83.18994028660012,212808.87854853913,-8.689176688619042,54.74
2023-07-17,3,-6.4483562050151875,85.10947704978305,181790.15279961633,-8.616312708034108,52.8
2023-07-17,4,3.7465933656388763,83.8866347821028,201605.81363102206,5.504350230946038,77.21
2023-07-17,5,3.93616095798107,82.5574103859172,222980.15675637126,5.937317534819222,81.56
2023-07-17,6,6.420832006054785,80.03019996669065,263618.4890090058,11.288425625731811,108.28
2023-07-17,7,4.695004109578919,78.17427596625288,292111.7265728102,7.914788212167892,96.39
2023-07-17,8,3.3142252010024196,76.86957218576039,311654.1448463203,5.428449520419477,74.47
2023-07-17,9,-7.061461049404733,79.3413344914286,274631.0185457048,-10.284201750170979,33.78
2023-07-17,10,0.0,79.3413344914286,274631.0185457048,0.0,68.8
2023-07-17,11,-7.373956574727448,81.64774132539932,237607.919145589,-10.284194277809945,0.52
2023-07-17,12,-7.686163360804557,83.95020524325496,200583.58077613116,-10.284538435960506,-1.3
2023-07-17,13,-8.004904503655935,86.24149095324069,163374.48562443882,-10.335859764358986,7.69
2023-07-17,14,-6.3358296062921315,88.0244676354761,134368.91858956462,-8.057101954131717,51.76
2023-07-17,15,3.580434170986442,86.93306053056475,152123.99203458254,4.9319648458383085,62.65
2023-07-17,16,4.015149636737547,85.67087959870274,172657.22390125075,5.703675518518942,71.2
2023-07-17,17,6.80811337298068,83.18140618647375,212946.1095419597,11.191357122419163,97.41
2023-07-17,18,6.788464015716796,80.50634920634921,255961.87072735556,11.948822551498843,109.21
2023-07-17,19,6.442124673202267,77.7403628772983,298611.0647409729,11.84699833711592,124.31
2023-07-17,20,6.096400509427155,74.94428278598973,340491.963292489,11.6335829309767,125.72
2023-07-17,21,5.743720741633725,72.01104219488838,380811.4999218535,11.199871285934577,110.81
2023-07-17,22,5.398172510590111,69.10540804488161,419353.4662016085,10.706101744376397,99.98
2023-07-17,23,4.303849012184793,66.67000453002412,448557.8671795398,8.112333604980918,68.46
2019-04-21,0,3.2355025342310384,75.65060837957436,329912.3126518627,5.384392403295182,29.67
2019-04-21,1,0.0,75.65060837957436,329912.3126518627,0.0,27.18
2019-04-21,2,0.0,75.65060837957435,329912.3126518627,0.0,28.27
2019-04-21,3,0.0,75.65060837957436,329912.3126518627,0.0,28.32
2019-04-21,4,3.4611962367864457,74.20923166564245,351079.466204786,5.879764875812029,32.93
2019-04-21,5,3.226542872052711,72.73511654424807,371017.89329457626,5.538451969386188,31.22
2019-04-21,6,3.543871118448636,71.0784429719893,393425.5497609312,6.224349018431923,34.0
2019-04-21,7,3.143708038330078,69.6,413422.5140248472,5.554712295532227,32.23
2019-04-21,8,2.692019469288791,68.16311432663088,430653.08181721246,4.786268831212567,29.1
2019-04-21,9,0.0,68.16311432663086,430653.08181721246,0.0,29.05
2019-04-21,10,0.0,68.16311432663086,430653.08181721246,0.0,27.47
2019-04-21,11,-5.988293869640811,71.0631718651657,393632.1020481736,-10.283605491399669,10.0
2019-04-21,12,-6.337094694317904,73.80640572408345,356527.9658158971,-10.306704508965694,6.27
2019-04-21,13,-6.66833816082943,76.34964847887196,319441.787299914,-10.301716254439754,9.7
2019-04-21,14,-5.553562615073027,78.3741685292912,289117.6491928977,-8.423371696393417,22.4
2019-04-21,15,0.0,78.3741685292912,289117.6491928977,0.0,27.67
2019-04-21,16,4.749221832939234,76.39239259510911,318801.5474150242,8.24552728392402,40.7
2019-04-21,17,5.313804623528089,73.97199145483903,354288.30422375706,9.857432446870249,44.11
2019-04-21,18,5.43145897229901,71.17979088117235,392054.7491574901,10.490679148259176,46.08
2019-04-21,19,4.894513058041987,68.55461732040798,425958.33191454737,9.417661876960352,44.16
2019-04-21,20,4.501965329855606,65.96399027151818,457024.1124550177,8.629383483463982,41.38
2019-04-21,21,4.055759506415129,63.482447143516495,484785.4221452157,7.711474913943874,38.34
2019-04-21,22,0.0,63.482447143516495,484785.4221452157,0.0,27.79
2019-04-21,23,-5.385958519753205,66.67000453002412,448557.86717953987,-10.063209712687723,19.18
2023-03-30,0,3.3138116751714053,75.6184307922993,330394.2824897398,5.518272913816617,80.89
2023-03-30,1,0.0,75.6184307922993,330394.2824897398,0.0,78.77
2023-03-30,2,0.0,75.6184307922993,330394.2824897398,0.0,78.08
2023-03-30,3,0.0,75.6184307922993,330394.2824897398,0.0,76.8
2023-03-30,4,3.765019432025394,74.01830027178741,353661.94542929187,6.463239705431121,89.89
2023-03-30,5,5.454210062609501,71.21181217165991,391621.6390452328,10.544359337761364,119.96
2023-03-30,6,5.300377245727521,68.25866142639595,429507.3185805273,10.523799870915141,129.3
2023-03-30,7,4.717230066845097,65.49377815435633,462662.7112048762,9.209831284541352,110.0
2023-03-30,8,3.8636562959754173,63.08108067624596,488940.3442040862,7.299342499780579,90.66
2023-03-30,9,2.757257982947099,61.293208753194065,507448.28918025864,5.1410958267145475,80.04
2023-03-30,10,-5.203429428323307,64.78019483666577,471219.72166078707,-10.063490977630977,64.55
2023-03-30,11,-5.586379283235452,67.84224320439122,434500.8420996287,-10.199688766988444,26.07
2023-03-30,12,-5.952041399607886,70.77805498404656,397488.5051633422,-10.281204704524015,5.75
2023-03-30,13,-6.300760794047037,73.52064841389972,360393.03117733466,-10.304298329446553,11.87
2023-03-30,14,-6.634477757890904,76.09196901834041,323301.42185719195,-10.303224811150756,39.62
2023-03-30,15,0.0,76.09196901834041,323301.42185719195,0.0,73.69
2023-03-30,16,4.414063809883402,74.19000785435983,351339.48155506846,7.788349916076811,98.22
2023-03-30,17,5.651714414519269,71.2419306432216,391214.2658756797,11.076328977947554,120.4
2023-03-30,18,5.30406259765126,68.29057053041808,429124.67715662206,10.530669800261776,119.76
2023-03-30,19,4.673785879319041,65.56052004723388,461862.36867858376,9.093803200544912,103.28
2023-03-30,20,4.41927177724148,62.69569427514479,492929.8306207903,8.629850539501831,100.36
2023-03-30,21,3.9080747620968914,60.08051247170934,520002.0497495366,7.5200608690961985,90.76
2023-03-30,22,-5.064302632263462,63.54962358528808,484090.01557163894,-9.97556504941602,65.13
2023-03-30,23,-5.273046120413268,66.67000453002412,448557.8671795398,-9.870041220027545,64.9
2021-06-11,0,0.0,76.94472322724796,310528.5,0.0,68.1
2021-06-11,1,0.0,76.94472322724845,310528.5,0.0,66.58
2021-06-11,2,0.0,76.94472322725929,310528.5,0.0,66.33
2021-06-11,3,0.0,76.94472322726877,310528.5,0.0,70.15
2021-06-11,4,3.8689419741890863,75.37105461057764,334099.5900747954,6.54752502077649,83.7
2021-06-11,5,4.3458459795585425,73.41401710348647,361835.29343847523,7.704362045466624,93.31
2021-06-11,6,4.170624639429194,71.42084114572573,388794.3775250315,7.488634468487859,92.26
2021-06-11,7,3.724944474662962,69.64094228153553,412868.7413354292,6.687323280666021,85.05
2021-06-11,8,3.2360052693683734,67.90559408850626,433741.16321655444,5.797894966979229,76.92
2021-06-11,9,2.9257009269717584,66.32322252088554,452716.3406255318,5.270882613604826,74.0
2021-06-11,10,3.062593022504669,64.63325663466648,472872.3099890032,5.598880378742052,75.43
2021-06-11,11,-5.143342740622074,67.4899619382708,438725.26047220174,-9.485291532444847,67.98
2021-06-11,12,-5.355035774962872,70.23600602018792,404820.0924919959,-9.418102216723852,65.49
2021-06-11,13,-5.502886871872898,72.70035339708508,371488.0889159237,-9.258889882242258,64.87
2021-06-11,14,-5.495898008618771,75.0047175882232,339586.744651165,-8.861484517988544,67.45
2021-06-11,15,0.0,75.00471758822246,339586.744651165,0.0,76.96
2021-06-11,16,3.3577033402994094,73.5338577617191,360214.36560734024,5.729894710048683,82.98
2021-06-11,17,3.6026837616720755,71.8602747468031,382850.73398680007,6.287880105405506,88.07
2021-06-11,18,3.479456028288145,70.22212167515765,405007.88786635885,6.154764966544107,89.92
2021-06-11,19,3.410222947882967,68.46716327098727,427007.04647492623,6.1108773912687155,88.07
2021-06-11,20,3.244798042374919,66.70663735058818,448118.58080494986,5.864315091673234,85.46
2021-06-11,21,2.84795488744542,65.15465297367163,466729.3669758766,5.169662825257419,79.88
2021-06-11,22,2.6359745132851438,63.54962358528802,484090.0155716394,4.82240238771189,78.56
2021-06-11,23,-5.273046120413277,66.67000453002412,448557.8671795398,-9.870041220027659,70.58
2021-05-29,0,4.181691319418884,75.21681904646599,336409.7971513642,7.189249208712283,67.07
2021-05-29,1,3.732272033120059,73.58296830184815,359550.1115680959,6.427865115758792,64.77
2021-05-29,2,3.8969892877608876,71.75017843333274,384339.8628120351,6.886042012205323,64.09
2021-05-29,3,3.562810521821511,70.06463435003987,407138.01291823125,6.332819473943388,62.42
2021-05-29,4,3.683228656867268,68.11963505780925,431174.468106239,6.676793107779929,63.77
2021-05-29,5,3.8935433271737274,65.94846422588662,457210.2946870212,7.232174050217267,64.91
2021-05-29,6,3.8110487841141083,63.656109362704065,482987.66772832244,7.160381400361459,65.0
2021-05-29,7,3.711405477896177,61.20800210642089,508330.343375388,7.039632124184891,63.94
2021-05-29,8,3.422308045171416,58.722607226343044,531836.0786680272,6.529370914621978,58.47
2021-05-29,9,-4.786691710915898,62.280986039377666,497222.8768195164,-9.614778291252975,52.2
2021-05-29,10,-5.233905113116553,65.60748557405938,461299.1765549033,-9.978805629059224,47.96
2021-05-29,11,-5.689237982644064,68.67977531819034,424457.48643636174,-10.233802810705967,31.03
2021-05-29,12,-6.04666695408351,71.52226201164311,387422.5901312736,-10.287471195857819,15.01
2021-05-29,13,-6.39559889628731,74.26652707808498,350304.50610364764,-10.31057889656276,15.83
2021-05-29,14,-6.722859581251153,76.76455937722113,313227.0721722269,-10.299287203172426,28.27
2021-05-29,15,-5.711835418366819,78.83022968502587,282286.567688479,-8.594584578818882,45.95
2021-05-29,16,3.3562229326793647,77.51987681796916,301913.60042708967,5.451953538502977,58.05
2021-05-29,17,3.9130864757130444,75.9391322253257,325590.6775344828,6.576965863164759,67.9
2021-05-29,18,4.096773776287831,74.1994949348884,351211.16222595406,7.116801303186463,71.85
2021-05-29,19,4.0711189487326775,72.28009194374566,377172.4158888475,7.211459350803722,72.02
2021-05-29,20,4.351536433315992,70.15206903465793,405955.3983048442,7.995272893332427,74.19
2021-05-29,21,3.6161601743884235,68.26139373041616,429474.55386547564,6.533098766842059,66.13
2021-05-29,22,2.9487726627139472,66.67000453002412,448557.86717953987,5.300920365017845,59.9
2021-05-29,23,0.0,66.67000453002412,448557.8671795398,-1.4210854715202004e-14,55.07
2018-10-12,0,-5.539764960464488,78.94222687024437,280609.0253438652,-8.310965182259668,51.99
2018-10-12,1,-6.043762555837751,80.93052133275452,249141.04046340784,-8.741106911238159,45.64
2018-10-12,2,-6.0968326231892815,82.83817623834639,218465.3542257179,-8.521023954913879,45.8
2018-10-12,3,-6.072311119317314,84.67137400017653,188917.23836398154,-8.207809961593426,49.69
2018-10-12,4,0.0,84.67137400017602,188917.23836398154,0.0,56.65
2018-10-12,5,4.047455806909765,83.32380303052418,210656.3238493146,6.0386348570369535,69.87
2018-10-12,6,4.056970371226542,81.93301311592043,233020.65972467104,6.212315520932357,71.47
2018-10-12,7,4.001200759123154,80.527450260964,255622.54909135203,6.2783026018558274,69.76
2018-10-12,8,3.8116301448484817,79.14415755254885,277584.4201308696,6.10051973319932,69.64
2018-10-12,9,3.6030341420084606,77.73794450386752,298647.28818558354,5.850796681864992,64.3
2018-10-12,10,3.2862888830100494,76.43699841866518,318133.42207163165,5.412814968346694,62.16
2018-10-12,11,-5.551537095976873,78.45755277978883,287868.6837763697,-8.40687174868387,51.36
2018-10-12,12,-5.73242206938621,80.3978145366799,257707.1319956748,-8.37820882797081,50.58
2018-10-12,13,0.0,80.39781453664834,257707.13199567524,0.0,54.13
2018-10-12,14,0.0,80.39781453667298,257707.13199567524,0.0,56.96
2018-10-12,15,3.777540438182067,79.01678382549343,279492.2789785243,6.051429717458078,67.32
2018-10-12,16,3.699417885978789,77.56689665321454,301209.31697113946,6.03251055350421,69.95
2018-10-12,17,4.321917020274574,75.78490934609684,327900.6946113841,7.414271566734627,79.08
2018-10-12,18,3.7785941178579066,74.1987567201836,351221.1470906746,6.477903466469584,72.07
2018-10-12,19,3.314357727344742,72.68235892269782,371731.4766337904,5.697313761976602,65.26
2018-10-12,20,3.2202126893780147,71.18983903119195,391918.84097528073,5.607601205969544,64.3
2018-10-12,21,3.1512397321681402,69.70934366065863,411943.5653497188,5.562423437343895,64.3
2018-10-12,22,2.8983476578654876,68.17539532765419,430505.81288370414,5.156179870551483,62.3
2018-10-12,23,2.793926726867228,66.67000453002412,448557.8671795398,5.014459526621025,62.3
2023-12-02,0,0.0,76.94472322725032,310528.5,0.0,103.12
2023-12-02,1,0.0,76.94472322725032,310528.5,0.0,102.41
2023-12-02,2,0.0,76.94472322725031,310528.5,0.0,100.19
2023-12-02,3,-5.539764960466953,78.94222687024596,280609.02534380957,-8.310965182275126,98.78
2023-12-02,4,-5.746832788865268,80.83880442715845,250615.87692911708,-8.331430115192362,98.17
2023-12-02,5,-5.806370417561356,82.66074623855542,221318.48399609042,-8.138164703618514,99.26
2023-12-02,6,0.0,82.66074625271514,221318.48376839748,-6.324803791812883e-08,105.77
2023-12-02,7,3.763256024520203,81.36676098629863,242126.1720195688,5.779913403103137,120.34
2023-12-02,8,3.9178912690963874,79.97934662614503,264436.22659568535,6.197237382254599,127.99
2023-12-02,9,4.044504372359401,78.43848635476328,288154.26894780877,6.588345097812066,130.75
2023-12-02,10,3.827162284592673,76.91881719920538,310916.5317076022,6.322850766609292,126.92
2023-12-02,11,3.5516894687220493,75.49044897849635,332311.2495240464,5.942977171234489,121.06
2023-12-02,12,3.4233909592441414,74.04764435013298,353265.04646385915,5.820499149947992,114.58
2023-12-02,13,3.3444612422487245,72.51449581111919,374001.9413774867,5.7602485871187525,118.52
2023-12-02,14,3.5276264472316443,70.86249280493887,396346.42520564375,6.206801063376972,123.5
2023-12-02,15,3.70652687049199,69.01834733183146,420397.4640269498,6.6808441170294515,129.79
2023-12-02,16,4.295789449661559,66.5870306027003,449552.85787789966,8.098720514152745,144.15
2023-12-02,17,4.333876740704142,63.98418166725729,479591.4958699078,8.344066108891155,145.01
2023-12-02,18,3.7245335061354883,61.53054067192586,504991.4431183248,7.055540902338038,129.68
2023-12-02,19,3.6131591493405177,58.95680028140271,529894.9328869449,6.917636046838908,122.68
2023-12-02,20,3.4180862006307167,56.0802612974535,553737.7187017974,6.62299605968127,117.13
2023-12-02,21,-4.645863859033401,60.17925729278969,518979.84917036,-9.654963758732606,112.46
2023-12-02,22,-4.974799730465266,63.58601082458064,483713.33701095416,-9.796253377612743,108.81
2023-12-02,23,-5.216588955447423,66.67000453002412,448557.8671795398,-9.765408286503984,109.2
2023-09-13,0,3.23550253423107,75.65060837957436,329912.3126518628,5.384392403295227,97.81
2023-09-13,1,0.0,75.65060837957422,329912.3126518611,0.0,93.62
2023-09-13,2,-5.785210638108314,77.78376672358544,297960.94313366374,-8.875380421721488,78.7
2023-09-13,3,-6.195306718756678,79.93175363273313,265201.5367829396,-9.099835097423366,73.58
2023-09-13,4,0.0,79.93175363273481,265201.5367829127,0.0,87.58
2023-09-13,5,4.037487534776068,78.38945291729848,288888.7130098708,6.5797711741550415,113.57
2023-09-13,6,5.3671212052641994,76.07383230285983,323573.08143642254,9.634546785153262,137.72
2023-09-13,7,4.412338976363022,74.17049048288001,351603.4675101596,7.7862183538158405,124.91
2023-09-13,8,3.352767096785632,72.63507858530859,372370.97591450036,5.768752334539101,103.21
2023-09-13,9,2.9590028785348306,71.26688678433786,390876.7167976821,5.140483578661602,96.86
2023-09-13,10,2.8748410808318696,69.92110998882553,409079.2792210807,5.056267339832942,95.36
2023-09-13,11,2.7310051241546582,68.50733138890583,426525.3662050777,4.846135273332493,93.01
2023-09-13,12,0.0,68.50733138890592,426525.3662050776,0.0,91.88
2023-09-13,13,-5.463031022293156,71.14786598249317,392486.5555038357,-9.45522519478942,87.65
2023-09-13,14,0.0,71.14786598249378,392486.5555038284,0.0,92.7
2023-09-13,15,3.148401856639575,69.66814393755695,412500.82011446543,5.559517947399172,101.42
2023-09-13,16,4.09869596962393,67.39365587932414,439880.1248486847,7.605362426172022,123.81
2023-09-13,17,4.615888388749892,64.68486429060661,472338.0705705255,9.016096033844676,138.2
2023-09-13,18,4.45130782824938,61.63264845805781,503934.42932299175,8.776766320129497,138.93
2023-09-13,19,3.8716721566979118,58.834566260069025,530908.0947478052,7.492684840225962,122.79
2023-09-13,20,3.4178882200303407,55.956116773820455,554766.7161544953,6.627394835191694,106.41
2023-09-13,21,-4.639247391014688,60.080512471719565,520002.0497495345,-9.656851779155772,98.07
2023-09-13,22,-5.0643026322631535,63.54962358528809,484090.0155716389,-9.97556504941545,96.3
2023-09-13,23,-5.273046120413269,66.67000453002412,448557.86717953987,-9.870041220027503,93.78
2023-05-26,0,3.3138116751719227,75.61843079229932,330394.2824897431,5.518272913817523,74.27
2023-05-26,1,3.1398221207176085,74.32410390592513,349525.7396645205,5.3142936596603825,69.8
2023-05-26,2,0.0,74.32410403480046,349525.73792139255,-4.84202203665518e-07,68.54
2023-05-26,3,3.062900166975894,72.92824102966145,368405.75098914665,5.2444480743761375,73.04
2023-05-26,4,3.8448913760467107,71.1114673869846,392978.87169555447,6.825866862891061,86.05
2023-05-26,5,4.635970194169207,68.67187899231645,424552.1760702015,8.770362326290837,98.72
2023-05-26,6,4.5134461803121875,66.07518040356909,455690.7641283884,8.649607793940802,100.38
2023-05-26,7,3.603565332580381,63.96021784572783,479839.5679407038,6.708001058976521,82.14
2023-05-26,8,-5.4247413932715745,67.08191457728972,443618.4039186073,-10.061434450582382,54.29
2023-05-26,9,-5.866138403487834,70.10244876162777,406626.54683431087,-10.275515856748996,36.77
2023-05-26,10,-6.214664842796034,72.84352464591029,369551.59870227095,-10.29859670334443,24.42
2023-05-26,11,-6.554242947419389,75.4813778592326,332447.1206769565,-10.306799451476238,32.31
2023-05-26,12,-6.879301506401868,77.95509071704365,295394.77816158807,-10.292317365380114,5.78
2023-05-26,13,-7.19886084363478,80.35644459207776,258372.3736158219,-10.28400126271282,0.55
2023-05-26,14,-7.511061770178209,82.65886529695989,221348.7301239654,-10.28434541440459,20.01
2023-05-26,15,-6.060531219567201,84.4964354738542,191763.1483541488,-8.218217158282386,52.23
2023-05-26,16,3.734407276530115,83.25723850425427,211726.70220570866,5.545431625433295,72.98
2023-05-26,17,5.380995254824583,81.30105269300651,243182.78055224856,8.73779954070553,87.9
2023-05-26,18,6.411311131096227,78.66147158368025,284814.29961725144,11.564310851389692,103.15
2023-05-26,19,5.627477469777779,76.20879198690722,321551.5968395747,10.204804783978673,98.06
2023-05-26,20,5.55313046393618,73.60283210527955,359281.43988112966,10.480511955987495,99.5
2023-05-26,21,4.755031837899512,71.25592875030571,391024.9317908165,8.817636641579668,92.5
2023-05-26,22,4.522542565722212,68.92147450260684,421559.12488983554,8.481720305283076,89.73
2023-05-26,23,4.032833742290396,66.67000453002412,448557.86717954,7.499650636029003,83.51
2023-07-23,0,5.997864421191055,74.13551391167695,352076.5498391184,11.54112495531067,54.18
2023-07-23,1,5.645462759162811,71.18967097258471,391921.1140842134,11.067934512526373,33.22
2023-07-23,2,4.193216646275895,69.07475726020161,419721.018354926,7.722195630753518,14.53
2023-07-23,3,2.660659113704451,67.65025096210825,436803.13754844357,4.745033109310427,11.09
2023-07-23,4,-5.2096857473680505,70.30361202153884,403905.67454104754,-9.138184168721125,5.08
2023-07-23,5,-5.908541859050217,72.92878014804782,368398.4590399063,-9.863115416983689,2.88
2023-07-23,6,-5.913503613504671,75.35563016185277,334330.6241479126,-9.463287469998235,3.42
2023-07-23,7,-6.862800831639827,77.82951970778007,297275.63512141793,-10.293052507359633,0.09
2023-07-23,8,-7.1830000346797735,80.23947423155242,260253.29351808905,-10.283983778702463,0.0
2023-07-23,9,-7.495200430444973,82.54189102204884,223229.71297077613,-10.284327929809145,-0.03
2023-07-23,10,-7.809230003461772,84.84124713116114,186153.73251597694,-10.298883459666442,-0.05
2023-07-23,11,-8.12958598665335,87.13370979688959,148859.8182498829,-10.35942062947057,-11.62
2023-07-23,12,-8.456857427388162,89.4677635577004,111313.27813614407,-10.42959447603856,-20.0
2023-07-23,13,-8.83003002173665,92.0616913216276,73222.37300020031,-10.5808069822066,-11.67
2023-07-23,14,-9.25121715403586,94.96464512555437,34489.06093530315,-10.759253351360325,-4.8
2023-07-23,15,-8.629939467422615,98.3528042160941,0.0,-9.580294704250875,0.0
2023-07-23,16,8.651065513737345,94.62254133404255,37971.435344637604,10.547620929066001,31.64
2023-07-23,17,8.265065242132232,91.78085288752558,77346.38535731813,10.937486114633478,68.33
2023-07-23,18,7.892546783377181,89.01961196056409,118179.85357356859,11.342630060069574,88.0
2023-07-23,19,7.554476204376197,86.44672260473223,160035.76533475306,11.626642155884575,94.43
2023-07-23,20,7.210324156700931,83.8133586728649,202784.1163361452,11.87454194483115,100.34
2023-07-23,21,6.869486733499475,81.14149496856028,245748.51855735894,11.934556172559375,93.67
2023-07-23,22,6.524916452035985,78.40994998975188,288581.69898165826,11.898105673416481,77.14
2023-07-23,23,6.177700852153616,75.60180775396731,330643.269557086,11.683769604285473,70.02
2017-10-30,0,-6.385999193072185,79.21909267541858,276462.00940715487,-9.4629140535681,42.03
2017-10-30,1,-7.358516248122986,81.53387212682401,239438.97139636872,-10.28417722521837,32.8
2017-10-30,2,-7.670722542838904,83.8363322340424,202414.6943026433,-10.28452141492373,32.4
2017-10-30,3,-7.98908271912256,86.12827049771279,165216.362495434,-10.332869946447026,32.92
2017-10-30,4,-8.310495882389056,88.42829832838243,127799.37769172837,-10.393606889918232,33.9
2017-10-30,5,0.0,88.42829832838243,127799.37769172837,0.0,50.0
2017-10-30,6,3.8539944416463996,87.2596641337728,146810.785865893,5.280946715045729,63.16
2017-10-30,7,5.173177596990629,85.5936303663033,173913.91884916567,7.5286480509090765,73.13
2017-10-30,8,4.763938823064467,83.99071490205927,199932.17281998906,7.227292769673163,76.4
2017-10-30,9,4.303940770789664,82.51920203869386,223594.55890407856,6.572885023358197,72.26
2017-10-30,10,4.31027638449515,81.0007742499311,248011.35163013102,6.782442423903454,71.63
2017-10-30,11,3.8640448496630726,79.62508997021594,270132.78418219637,6.144842375573717,67.85
2017-10-30,12,3.9923035329923438,78.07349489684462,293621.26907729084,6.524579137526231,68.08
2017-10-30,13,3.9555763696161477,76.48593927445907,317400.3647379375,6.605304350179637,68.73
2017-10-30,14,3.521208540017966,75.0620111048848,338728.5775455609,5.924503557673162,63.17
2017-10-30,15,3.4171257376965327,73.56942476600446,359733.29726237024,5.8346443657803775,63.16
2017-10-30,16,3.312127930538349,72.04508710580292,380351.0189430221,5.727144911292186,61.21
2017-10-30,17,4.603787085117084,69.75245814332295,411360.4121368925,8.61372033163066,77.39
2017-10-30,18,5.121807985838807,66.7125444728859,448047.74491793744,10.190925772512486,94.67
2017-10-30,19,4.550268242927782,63.93913826374134,480057.76036839024,8.891670958459102,78.85
2017-10-30,20,3.696592388260882,61.5058356740374,505247.18780343083,6.997063176400161,64.87
2017-10-30,21,2.098222385798789,60.145612334182154,519328.13980270684,3.9113755553544536,54.96
2017-10-30,22,-4.9680001588800415,63.54962358528808,484090.01557163894,-9.788367841963293,53.81
2017-10-30,23,-5.273046120413273,66.67000453002412,448557.8671795398,-9.870041220027545,49.2
2020-07-21,0,3.182245379776661,75.6713537480267,329601.57953864936,5.2980776496248225,26.53
2020-07-21,1,3.1466484604227816,74.38028724054288,348765.82118550927,5.323400457461084,26.27
2020-07-21,2,2.9816088514336028,73.02201232828409,367137.429286474,5.103224472490197,26.29
2020-07-21,3,2.9828043947523764,71.64748141468324,385728.91105458065,5.164300491140736,27.34
2020-07-21,4,2.941103646250971,70.27535427234801,404287.88015293254,5.155269193986641,27.39
2020-07-21,5,4.238263560721304,67.99540731234492,432664.1583645443,7.882299503225482,35.21
2020-07-21,6,4.127088672984605,65.6637011493544,460625.06148850697,7.7669175344340715,34.36
2020-07-21,7,3.5715301050655537,63.500728151713886,484596.17822373344,6.658643537562909,31.37
2020-07-21,8,-5.387441858208701,66.68576520876536,448368.87131957844,-10.063140806709711,17.3
2020-07-21,9,-5.821381192867272,69.75044221747237,411387.68288984866,-10.272552341591606,5.0
2020-07-21,10,-6.1698058935763145,72.49072724251036,374323.42749106896,-10.29562649966104,10.63
2020-07-21,11,-6.4424007250362525,75.14327583115963,337511.35928077955,-10.225574502858166,13.41
2020-07-21,12,-6.834935591816826,77.6174637562247,300451.90100233536,-10.294293966234491,10.53
2020-07-21,13,-6.042508277928646,79.73707183116109,268332.08091002994,-8.922172247862619,17.3
2020-07-21,14,-7.427073982688344,82.03947180887877,231308.7707174436,-10.284252831273989,8.1
2020-07-21,15,-6.6325630169685175,84.05314670119844,198928.25000562868,-8.99458908661525,15.06
2020-07-21,16,4.313126018489659,82.57963283801894,222622.81279121764,6.58182299599693,34.93
2020-07-21,17,6.425134310786165,80.05177184515983,263271.6064709005,11.291331577689675,42.49
2020-07-21,18,6.033080530194188,77.47795835715424,302541.47328748525,10.908296337940214,41.69
2020-07-21,19,5.502137537385929,75.0407646613293,339046.81597867835,10.140372969775868,40.47
2020-07-21,20,5.188832709621914,72.5122230209862,374032.6824367834,9.718296238362512,39.67
2020-07-21,21,4.4188806896894395,70.34814670646882,403303.3121098134,8.130730464730547,36.11
2020-07-21,22,3.9676589798642814,68.26139373041521,429474.5538654871,7.269789376576043,32.62
2020-07-21,23,2.948772662712229,66.67000453002412,448557.86717953987,5.3009203650146475,28.2
2023-12-01,0,-7.071241850812129,79.41527950757839,273506.60190068797,-10.283860583142227,102.63
2023-12-01,1,-7.383438506615878,81.71766871659156,236483.4648722337,-10.284204730126207,99.1
2023-12-01,2,-7.695645610007578,84.02013497451993,199459.08887317666,-10.284548888626944,95.88
2023-12-01,3,-8.014620705486415,86.31101994947534,162243.38392173828,-10.337695819843994,96.07
2023-12-01,4,-8.336183981862106,88.61212198732835,124808.92385389848,-10.3984611299555,102.26
2023-12-01,5,-8.695897685983596,91.12933563683312,86913.68408308721,-10.526455491892023,119.96
2023-12-01,6,4.284660765831809,89.76955517947569,106881.57568254095,5.546636555403818,152.04
2023-12-01,7,6.786923781695335,87.5440147080165,142184.9543983221,9.806494087716981,203.2
2023-12-01,8,7.355731922070192,84.9341773545806,184641.93830587014,11.793606640985573,222.11
2023-12-01,9,6.882411645593912,82.34457342697738,226402.64147993442,11.600195326128961,214.65
2023-12-01,10,6.681173569102485,79.66528644583055,269486.41230948444,11.967714119319453,212.75
2023-12-01,11,5.916068726899368,77.11181924379646,308025.6634971813,10.705347552138022,196.39
2023-12-01,12,4.554315693872208,75.19449398979293,336744.19151888863,7.977368894918698,173.37
2023-12-01,13,4.577377264240888,73.07494285850365,366421.5072378566,8.24369881082444,173.93
2023-12-01,14,4.771435202920158,70.70292114979796,398504.7422634169,8.912009729322293,181.79
2023-12-01,15,4.984060671308283,67.93337204656619,433408.0608700307,9.695366279614959,199.95
2023-12-01,16,4.922351195982619,64.985575763481,468756.87437353504,9.819114862084533,229.97
2023-12-01,17,4.574306408927946,61.86769106894247,501501.28204145544,9.09566879664456,198.92
2023-12-01,18,4.062392864199289,58.93446006089507,530080.0921524668,7.938558364169808,168.4
2023-12-01,19,3.625491755684429,55.864513346994535,555525.9900241409,7.068304964353928,142.27
2023-12-01,20,0.0,55.86451334699991,555525.9900241614,0.0,125.07
2023-12-01,21,-4.645935599196432,60.01528829810919,520677.2465578236,-9.680206518427156,118.2
2023-12-01,22,-5.056350809259129,63.48244714351646,484785.4221452161,-9.969951225724316,108.1
2023-12-01,23,-5.385958519753498,66.67000453002412,448557.8671795386,-10.063209712688192,105.52
2023-11-14,0,-7.071241792151745,79.41528470840065,273506.6021567257,-10.283860512020633,2.17
2023-11-14,1,-7.383438551741584,81.71766871398884,236483.4649140858,-10.2842047896222,0.88
2023-11-14,2,-7.695645609654858,84.02013497191729,199459.0889150292,-10.284548888626844,0.53
2023-11-14,3,-8.014620714373114,86.31101994947521,162243.3839217386,-10.33769583146961,0.78
2023-11-14,4,-8.336183981884934,88.61212198732838,124808.92385389842,-10.398461129955606,2.91
2023-11-14,5,-8.69589768598358,91.12933563683313,86913.68408308634,-10.526455491892243,49.32
2023-11-14,6,3.766528493307945,89.93670205588366,104427.08334795566,4.864833129130368,80.03
2023-11-14,7,4.456346654795916,88.53289559168485,126097.78340695129,6.019638905276565,90.84
2023-11-14,8,3.6118675003673646,87.44392320527248,143813.24860237908,4.920962554285495,82.44
2023-11-14,9,0.0,87.4439232119657,143813.24860275455,1.043005681822251e-10,73.91
2023-11-14,10,0.0,87.44392321196571,143813.24860275455,0.0,72.82
2023-11-14,11,0.0,87.4439232119657,143813.24860275455,0.0,75.08
2023-11-14,12,0.0,87.4439232119657,143813.24860275275,0.0,75.22
2023-11-14,13,3.7122222973129557,86.29634080602085,162482.18507023904,5.185815685412862,82.78
2023-11-14,14,4.578826862607174,84.81222590751085,186625.8514491835,6.706573994151242,91.22
2023-11-14,15,3.7556423175481046,83.57624334802135,206597.00476042498,5.547542586455961,85.94
2023-11-14,16,5.7008841215536386,81.48776818559062,240180.33715987182,9.328703444290788,109.28
2023-11-14,17,6.499714923924294,78.81944834978823,282448.05519691657,11.741032788067983,119.97
2023-11-14,18,5.956644558430029,76.17675655432521,322031.4374226088,10.995383951581175,116.99
2023-11-14,19,4.723657895366741,74.1001460244136,352554.9249884832,8.478746546076223,100.35
2023-11-14,20,3.9381422608173464,72.25470464893239,377515.7966189502,6.933575452907505,89.86
2023-11-14,21,4.071562475937971,70.29399025844516,404035.81554505345,7.366671923917565,92.32
2023-11-14,22,3.628358420798663,68.4162487597623,427617.5932661813,6.550493811424403,85.5
2023-11-14,23,3.2198068322806512,66.6700053905627,448558.00080271304,5.816779871258817,81.1
2018-04-29,0,3.9273315193361507,75.34285930463423,334521.91157821607,6.664836549504457,43.34
2018-04-29,1,4.343177947713557,73.38366773552475,362245.78964161663,7.701077239833495,46.58
2018-04-29,2,4.968597881888652,70.89049755575773,395967.64157181256,9.367181091721093,50.68
2018-04-29,3,4.2645203525455955,68.68340602066179,424413.9484804708,7.901751919071728,45.39
2018-04-29,4,4.26478257705216,66.26781203631484,453380.8013606492,8.046348022271772,46.61
2018-04-29,5,4.314974300245265,63.624094900133684,483319.09290111985,8.316192094575186,47.27
2018-04-29,6,4.16713858224823,60.807861415324446,512472.5762714107,8.098189825080794,45.96
2018-04-29,7,3.9862372694790853,57.6628926411405,540619.7528539662,7.818660161820958,44.87
2018-04-29,8,3.411991039564398,54.68671928290918,564627.5180952847,6.668823678144037,37.57
2018-04-29,9,3.319490194305839,50.0,588952.3300307095,6.756892204284668,39.12
2018-04-29,10,0.0,50.0,588952.3300307085,0.0,34.79
2018-04-29,11,-4.165734996002093,55.80467991162788,556021.9317764197,-9.147332848413527,12.84
2018-04-29,12,-4.640094870994042,59.965946236902,521188.0326729331,-9.676083084301837,18.15
2018-04-29,13,0.0,59.965946236901715,521188.0326729259,0.0,23.52
2018-04-29,14,-5.0503352583434875,63.43162819221738,485311.49693964794,-9.965704370354985,19.83
2018-04-29,15,0.0,63.43162819221739,485311.49693964794,0.0,22.9
2018-04-29,16,4.3803444452796825,60.41731584443491,516515.48104748246,8.667773363287353,38.9
2018-04-29,17,3.600018345109719,57.553982354218924,541522.4781980672,6.9463880973846415,30.99
2018-04-29,18,3.5788123609995415,54.24989222378635,566894.7193975295,7.047844777628427,31.99
2018-04-29,19,2.9598416789739366,50.03543251310609,588768.4297017847,6.076030640070911,24.21
2018-04-29,20,-4.168409849931773,55.82818224486575,555827.1278468844,-9.150361626361217,23.81
2018-04-29,21,-4.642389085591674,59.98532760048131,520987.39793725486,-9.677702752674861,18.8
2018-04-29,22,-5.052698142596736,63.45158967229621,485104.8568721027,-9.967372518097818,19.72
2018-04-29,23,-5.442414719424001,66.67000453002412,448557.86717953417,-10.151941581269043,12.35
2021-04-22,0,3.2355025342310384,75.65060837957436,329912.3126518626,5.38439240329518,58.64
2021-04-22,1,-1.0631495683810499e-11,75.65060837957436,329912.3126518627,0.0,57.0
2021-04-22,2,1.283773087834561e-11,75.65060820204833,329912.3126518627,0.0,53.81
2021-04-22,3,3.143972472900911,74.3582638805864,349063.7023688657,5.319830476945285,58.4
2021-04-22,4,3.9586812281652834,72.50650829554613,374109.9780528934,6.95729880111881,70.72
2021-04-22,5,4.915203474977314,70.02189854533418,407716.04424962547,9.335018387981123,82.57
2021-04-22,6,4.904781125047291,67.20853434807945,442100.02943351,9.551106995523483,85.0
2021-04-22,7,2.106048668792937e-11,67.20853434807945,442100.02943351,0.0,54.3
2021-04-22,8,3.348860499793168,65.36851442348794,464164.82459263905,6.129109766424733,64.18
2021-04-22,9,-5.438575040884602,68.33534264220367,428587.7876033147,-9.882510274812319,48.48
2021-04-22,10,-5.902864531823541,71.180210285959,392049.07641752675,-10.14964199605221,40.2
2021-04-22,11,-6.3519926339796395,73.92370138424384,354941.4608448033,-10.30767099242317,32.9
2021-04-22,12,-6.68224939729883,76.45542400916646,317857.4351856164,-10.301118238663022,21.65
2021-04-22,13,-7.007116325372743,78.92776826196754,280825.59264042845,-10.286622929218879,30.43
2021-04-22,14,-7.321719239130928,81.26250120318151,243802.70054015695,-10.284136694519873,34.92
2021-04-22,15,2.1458390619955026e-11,81.26250120317691,243802.70054015695,0.0,53.16
2021-04-22,16,3.9025515024236412,79.87842848488606,266059.0218024474,6.1823114617473465,69.65
2021-04-22,17,4.428231390885437,78.14242462216635,292588.80979891814,7.369385554575217,78.76
2021-04-22,18,5.285775469257354,75.86252617816228,326738.1160859238,9.48591841305712,84.42
2021-04-22,19,4.392352365957778,73.94303606420273,354679.94591892074,7.761619398054705,78.81
2021-04-22,20,4.215828814173001,71.93504720202692,381839.38478810585,7.5442885747736455,75.3
2021-04-22,21,3.7658609055207215,70.14256956917365,406083.8851490541,6.73458343359674,70.85
2021-04-22,22,3.7354340265632215,68.17539532765466,430505.8128836989,6.783868815179105,71.2
2021-04-22,23,2.7939267268667143,66.67000453002412,448557.8671795398,5.014459526622474,60.78
2021-06-07,0,-5.877079908268963,79.05955130999226,278851.689073679,-8.799114146200282,60.8
2021-06-07,1,-6.043873637919365,81.03621630014952,247441.43240158854,-8.725071297802913,59.97
2021-06-07,2,-6.09340436222285,82.93935995689925,216838.28845319056,-8.500873318999439,60.3
2021-06-07,3,-6.078958421771107,84.77009040015973,187311.31430131843,-8.201937264408919,63.22
2021-06-07,4,3.700263541206929,83.55198212020859,206987.13287528505,5.465505159435168,80.19
2021-06-07,5,3.8889598948684116,82.23237755911913,228206.7860500554,5.894348104102882,85.94
2021-06-07,6,4.045244838346901,80.8172199711304,250962.96171829326,6.32115990784385,90.0
2021-06-07,7,3.8334175682823606,79.44886344860987,272966.5616477644,6.112111091519765,86.0
2021-06-07,8,3.643574352623415,78.03504232581867,294197.22833941184,5.897407414346503,82.55
2021-06-07,9,3.4571867014490176,76.66913108046887,314656.4385296613,5.683113941735954,81.0
2021-06-07,10,3.277572148047012,75.35285280836736,334372.2245512507,5.4766072282192795,79.95
2021-06-07,11,3.1318164527208885,74.0302367180688,353500.49673341494,5.313408939490074,77.73
2021-06-07,12,0.0,74.03023671807024,353500.49673341494,0.0,76.15
2021-06-07,13,0.0,74.03023671806878,353500.49673343217,0.0,76.97
2021-06-07,14,3.0448234604477453,72.63918812382097,372315.3915623617,5.2263596747026355,77.25
2021-06-07,15,3.0622090856749646,71.22260065191291,391475.7173842894,5.322312728313264,79.55
2021-06-07,16,3.162105973351292,69.73710031607975,411568.1373778198,5.581227775980665,83.18
2021-06-07,17,3.580493270341408,67.80860737910267,434904.18968575215,6.48223675220342,88.0
2021-06-07,18,3.623284715146477,65.80729654671728,458903.1219669458,6.6663700781093524,89.95
2021-06-07,19,3.5590239509142823,63.67845508095715,482756.3595069559,6.625899316669461,87.24
2021-06-07,20,3.4564624769528516,61.41848030915432,506151.48540203547,6.4986460819665695,84.95
2021-06-07,21,2.1594095970311837,60.0152882981102,520677.2465578339,4.034933654388453,79.0
2021-06-07,22,-5.056350809260701,63.482447143516495,484785.42214521545,-9.969951225727357,71.35
2021-06-07,23,-5.38595851975395,66.67000453002412,448557.86717953533,-10.06320971268893,64.21
2018-09-16,0,0.0,76.94472322725316,310528.5,0.0,47.87
2018-09-16,1,0.0,76.94472322725314,310528.5,0.0,47.63
2018-09-16,2,3.2355029144960366,75.65060837958805,329912.3126518566,5.3843924032935035,50.22
2018-09-16,3,3.445050028266793,74.21705434489532,350973.6590546722,5.850374000782111,52.69
2018-09-16,4,3.056315202553767,72.82294512845306,369829.9509167042,5.237858850564436,51.13
2018-09-16,5,0.0,72.82294512845286,369829.9509167042,0.0,47.78
2018-09-16,6,0.0,72.82294512845286,369829.9509167042,0.0,44.69
2018-09-16,7,0.0,72.82294512849707,369829.95091654017,0.0,45.75
2018-09-16,8,0.0,72.82294512845286,369829.95091670426,0.0,45.21
2018-09-16,9,-5.3389550105332235,75.05004699804044,338907.7811193664,-8.589491610371624,43.22
2018-09-16,10,0.0,75.05004699804037,338907.7811193663,0.0,44.21
2018-09-16,11,-5.815196893502132,77.21623196304161,306461.72456861276,-9.012793486320433,38.44
2018-09-16,12,-7.10553597820067,79.66819198234096,269439.6903756144,-10.283898386943989,28.58
2018-09-16,13,-6.404692029299527,81.70457925240487,236693.9475414164,-9.096039676166114,33.36
2018-09-16,14,-5.834006017922522,83.50643755767602,207719.50365495242,-8.048456635128879,42.34
2018-09-16,15,0.0,83.50643755765147,207719.5036551049,0.0,49.09
2018-09-16,16,4.232691568325356,82.05044590994329,231132.30374744412,6.503555581205347,63.85
2018-09-16,17,5.2284817326913835,80.10252373506823,262455.50024212484,8.700887915189085,70.78
2018-09-16,18,6.048447040135739,77.5260384450554,301821.308908076,10.934946851653109,75.09
2018-09-16,19,5.545238629282022,75.06566677282699,338673.82136790326,10.236809016618679,75.07
2018-09-16,20,4.807914699830468,72.78621665519859,370326.7289332053,8.792474323695004,67.34
2018-09-16,21,4.675744885921589,70.46776554322572,401685.3845676272,8.710737676228305,66.8
2018-09-16,22,3.9817419339919544,68.38908883576536,427943.28439132613,7.293861062138589,60.92
2018-09-16,23,3.1722842249655057,66.67000453002412,448557.86717954016,5.726272996726124,51.67
2016-12-06,0,-5.877079908268961,79.05955130999268,278851.6890736787,-8.799114146200356,50.74
2016-12-06,1,-5.8674169587433385,80.98256785389142,248304.1161604434,-8.485436920343144,52.1
2016-12-06,2,-6.095144472265499,82.88800132156608,217664.15133774604,-8.511101339638167,49.73
2016-12-06,3,-6.248283055913223,84.7678315501491,187348.06140298164,-8.42113609299011,48.19
2016-12-06,4,-6.199439164639792,86.55930445169224,158204.27738460526,-8.095495560660105,54.14
2016-12-06,5,3.9589069177609897,85.30603679500263,178592.50757905396,5.663397276235749,70.77
2016-12-06,6,4.162661155594546,83.93791256408923,200781.25089349868,6.163539809567979,80.0
2016-12-06,7,4.296172163151876,82.46809199450799,224416.4243654062,6.565325964418754,80.09
2016-12-06,8,3.9541878122174707,81.09551206819451,246487.9379459415,6.130975994593143,76.0
2016-12-06,9,3.5424876937084266,79.84652053221987,266572.11163940176,5.5789371370722876,70.29
2016-12-06,10,3.4233945221446858,78.55998046098922,286334.47760732827,5.489546102201814,69.0
2016-12-06,11,3.3389201046418324,77.25195498566492,305926.6496646087,5.442270015911234,65.61
2016-12-06,12,3.255173185663826,75.955194251929,325350.09354377544,5.39540107754631,65.42
2016-12-06,13,3.1836903087304567,74.66485825294112,344677.304963421,5.368669838790439,67.48
2016-12-06,14,3.1697600999455573,73.24101793687333,364175.2229457429,5.416088328422745,67.53
2016-12-06,15,3.581121686910862,71.57363426924037,386727.7405760228,6.264588230633322,72.97
2016-12-06,16,4.572975183573267,69.25055031612905,417612.9941211096,8.579237095857437,89.25
2016-12-06,17,4.196209841265239,66.89355486038822,445877.1020399599,7.851141088569534,82.71
2016-12-06,18,3.5995954753640045,64.89348374389915,469861.2056477277,6.662251002157703,75.84
2016-12-06,19,3.124450005048426,62.91333224042207,490676.8661439621,5.782127915620663,70.21
2016-12-06,20,2.3016391386410238,61.43326493677981,505998.43580656045,4.255991572943998,66.0
2016-12-06,21,2.0877341158884857,60.07922081612184,520015.4208921969,3.8936069682323478,65.26
2016-12-06,22,-4.96177334349562,63.48244595050103,484785.43449524156,-9.786107332487603,62.1
2016-12-06,23,-5.38596045767922,66.67000453002412,448557.8671795398,-10.06321314325048,50.96
2023-01-06,0,-6.216000414732084,79.1675718813433,277233.71017376706,-9.248552729509143,101.1
2023-01-06,1,-6.812270550833613,81.34510338860858,242474.43161928383,-9.655355154023127,96.73
2023-01-06,2,-7.645125245232596,83.64755717862833,205450.25610808856,-10.284493197554248,81.37
2023-01-06,3,-7.962868002192037,85.94057643835013,168269.66688530068,-10.32794145077441,75.64
2023-01-06,4,-8.28410318032812,88.23950505477316,130870.67750622841,-10.388608160853408,80.06
2023-01-06,5,-8.635650312787652,90.71055533317673,93063.32349834125,-10.502042779968654,97.25
2023-01-06,6,-9.011415119082624,93.32250160819055,54707.82310110083,-10.654305665900118,107.11
2023-01-06,7,3.9061365708762317,92.14331257558902,72023.79396278523,4.809991906023445,122.94
2023-01-06,8,5.529760888177577,90.3832390065726,97869.84730425122,7.179459261518328,152.77
2023-01-06,9,7.029303039047562,88.03391454980562,134215.23564486468,10.095941205725964,158.39
2023-01-06,10,5.650874222968501,86.22166740217303,163696.97629136208,8.189372401804832,144.18
2023-01-06,11,4.265184631214332,84.84972021157809,186015.89195727848,6.199698796087887,126.89
2023-01-06,12,3.75816358798977,83.61411930421019,205987.94756428414,5.547793224168238,120.05
2023-01-06,13,4.24853398726191,82.15467641960964,229456.24462294197,6.518971405182732,134.84
2023-01-06,14,4.817183547504307,80.40709291640304,257557.92534406384,7.806022422533857,144.04
2023-01-06,15,4.351812535277932,78.76190004380527,283310.03864731087,7.153364806457503,140.12
2023-01-06,16,5.489734464858203,76.39243403728032,318800.926676235,9.85858000803448,155.93
2023-01-06,17,5.374018258533515,73.93200817231768,354829.10579031415,10.007827531688662,163.5
2023-01-06,18,4.502321302342693,71.75184312348745,384317.3467257279,8.191178037614918,146.74
2023-01-06,19,4.028593429518592,69.80520921076766,410646.91744649183,7.313769644656659,139.39
2023-01-06,20,3.853137085726039,67.7135558699926,436044.00999424345,7.054747929930997,131.89
2023-01-06,21,3.8805941235104413,65.5443580198953,462056.1773530525,7.225602044113614,129.94
2023-01-06,22,3.356999377176878,63.51514787075983,484446.90614040743,6.219646885376392,121.34
2023-01-06,23,-5.329502320104179,66.67000453002412,448557.8671795403,-9.969177489129777,97.3
2021-08-20,0,-5.708203944431041,79.00236757942432,279708.211755619,-8.56119117899473,83.73
2021-08-20,1,-5.86753296015611,80.93111225999286,249131.53816899442,-8.493520440729046,83.2
2021-08-20,2,-5.86339187032996,82.76800570369716,219593.71832224354,-8.204949957430806,83.96
2021-08-20,3,0.0,82.76800570369714,219593.71832224372,0.0,86.4
2021-08-20,4,3.6193694841269997,81.52907546652185,239516.10319100227,5.533995796877377,101.31
2021-08-20,5,3.941771317068092,80.13645895170494,261909.81136784595,6.220474493567693,115.51
2021-08-20,6,4.118069825682222,78.57703379087474,286079.04544673994,6.713676133026098,122.01
2021-08-20,7,3.8461787532230325,77.05178150960856,308924.9346813662,6.346080342951751,114.0
2021-08-20,8,3.5610521069187917,75.6220494671303,330340.0804109227,5.948651591543467,106.99
2021-08-20,9,3.441187879359653,74.18684590770725,351382.24907158036,5.845046850182683,105.0
2021-08-20,10,3.0544569861905124,72.79323159435641,370231.8470268275,5.235999432013102,99.11
2021-08-20,11,0.0,72.79323159435639,370231.8470268275,0.0,90.0
2021-08-20,12,-5.632184977179971,75.13723516289333,337601.8390261997,-9.0638911112855,85.18
2021-08-20,13,-5.744636590572138,77.27539965828883,305575.48520448315,-8.896209394921271,84.81
2021-08-20,14,0.0,77.27539965828882,305575.48520448315,0.0,90.01
2021-08-20,15,3.2566742413596295,75.97843701856526,325001.9533189749,5.396241142914363,103.31
2021-08-20,16,3.4895057220676016,74.55790188582249,346279.3437514579,5.9103862312452975,113.27
2021-08-20,17,3.9750616934145437,72.70732953489079,371393.731824466,6.976218909168921,124.69
2021-08-20,18,4.110239760103657,70.7339413280113,398085.17288742843,7.4142891841562175,126.14
2021-08-20,19,3.9815351820060134,68.69442880681359,424281.76756477944,7.276831854819719,124.93
2021-08-20,20,3.320605340572504,66.89161025341785,445900.4585137836,6.00519193027894,110.69
2021-08-20,21,3.112189962028824,65.1889881422266,466317.63003945077,5.671436534907542,106.0
2021-08-20,22,2.6417228243190354,63.58601082458104,483713.3370109519,4.832140825416985,102.51
2021-08-20,23,-5.216589920743382,66.67000453002412,448557.8671795397,-9.765408286503387,95.2
2021-06-14,0,7.421618875014246e-12,76.94472322725203,310528.5,-0.0,62.67
2021-06-14,1,-9.01145824627747e-12,76.94472322725203,310528.49999997456,-7.077005648170598e-12,67.5
2021-06-14,2,-1.5775825090713624e-11,76.94472322725203,310528.49999997433,-5.684341886080802e-14,64.2
2021-06-14,3,1.2473577726268559e-11,76.94472322726502,310528.4999997896,-5.132960723130964e-11,63.68
2021-06-14,4,3.553513631521721,75.51608928708002,331927.1978776149,5.944082743840369,77.91
2021-06-14,5,4.6568758949407,73.39161263900274,362138.3293242834,8.391980957407924,97.5
2021-06-14,6,4.45299466690292,71.22850497901098,391395.85727455385,8.127091097297352,93.0
2021-06-14,7,3.717214137425569,69.43062551383272,415453.5862390741,6.682702490144507,83.7
2021-06-14,8,2.1515234038815834e-11,69.43062551383422,415453.5862390572,-4.703792910731863e-12,68.79
2021-06-14,9,-5.289045196728492,71.85365337334763,382940.29264470947,-9.031470442874365,65.0
2021-06-14,10,-5.648215214845019,74.30860818049905,349735.33007379516,-9.223600714142862,60.15
2021-06-14,11,-5.851290360977089,76.53310907444715,316693.83504512394,-9.178193063519785,58.52
2021-06-14,12,-5.884125614048667,78.66601262341878,284746.2819573836,-8.874320302150082,59.33
2021-06-14,13,-5.73862016494612,80.58748566913496,254657.16099164722,-8.35808915714901,62.87
2021-06-14,14,-2.4776625195954693e-11,80.58748566913553,254657.16099166556,5.101696842757519e-12,68.47
2021-06-14,15,3.4743250847715608,79.34860359701096,274522.13873414166,5.518049372910028,82.08
2021-06-14,16,3.9520813461607363,77.79225892447711,297833.7432708904,6.475445704652415,88.85
2021-06-14,17,4.252071417285361,76.05199527302929,323900.1659269179,7.240672960007657,95.0
2021-06-14,18,4.970460254770657,73.80489218193196,356548.4375208512,9.068964331648132,105.17
2021-06-14,19,4.204027613100297,71.80077112242411,383655.55559622066,7.529755020935966,95.0
2021-06-14,20,3.755177328799227,70.0115785353279,407855.62952630594,6.722242758357012,90.0
2021-06-14,21,3.351858926204412,68.26139373041792,429474.5538654534,6.005256760874303,84.18
2021-06-14,22,2.9487731738362517,66.67000453005687,448557.8671791464,5.300920364914717,78.22
2021-06-14,23,1.7330137325188844e-11,66.67000453002402,448557.86717927386,3.5413449950283393e-11,71.52
2020-08-31,0,-7.07124185081212,79.4152795075784,273506.6019006879,-10.283860583142253,28.89
2020-08-31,1,-7.383438506615884,81.71766871659156,236483.46487223363,-10.284204730126195,28.43
2020-08-31,2,-7.695645610007566,84.02013497451995,199459.08887317654,-10.284548888626965,29.41
2020-08-31,3,-8.014620705486434,86.31101994947535,162243.38392173813,-10.337695819844,34.39
2020-08-31,4,0.0,86.31101994946823,162243.383921738,0.0,45.24
2020-08-31,5,3.9215451290772934,85.06367334201867,182535.2901473127,5.636640618215203,59.94
2020-08-31,6,4.46311184518038,83.56640223580678,206755.2529161243,6.727767435780997,67.25
2020-08-31,7,5.539090778701123,81.55172323514819,239151.92000339893,8.999074190909617,68.84
2020-08-31,8,4.50885437143345,79.91821766578163,265419.1993559304,7.296466486814296,66.53
2020-08-31,9,4.100086684169435,78.34562021017173,289545.2582805542,6.70168303461773,65.41
2020-08-31,10,3.814415847889051,76.82969333504752,312251.4675432797,6.3072803507570825,62.76
2020-08-31,11,3.606345769713988,75.37485463698269,334042.67163356056,6.053112247300234,60.0
2020-08-31,12,3.44054951349282,73.90948656878618,355133.72606037866,5.8586262296716995,57.48
2020-08-31,13,3.2173361121925903,72.43594890482153,375064.3426388323,5.536282382903778,54.99
2020-08-31,14,3.4448940433904607,70.82520870204559,396850.7184975038,6.051771071853196,58.95
2020-08-31,15,3.9848187044783887,68.79687184795685,423053.3109116233,7.278497892810975,65.49
2020-08-31,16,4.440396234899699,66.25680253017296,453512.82302768476,8.460975587794849,71.6
2020-08-31,17,4.55427960612618,63.39617217643753,485678.5352048254,8.934920049205743,79.06
2020-08-31,18,4.1934526142017345,60.55200684314716,515121.16775198834,8.178509040878595,72.66
2020-08-31,19,3.792767052757616,57.53769105258708,541657.5120068586,7.37120673746395,64.86
2020-08-31,20,2.0188144284946348,55.82818224486568,555827.1278469671,3.9360044000301286,52.02
2020-08-31,21,-4.642389085603452,59.98532760048131,520987.3979372553,-9.677702752697712,45.0
2020-08-31,22,-5.052698142596853,63.45158967229639,485104.8568721024,-9.967372518098017,39.2
2020-08-31,23,-5.442414719423109,66.67000453002412,448557.8671795399,-10.151941581267366,37.91
2020-04-05,0,3.0024148846980983,75.74140348909137,328552.34417940176,5.0066233831671525,9.82
2020-04-05,1,3.0497435016787677,74.5,347146.62327381875,5.165077526226938,9.9
2020-04-05,2,-3.0322411248562275e-11,74.5,347146.62327381875,0.0,8.17
2020-04-05,3,-2.5071500431295135e-11,74.5,347146.62327381875,0.0,5.26
2020-04-05,4,-2.5071500431295135e-11,74.5,347146.62327381875,0.0,5.53
2020-04-05,5,-2.5071500431295135e-11,74.5,347146.62327381875,0.0,5.5
2020-04-05,6,2.1369572777985013e-11,74.5,347146.62327381875,0.0,8.05
2020-04-05,7,-2.5071500431295135e-11,74.5,347146.62327381875,0.0,5.77
2020-04-05,8,-2.5071500431295135e-11,74.5,347146.62327381875,0.0,4.55
2020-04-05,9,-5.683279607273475,76.64010682801438,315091.176352936,-8.904290811356319,1.39
2020-04-05,10,-7.031350492184304,79.11219155550546,278063.22067862103,-10.285543242865273,-0.97
2020-04-05,11,-7.345013649510306,81.43429291895532,241040.23613634612,-10.28416237285414,-18.29
2020-04-05,12,-7.657219467023144,83.73674969377905,204016.01262857136,-10.284506529937431,-35.31
2020-04-05,13,-7.975246486057004,86.02925861904878,166827.09342223292,-10.330255335094009,-28.2
2020-04-05,14,-8.296578319498412,88.3287044546959,129419.57654696837,-10.390976909795711,-5.07
2020-04-05,15,-2.5071500431295135e-11,88.3287044546959,129419.57654696837,0.0,4.48
2020-04-05,16,7.4614197039265395,85.73851522328695,171556.92367730004,11.704818647314355,14.34
2020-04-05,17,7.118464662012078,83.09326154429975,214363.50289698262,11.890716449911828,17.7
2020-04-05,18,6.777162978659916,80.41775845135504,257386.4276233376,11.950812423987493,19.48
2020-04-05,19,6.4305768877614655,77.64696896287826,300009.95923877833,11.839869893177976,21.88
2020-04-05,20,6.0850607492828965,74.85257129775144,341865.6576823094,11.62658290098085,12.45
2020-04-05,21,5.732069359972814,71.91364441245595,382128.87232757005,11.184226290350182,9.97
2020-04-05,22,5.386254737666741,69.00221967541881,420590.86053879577,10.683885614229368,6.74
2020-04-05,23,4.153490734104614,66.67000453002412,448557.86717953987,7.768612955762251,3.91
2019-06-30,0,3.2523145467667858,75.64370024606477,330015.7856673872,5.41313490760756,17.3
2019-06-30,1,-5.292386477334327,77.59180493438879,300836.229948277,-8.105432144197284,11.46
2019-06-30,2,-5.366912491715055,79.49201765765635,272272.62849839585,-7.934333736078102,11.05
2019-06-30,3,-5.657783470771871,81.31001657433812,243038.6385429182,-8.120552765410466,10.16
2019-06-30,4,-5.779277908272291,83.10698889957146,214142.76274007373,-8.026632167456789,10.85
2019-06-30,5,0.0,83.10698889957146,214142.76274007373,0.0,12.58
2019-06-30,6,3.82619593789308,81.80017599349888,235156.72211005143,5.837210936104917,19.76
2019-06-30,7,0.0,81.80017599349888,235156.72211005143,0.0,17.24
2019-06-30,8,0.0,81.80017599349888,235156.72211005143,0.0,13.38
2019-06-30,9,0.0,81.80017599349888,235156.72211005143,0.0,12.19
2019-06-30,10,-5.861499219435335,83.60754267696926,206093.70178280296,-8.073061202013463,9.35
2019-06-30,11,0.0,83.60754267696309,206093.70178290224,0.0,13.06
2019-06-30,12,-6.969994197265971,85.64498759809402,173078.43645375705,-9.170907035873668,6.65
2019-06-30,13,-8.242563425797275,87.94217467626153,135707.66517485594,-10.380769799694747,-1.52
2019-06-30,14,-8.58757581234207,90.37638882419333,97970.43979214046,-10.482562606309859,6.46
2019-06-30,15,4.516070705180626,88.92032147326977,119795.11692156145,6.062410313728055,20.05
2019-06-30,16,7.541103031850129,86.3449459480714,161691.4738287418,11.637876918661206,28.83
2019-06-30,17,7.197123006166608,83.7098733377264,204448.19282168016,11.876866386927325,36.63
2019-06-30,18,6.856218864024939,81.0374866159868,247421.00532647583,11.936892362443245,37.94
2019-06-30,19,6.511358890092609,78.30030179905896,290224.0570689831,11.889736595140903,37.07
2019-06-30,20,6.1643875202008225,75.4941347989142,332256.0417095499,11.67555128904634,43.19
2019-06-30,21,5.813576064970551,72.59498612330991,372913.2542066145,11.293670138073495,36.72
2019-06-30,22,5.468730891110002,69.71230540013,411903.505773874,10.830625435349859,28.98
2019-06-30,23,5.116894821866795,66.67000453002412,448557.86717953964,10.181767057129349,26.23
2022-10-17,0,-7.071241850812102,79.41527950759145,273506.60190047795,-10.283860583200573,105.65
2022-10-17,1,-7.383438506619124,81.71766871660503,236483.46487201704,-10.28420473012803,89.64
2022-10-17,2,-7.695645610009393,84.02013497453339,199459.08887296,-10.284548888626958,78.67
2022-10-17,3,-8.014620705486438,86.31101994947535,162243.3839217379,-10.337695819783917,101.33
2022-10-17,4,-8.336183981862167,88.61212198732838,124808.92385389838,-10.398461129955422,126.48
2022-10-17,5,3.6167656364505407,87.52352900162934,142518.217046,4.919248108917117,156.23
2022-10-17,6,5.335976808301574,85.80766565264261,170431.98052262946,7.7538231879526265,182.51
2022-10-17,7,4.277324316230397,84.41583465150474,193074.3671597656,6.289551843648923,176.21
2022-10-17,8,4.010993484773148,83.07271156716268,214693.95294272428,6.005440495266306,170.49
2022-10-17,9,0.0,83.07271156716267,214693.95294271424,0.0,148.68
2022-10-17,10,3.6396226874693385,81.83333058713711,234623.58589720906,5.536009154026338,157.31
2022-10-17,11,0.0,81.83333058713639,234623.5858972172,0.0,152.28
2022-10-17,12,3.5572434555212262,80.59578298868762,254523.7375037482,5.527819890703043,156.5
2022-10-17,13,3.4722492497254294,79.35846535247084,274374.42508987174,5.51407988503432,154.36
2022-10-17,14,3.7234763332588643,77.90507353520012,296143.95717299386,6.047092245311703,169.06
2022-10-17,15,5.414162878681016,75.54131646477094,331549.33428461844,9.834826975451264,222.5
2022-10-17,16,5.819570205991921,72.64509314605803,372235.5220503821,11.30171882382325,266.02
2022-10-17,17,5.474478673518837,69.76035801618845,411253.5608897537,10.838344122047658,275.64
2022-10-17,18,5.122774628903768,66.7209140166229,447947.380641625,10.192727708853127,222.76
2022-10-17,19,3.5951259849925967,64.72107308112042,471928.686497592,6.661473848879751,164.13
2022-10-17,20,3.9901255166155885,62.07390046343599,499366.6127264519,7.621646174683292,174.92
2022-10-17,21,2.949671245093026,60.145612334181614,519328.1398026976,5.544868632290473,145.65
2022-10-17,22,-4.968000158878767,63.549623585288074,484090.01557163906,-9.788367841960707,141.64
2022-10-17,23,-5.2730461204132855,66.67000453002412,448557.8671795398,-9.870041220027574,135.71
2023-10-11,0,-7.071241850809274,79.4152795075624,273506.6019009452,-10.28386058307079,7.58
2023-10-11,1,-7.383438506636042,81.71766871659713,236483.46487214405,-10.284204730222541,1.85
2023-10-11,2,-7.695645609990752,84.0201349745198,199459.08887317608,-10.28454888860221,2.47
2023-10-11,3,-8.014620705490616,86.31101994947468,162243.3839217488,-10.33769581984091,9.16
2023-10-11,4,0.0,86.31101994947534,162243.38392173828,0.0,80.81
2023-10-11,5,6.954598981680573,83.79610182228977,203061.6118790454,11.338396654807532,127.99
2023-10-11,6,6.660649642541703,81.23263309610265,244283.0982220042,11.450412873044101,136.86
2023-10-11,7,4.611143303330836,79.53767754283489,271538.4032948327,7.570918075785698,114.61
2023-10-11,8,3.3295068503755174,78.2595764334489,290834.05923268694,5.359904427181732,86.25
2023-10-11,9,0.0,78.25957643344891,290834.05923268717,0.0,80.0
2023-10-11,10,-6.487398071727381,80.44205920774728,256995.66387658112,-9.39955426558501,61.1
2023-10-11,11,-7.5226712283278285,82.74448277770246,219971.97431345587,-10.284358211979239,48.12
2023-10-11,12,-7.83737857991869,85.04267792692156,182876.84476554868,-10.304202652196444,21.54
2023-10-11,13,-8.157900021352349,87.3363246093771,145563.66884735864,-10.36477108838612,41.63
2023-10-11,14,-8.489617639652376,89.6954802374094,107969.33981785504,-10.44286917486211,62.0
2023-10-11,15,6.646271459308562,87.53033548968452,142407.48870752868,9.566152469353788,104.33
2023-10-11,16,7.353889504413296,84.92015561749925,184870.0447297572,11.795154450619037,129.69
2023-10-11,17,7.012317646560184,82.26116289960778,227743.90879144284,11.909406683801564,141.14
2023-10-11,18,6.670479493575117,79.58145435959887,270834.4584190509,11.969597118780015,129.3
2023-10-11,19,6.02505285978534,76.95268874038061,310409.1890945802,10.99298074320258,109.79
2023-10-11,20,5.696705309987008,74.3564251456078,349088.57253183716,10.744273177015828,109.3
2023-10-11,21,5.241167168463257,71.71183153906019,384858.5310927392,9.936099600250557,104.0
2023-10-11,22,4.722275833416845,69.29918350463694,417029.7871102983,8.936460004877532,99.51
2023-10-11,23,4.57486428207865,66.67000453002412,448557.86717953975,8.757800019233741,100.2
2020-07-31,0,0.0,76.94472322725032,310528.5,0.0,30.21
2020-07-31,1,-5.539764446300693,78.94221719208608,280609.025343854,-8.310965182262791,25.96
2020-07-31,2,-5.7468327888644355,80.83880442715552,250615.8769291642,-8.331430115191608,25.11
2020-07-31,3,0.0,80.83880442718865,250615.87692908116,0.0,26.45
2020-07-31,4,3.5062804289903573,79.59719213974995,270581.3900026609,5.545975853772163,35.34
2020-07-31,5,3.7413076425333447,78.15570921315441,292389.82744172483,6.05789928862886,38.33
2020-07-31,6,4.10045347741832,76.5002304738867,317186.3049635434,6.887910422727387,41.77
2020-07-31,7,3.8637870549890203,74.9180458850961,340884.95095691644,6.582957220381388,40.21
2020-07-31,8,3.0494777379248204,73.58057282420744,359582.5120608298,5.193766973309266,32.76
2020-07-31,9,-6.092451623667011,75.98086509088931,324965.58460013976,-9.615813183525006,20.5
2020-07-31,10,-6.471061287290151,78.31815011896762,289956.71720352874,-9.724685387947503,19.1
2020-07-31,11,-6.865547978134413,80.59562274670435,254526.31424484827,-9.841778599633471,18.87
2020-07-31,12,-6.39680740089177,82.59790071265014,222329.05966597045,-8.943681827466058,20.0
2020-07-31,13,-6.056526128266816,84.43695748297144,192730.73972488474,-8.221755539190475,24.86
2020-07-31,14,0.0,84.43695748295967,192730.73972490517,0.0,26.91
2020-07-31,15,3.654787399747067,83.22349587952792,212269.29239958306,5.427375742966078,36.0
2020-07-31,16,5.717241074950783,81.10625723951227,246315.15223771514,9.457183288370025,48.63
2020-07-31,17,6.404721640426505,78.44585337838527,288043.9224774429,11.59132506659104,52.72
2020-07-31,18,5.566669600713649,76.01852196380082,324401.5436489971,10.099339214320608,49.12
2020-07-31,19,4.964943880827119,73.77032110328078,357016.0352824166,9.059581009283207,46.15
2020-07-31,20,4.768057635058279,71.41961755460031,388810.9274416978,8.831914488689222,44.97
2020-07-31,21,3.4470087416931916,69.79079324596357,410841.9033461706,6.119715529020226,37.12
2020-07-31,22,3.3185159629883145,68.02893090421068,432262.1566374809,5.950070358697289,36.12
2020-07-31,23,2.5229114569728024,66.67000453002376,448557.8671795441,4.52658626168423,30.83
2021-05-19,0,0.0,76.94472322725034,310528.50000000314,0.0,63.1
2021-05-19,1,0.0,76.94472322722844,310528.50000002416,0.0,62.08
2021-05-19,2,0.0,76.9447232272487,310528.50000002416,0.0,63.82
2021-05-19,3,0.0,76.94472322724872,310528.500000024,0.0,69.79
2021-05-19,4,3.6221343140395845,75.48524910346707,332389.13550422987,6.072398751168308,82.96
2021-05-19,5,4.056778205113475,73.70915768214431,357843.31287778495,7.070604825987516,88.14
2021-05-19,6,4.481980069848007,71.5360268270991,387236.4114771687,8.164749610939921,95.0
2021-05-19,7,4.010384470923311,69.59472947452208,413485.7160932037,7.291473504454174,89.32
2021-05-19,8,3.6695247050243855,67.59100489632306,437513.59306474705,6.674410269873164,84.65
2021-05-19,9,3.415619759401812,65.71555654226361,460003.232014191,6.247121930401093,81.96
2021-05-19,10,3.0958733543099193,63.897552573083125,480488.27515684813,5.6902897618492005,77.77
2021-05-19,11,2.18475357251787,62.499549325419984,494960.3225393543,4.02001316180727,70.08
2021-05-19,12,-5.240648400197463,65.79053835792146,459104.07957504474,-9.96006749008599,64.0
2021-05-19,13,-5.465790651227618,68.75087452604785,423604.8927027905,-9.860885242292838,63.55
2021-05-19,14,-5.599062981180271,71.41242972787659,388908.1477720286,-9.637984702989428,63.87
2021-05-19,15,0.0,71.41242972787849,388908.14777203166,0.0,71.0
2021-05-19,16,2.929994313433449,70.04231659991636,407439.87572403724,5.147702208890436,80.56
2021-05-19,17,3.4061996501752994,68.26399688441764,429443.3378666487,6.112072817392075,87.9
2021-05-19,18,3.7224310832584817,66.20603715951928,454121.5813838745,6.8550676436738485,92.81
2021-05-19,19,3.6016828943797825,64.11519788264724,478235.22371518874,6.6982339809206195,90.01
2021-05-19,20,3.4947991414709634,61.83325605014324,501857.7513304309,6.561813226456138,87.07
2021-05-19,21,2.825851656708646,59.98532765092971,520987.39741501637,5.313790579051528,80.05
2021-05-19,22,-5.052698031811538,63.451589672296265,485104.8568721021,-9.967372373031736,71.67
2021-05-19,23,-5.442414719423078,66.6700045300241,448557.86717954004,-10.151941581267238,61.67
2021-03-18,0,-5.720594997598386,79.00671442355093,279643.10284173436,-8.579276988407118,49.56
2021-03-18,1,-5.926875451299672,80.9532335055963,248775.82163592067,-8.574244779392698,48.17
2021-03-18,2,-6.04577474825251,82.8451289608611,218353.55227782164,-8.450630377249738,47.94
2021-03-18,3,-6.102676991952114,84.68644372201433,188672.08326389908,-8.244852503867378,47.03
2021-03-18,4,-6.194033488383532,86.47897275266865,159511.05132659752,-8.100286649250435,51.53
2021-03-18,5,3.869168847243003,85.25372220032155,179443.56440892856,5.536809189536406,66.05
2021-03-18,6,4.491399295665577,83.75250775741824,203762.6180473541,6.755292677340428,79.15
2021-03-18,7,4.40873149473973,82.22959181386574,228251.58170312434,6.8024899043806215,78.34
2021-03-18,8,4.0448349847781975,80.81452350996848,251006.32165530964,6.320761097829248,75.0
2021-03-18,9,3.8366426563422062,79.44480863031846,273031.76439134934,6.118178537788808,69.51
2021-03-18,10,3.729788270167287,77.99379369378002,294815.0682143029,6.050917728598208,68.0
2021-03-18,11,3.4517625795469797,76.6293812956343,315251.82802200486,5.67687772436166,65.31
2021-03-18,12,3.2153126253105757,75.33798217899772,334594.9632783032,5.373093126749538,61.27
2021-03-18,13,3.1036461796625554,74.02637874857797,353552.6784404733,5.26603198949168,59.67
2021-03-18,14,3.0445861445626017,72.63539335921642,372366.71837957646,5.226122205306453,61.34
2021-03-18,15,3.061745692648846,71.21897601465056,391524.7431106646,5.321673536413371,63.23
2021-03-18,16,3.7078617103884,69.42553188604316,415514.6670199353,6.6638677525752,71.67
2021-03-18,17,4.467910244748749,66.87809452003002,446062.5338721222,8.485518570051894,83.2
2021-03-18,18,4.7998414076486995,63.895179428002756,480512.8418151195,9.569529984165925,98.71
2021-03-18,19,3.7209720092234266,61.44303932869705,505897.25187640876,7.051225017024791,70.91
2021-03-18,20,2.102490744519908,60.079221862988504,520015.4100550941,3.921710605190384,61.71
2021-03-18,21,-4.961772679708625,63.482447143516495,484785.4221452158,-9.786107752743987,57.96
2021-03-18,22,-5.385958519753181,66.67000453002417,448557.8671795401,-10.06320971268768,49.61
2021-03-18,23,-2.941646926046815e-11,66.6700045300241,448557.8671795401,0.0,60.97
2023-12-06,0,-6.216000410144744,79.16757187991756,277233.7101951182,-9.248552723578266,93.1
2023-12-06,1,-6.260888053048203,81.19621176212829,244868.65544034788,-8.990292987436225,92.57
2023-12-06,2,-6.424527982471259,83.18519306163998,212885.2154074493,-8.884288898027378,90.96
2023-12-06,3,-7.898611906429053,85.4808627035276,175748.42966167073,-10.315773818271822,90.59
2023-12-06,4,-8.219493279337417,87.77708505026092,138393.35268913157,-10.37641027014977,93.89
2023-12-06,5,0.0,87.7770850502609,138393.3526891091,0.0,106.84
2023-12-06,6,4.142158230759247,86.49477595648816,159254.03064944208,5.7946327667591575,133.5
2023-12-06,7,7.0496624815575615,83.94683106878178,200637.83855469918,11.495502195904749,167.0
2023-12-06,8,5.873200911624744,81.79612899428763,235221.7991204022,9.606655712695286,166.54
2023-12-06,9,4.633835026804746,80.11638232060126,262232.6498616639,7.503014094794906,150.0
2023-12-06,10,4.116415570541777,78.55574540324221,286397.9121364084,6.712572854095697,146.29
2023-12-06,11,3.6669531239603104,77.11058712576867,308044.11869461427,6.012835155057189,133.01
2023-12-06,12,3.5651938268524472,75.68025191106156,329468.29899904097,5.951161195674089,126.73
2023-12-06,13,3.7700603351679325,74.08531202359119,352755.5651146844,6.468685032123176,135.67
2023-12-06,14,3.9369618889093356,72.2402335249507,377711.5285846769,6.932212074997921,143.99
2023-12-06,15,4.894628303586157,69.76111438431413,411243.3304874549,9.31438941743832,164.0
2023-12-06,16,4.991232231785704,66.83273624892331,446606.4524174413,9.823089424996226,178.07
2023-12-06,17,4.5920572819007655,64.0431508074723,478981.0507992422,8.99294399494471,165.28
2023-12-06,18,4.188559897086125,61.21593210998124,508248.2524449832,8.12977823492804,149.93
2023-12-06,19,3.6448458715435397,58.52727392715046,533455.1505385995,7.001916137115643,129.91
2023-12-06,20,3.1647059621370857,55.86451334699997,555525.9900241608,6.130788745989264,115.68
2023-12-06,21,-4.64593559919517,60.01528829811019,520677.24655783403,-9.680206518424114,107.33
2023-12-06,22,-5.056350809264661,63.48244714351905,484785.4221451893,-9.969951225734661,100.44
2023-12-06,23,-5.385958519693723,66.67000453002412,448557.8671795191,-10.06320971268616,99.2
2023-01-01,0,-5.302580911636433,78.84815418062807,282018.08683049615,-7.919559213751064,-1.75
2023-01-01,1,-5.487082174343138,80.66391147024356,253428.21025826235,-7.9416323811760705,-1.46
2023-01-01,2,-7.552754696398174,82.9663424644327,216404.4013111379,-10.284391374201235,-5.27
2023-01-01,3,-6.837336663106919,84.99606844519407,183635.09049033973,-9.102586339110601,-4.41
2023-01-01,4,-8.151348379246434,87.28944115560975,146326.37156502416,-10.363533034809876,-5.4
2023-01-01,5,-7.2412049158274465,89.27265610256201,114178.36160853042,-8.93000276569271,-4.69
2023-01-01,6,-6.596225917851129,91.21597970054144,85641.346874163,-7.926948537324282,-1.31
2023-01-01,7,-6.807009788259836,93.15660102871172,57144.01400926911,-7.91592579580386,-1.57
2023-01-01,8,-7.07049589363025,95.5413708807277,28618.401033685957,-7.923781382106432,-1.03
2023-01-01,9,0.0,95.5413708807277,28618.401033685957,0.0,-0.23
2023-01-01,10,-7.384564404298918,98.3528042160941,0.0,-7.949555842690543,-0.74
2023-01-01,11,0.0,98.3528042160941,0.0,0.0,-0.57
2023-01-01,12,0.0,98.3528042160941,0.0,0.0,-0.12
2023-01-01,13,0.0,98.3528042160941,0.0,0.0,0.85
2023-01-01,14,8.651065513737377,94.62254133404257,37971.43534463749,10.54762092906597,23.5
2023-01-01,15,8.265065242132321,91.7808528875256,77346.38535731801,10.937486114633478,36.54
2023-01-01,16,7.892546783377181,89.01961196056408,118179.85357356863,11.34263006006962,46.03
2023-01-01,17,7.554476204376225,86.44672260473222,160035.76533475312,11.626642155884575,36.64
2023-01-01,18,7.210324156700931,83.8133586728649,202784.1163361452,11.874541944831137,54.95
2023-01-01,19,6.869486733499514,81.14149496856027,245748.51855735897,11.934556172559375,45.83
2023-01-01,20,6.5249164520359875,78.40994998975188,288581.6989816583,11.898105673416495,36.57
2023-01-01,21,6.177700852153585,75.60180775396731,330643.269557086,11.683769604285459,45.96
2023-01-01,22,5.82725525299471,72.70933501517867,371366.60631580045,11.312037988531799,35.0
2023-01-01,23,5.481848630718176,69.82196594463363,410420.27102546196,10.848240197128192,69.92
2021-05-18,0,-5.554004070889888,78.94741096885983,280531.3756696087,-8.332534536219807,59.66
2021-05-18,1,-5.8676444436944735,80.88166069352968,249926.73479095145,-8.501289132960355,56.68
2021-05-18,2,-5.8634995661730835,82.72023427240684,220361.89784627093,-8.212454706855695,59.92
2021-05-18,3,-1.8985701899509877e-11,82.72023427240687,220361.89784627093,0.0,67.21
2021-05-18,4,3.972633809838107,81.34700929274825,242443.78408590885,6.133857288788306,80.99
2021-05-18,5,4.404171251576527,79.75223521154408,268088.24902125663,7.123462482041049,87.98
2021-05-18,6,4.3323973955994965,78.05083712060735,293960.6470625578,7.1867772336947695,90.07
2021-05-18,7,4.085461014886376,76.40000145573349,318687.57860529906,6.868592095205912,87.25
2021-05-18,8,3.827134013771994,74.83303441966008,342158.2895035156,6.519641916171253,82.42
2021-05-18,9,3.700978095953608,73.16696034387023,365176.9070730932,6.394060435993794,80.0
2021-05-18,10,3.1266597056828176,71.72671171626057,384657.2663991703,5.411210923910289,73.08
2021-05-18,11,3.577506824115062e-07,71.72671171626057,384657.26639917016,-2.842170943040401e-14,67.46
2021-05-18,12,2.162892087653745e-11,71.72671171626055,384657.26639917016,0.0,62.55
2021-05-18,13,-5.353125536416137,74.06217443917558,353068.51695488143,-8.774652623413544,61.92
2021-05-18,14,-5.605616361999509,76.2310821890064,321217.7245389529,-8.847442337757911,60.16
2021-05-18,15,2.12878603633726e-11,76.23108218900639,321217.7245389529,0.0,64.25
2021-05-18,16,3.503262878652187,74.80976810166233,342506.7824908087,5.913627208848823,79.9
2021-05-18,17,3.99725578445601,72.9794246677271,367713.456865745,7.001853993037869,88.24
2021-05-18,18,4.133489122809486,70.99841760501377,394507.9482260292,7.442914266745618,89.95
2021-05-18,19,3.991055116874236,68.99128609545568,420721.96064839064,7.281670117322605,87.98
2021-05-18,20,3.6539024958293176,66.98837792680048,444740.0586383926,6.671693886111655,83.7
2021-05-18,21,3.344493034120024,65.14796842351477,466809.52547198074,6.130407453774481,78.92
2021-05-18,22,2.6239385289927597,63.54962358528809,484090.01557163894,4.80013613879396,72.59
2021-05-18,23,-5.273046120413268,66.67000453002412,448557.8671795398,-9.870041220027545,65.49
2021-07-29,0,-5.33257789257191,78.86143203533604,281819.20537222386,-7.974804063271157,33.39
2021-07-29,1,-7.313340344769219,81.2007084980655,244796.34652309638,-10.284127458090971,12.24
2021-07-29,2,-7.625545102342344,83.50315745604135,207772.24871267515,-10.284471614005895,7.39
2021-07-29,3,-5.96273160768332,85.27365114345513,179119.35921782663,-7.959135970791252,32.09
2021-07-29,4,0.0,85.27365114345513,179119.35921782663,0.0,35.01
2021-07-29,5,7.058168510642986,82.620593088943,221964.1591731652,11.901333320927378,65.0
2021-07-29,6,6.716562089055342,79.94270111797238,265025.4978037164,11.961482952930893,64.5
2021-07-29,7,2.106048668792937e-11,79.94270111796683,265025.49780380545,2.474109805916669e-11,35.6
2021-07-29,8,-7.454957593224238,82.24510797702057,228002.0769571904,-10.284283568504186,-13.73
2021-07-29,9,-7.7679942670561,84.54616481285377,190954.14861213125,-10.291091206960878,-31.92
2021-07-29,10,-8.088107865256484,86.83689297517907,153688.45134698498,-10.35158257365174,-30.39
2021-07-29,11,-8.410103101532158,89.14108611167177,116203.7051090017,-10.412429510550908,-33.25
2021-07-29,12,-8.781424389489185,91.72383291273223,78183.70337399998,-10.56111159305604,-35.37
2021-07-29,13,-9.177290847184976,94.465067293626,39574.40959422915,-10.724803827714116,-31.42
2021-07-29,14,-9.75258865729097,98.3528042160941,0.0,-10.992891553952543,-36.22
2021-07-29,15,0.0,98.3528042160941,0.0,0.0,15.51
2021-07-29,16,8.65106551373735,94.62254133404255,37971.43534463761,10.547620929066003,74.98
2021-07-29,17,8.265065242132295,91.78085288752558,77346.38535731817,10.93748611463349,91.35
2021-07-29,18,7.892546783377199,89.01961196056408,118179.85357356867,11.342630060069581,94.26
2021-07-29,19,7.554476204376233,86.44672260473222,160035.76533475314,11.626642155884575,95.98
2021-07-29,20,7.210324156700931,83.8133586728649,202784.11633614526,11.874541944831144,92.95
2021-07-29,21,6.86948673349951,81.14149496856027,245748.51855735906,11.93455617255939,82.95
2021-07-29,22,6.524916452035976,78.40994998975188,288581.6989816584,11.898105673416481,62.13
2021-07-29,23,6.177700852153638,75.60180775396731,330643.2695570861,11.683769604285473,52.94
2016-01-19,0,-6.552159188302324,79.26835241706577,275724.175663046,-9.667867871376114,34.24
2016-01-19,1,-6.428986501845426,81.33372051388571,242657.47179727268,-9.185195518270366,35.15
2016-01-19,2,-7.643581712318231,83.63617392307793,205633.30240991357,-10.284491496488648,29.66
2016-01-19,3,-7.961272251211368,85.92925920169253,168453.88968517567,-10.327614645760526,29.39
2016-01-19,4,-6.535015125195319,87.77457075515265,138434.2553863083,-8.338787305240935,37.65
2016-01-19,5,-6.417063828953647,89.5664902484334,109863.511853754,-7.936317647931752,42.26
2016-01-19,6,3.6735636509831298,88.44662517658995,127501.23547287649,4.899367671978467,54.1
2016-01-19,7,5.905508214517592,86.55643965847352,158250.8820051665,8.541568481191668,65.61
2016-01-19,8,4.996302625619036,84.91833919197146,184899.59444444443,7.402420122021653,65.35
2016-01-19,9,4.502377270206662,83.3983737742388,209457.20301776598,6.821557937033759,64.14
2016-01-19,10,4.354926517944667,81.88752689742059,233752.0923138347,6.748580360019098,61.94
2016-01-19,11,3.9945090038744238,80.48342189136079,256330.53901528742,6.271790750403525,58.98
2016-01-19,12,4.118781457935592,78.95783627486392,280375.2209212226,6.679078307204222,58.53
2016-01-19,13,3.6952661944338585,77.5085537306435,302083.2025329273,6.029994892140181,55.81
2016-01-19,14,3.5932155344794983,76.07413655200554,323568.5242609518,5.968144924451252,55.5
2016-01-19,15,3.722011236923194,74.54824541075033,346423.98261717515,6.348738432284279,56.21
2016-01-19,16,4.999197802520575,72.07573444395052,379936.4924869241,9.309030519374701,70.07
2016-01-19,17,5.406088373917591,69.17394644001638,418531.58072690596,10.720857844439408,89.95
2016-01-19,18,5.0569331194168265,66.15083451847215,454783.54974121053,10.069991392862377,78.19
2016-01-19,19,4.065630264772322,63.69418673212364,482593.50212314236,7.7249867727588395,58.84
2016-01-19,20,3.393723299413738,61.47949657003162,505519.84865870525,6.368429593211914,51.47
2016-01-19,21,2.1093041985154493,60.11153998868041,519680.85471904045,3.9336127945375665,48.07
2016-01-19,22,-4.964804640773481,63.51514787076077,484446.9061403977,-9.78720793851187,43.41
2016-01-19,23,-5.329502320084033,66.67000453002412,448557.8671795398,-9.969177489127205,37.8
2020-03-22,0,2.9150698794208982,75.77382188351281,328066.76742779586,4.87174095216552,9.97
2020-03-22,1,0.0,75.7738218835128,328066.7674277959,0.0,7.3
2020-03-22,2,0.0,75.7738218835128,328066.7674277959,0.0,6.25
2020-03-22,3,0.0,75.7738218835128,328066.7674277959,0.0,6.09
2020-03-22,4,0.0,75.77382188351281,328066.7674277959,0.0,6.24
2020-03-22,5,0.0,75.7738218835128,328066.7674277959,0.0,6.06
2020-03-22,6,-5.6159206500661085,77.84232656142544,297083.8085210451,-8.606377474097457,5.68
2020-03-22,7,-5.851784897099767,79.88155182076062,266008.79758682934,-8.631947481726584,5.15
2020-03-22,8,-7.446665665482204,82.18395663346746,228985.4096461111,-10.284274427977294,1.44
2020-03-22,9,-7.759497755123057,84.48536389944059,191943.26136237572,-10.28948563437094,-3.07
2020-03-22,10,-8.079561410551708,86.77573467203194,154683.37813394048,-10.349967563454236,-35.48
2020-03-22,11,-8.401506410490427,89.07956831804229,117204.48010776388,-10.410805007271271,-52.09
2020-03-22,12,-8.771477752554974,91.65469370451572,79198.98801606815,-10.557081136582152,-38.87
2020-03-22,13,-9.162162597635843,94.36283388805538,40615.07328803096,-10.71775409112144,-19.9
2020-03-22,14,-9.737082247162984,98.24801528394366,1066.677145230081,-10.985665595222466,-11.98
2020-03-22,15,0.0,98.24801528394364,1066.6771452300816,0.0,0.02
2020-03-22,16,8.636072073292633,94.5145588709452,39070.620374085425,10.556650896904262,11.04
2020-03-22,17,8.254564241460919,91.703157080927,78487.32059837012,10.949083395634638,18.19
2020-03-22,18,7.8831006928442395,88.94772239875049,119349.35709263761,11.35056569285208,22.93
2020-03-22,19,7.544793589866445,86.3730329749441,161234.55246298102,11.63477649176206,19.45
2020-03-22,20,7.200766091742152,83.73843190394706,203988.96216407255,11.876224916969868,14.36
2020-03-22,21,6.859880361844793,81.06618951790517,246959.45370580332,11.936247650480766,14.79
2020-03-22,22,6.515100333554451,78.33056111174987,289770.81997860555,11.892046186889516,11.05
2020-03-22,23,6.168061564195137,75.52384901119109,331810.9693692495,11.677819275178862,13.29
2020-08-23,0,3.2355034849185604,75.65060837957563,329912.31265184825,5.384392403291179,22.14
2020-08-23,1,0.0,75.65060837957986,329912.3126517802,0.0,19.32
2020-08-23,2,-5.547233118596127,77.69831233959562,299240.9159061946,-8.519832429329341,14.91
2020-08-23,3,-6.042584824893136,79.80990651421367,267160.8764757286,-8.911122064018329,11.84
2020-08-23,4,-5.80167295436615,81.66461246205785,237336.6260033425,-8.284514020107252,13.87
2020-08-23,5,0.0,81.66461246205792,237336.6260033429,0.0,19.2
2020-08-23,6,3.2804852196902266,80.5198114948599,255745.38283427258,5.113543564147136,22.19
2020-08-23,7,-5.796188138187703,82.34915303231085,226328.9999969331,-8.171217454816528,14.62
2020-08-23,8,-7.782450532486817,84.64961363392962,189271.23725143285,-10.29382298486118,0.1
2020-08-23,9,-8.102649105085247,86.94094987176912,151995.64777890942,-10.354330409034283,5.0
2020-08-23,10,0.0,86.9409498717691,151995.64777890945,0.0,15.6
2020-08-23,11,-8.425690623809551,89.25112268337097,114494.5721981483,-10.41696543910032,2.28
2020-08-23,12,0.0,89.25112268337108,114494.57219814709,0.0,15.6
2020-08-23,13,0.0,89.25112268337108,114494.57219814709,0.0,16.68
2020-08-23,14,0.0,89.25112268337112,114494.57219814627,0.0,15.29
2020-08-23,15,3.6559639332414946,88.160589964587,132154.4727242256,4.9055279239109275,20.06
2020-08-23,16,5.729030535720363,86.32442071488524,162025.37950065502,8.297474104563726,28.0
2020-08-23,17,7.15470763332729,83.70987326555338,204448.19398224386,11.784115133774677,33.41
2020-08-23,18,6.856220179378282,81.03748645788153,247421.010950702,11.936893602349492,37.32
2020-08-23,19,6.511358890090444,78.30030220090671,290224.05706898257,11.889735032855711,38.87
2020-08-23,20,6.16438752022583,75.4941347988981,332256.0417097912,11.675551289113514,38.07
2020-08-23,21,5.813576064939369,72.59498612330987,372913.25420661643,11.293670138007002,31.99
2020-08-23,22,5.468730294492858,69.71230540012999,411903.50577387447,10.830625435349447,28.73
2020-08-23,23,5.116894821862271,66.67000453002412,448557.86717950786,10.181767057120382,27.95
2022-01-30,0,-6.552159188301737,79.26835241706573,275724.17566304625,-9.667867871376046,138.98
2022-01-30,1,-6.800708208289046,81.43264532370384,241066.72998218425,-9.627068244683898,136.79
2022-01-30,2,-7.656996050869619,83.7351020433912,204042.50736101985,-10.284506283656775,135.67
2022-01-30,3,-7.975027065315203,86.0276228126628,166853.6898060898,-10.330227098591678,133.82
2022-01-30,4,-8.296348512769047,88.32705996097572,129446.329265226,-10.390933483573278,139.8
2022-01-30,5,-8.649806818405768,90.80895739125869,91618.32448576254,-10.507779105406517,141.44
2022-01-30,6,-9.025776871566638,93.42233032932907,53241.87389479931,-10.660125164156453,150.0
2022-01-30,7,6.053203124769297,91.55317033994618,80689.82245744223,7.624430156289703,201.2
2022-01-30,8,7.680869644643948,88.89054182623205,120279.5739293467,10.99715318664013,229.0
2022-01-30,9,6.3198989992504115,86.85919339196228,153325.6668863939,9.179470265846447,223.53
2022-01-30,10,-6.360659948043121,88.62964891420309,124523.7948012053,-8.000520023663505,146.5
2022-01-30,11,6.018430106605157,86.70490026409173,155835.71634921592,8.697755985558501,200.0
2022-01-30,12,3.9808161381562,85.4481604618154,176280.43160742003,5.679087571723372,180.4
2022-01-30,13,4.173179990807334,84.08132768997064,198475.09091121895,6.165183139944141,201.2
2022-01-30,14,4.43498127380046,82.55721512931369,222983.2965434897,6.807834897852985,209.03
2022-01-30,15,5.227054230956037,80.63984919637262,253815.13913164864,8.564400718933044,216.9
2022-01-30,16,6.138069247885581,78.07687897098333,293570.58094925876,11.043178282669473,238.77
2022-01-30,17,6.137259828923589,75.27473677711302,335542.2802983584,11.658805374749903,298.42
2022-01-30,18,5.57085705878162,72.51902702985831,373940.6535084823,10.666214780589982,238.92
2022-01-30,19,4.932425610974818,70.02334940724211,407696.42033833906,9.376601897182425,220.76
2022-01-30,20,4.227506403763408,67.71355586999255,436044.0099942424,7.874330459973152,201.49
2022-01-30,21,3.880594964346525,65.54435801989531,462056.1773530534,7.225602044114154,190.0
2022-01-30,22,3.356999377160292,63.51514787076104,484446.90614039515,6.219646885372725,172.87
2022-01-30,23,-5.329502320083213,66.67000453002412,448557.86717953987,-9.96917748912648,139.39
2023-10-30,0,-7.071241850812122,79.41527950757839,273506.60190068797,-10.283860583142227,8.16
2023-10-30,1,-7.383438506615917,81.71766871659156,236483.46487223354,-10.284204730126236,8.36
2023-10-30,2,-7.695645610007568,84.02013497452002,199459.0888731765,-10.284548888626965,10.02
2023-10-30,3,-8.014620705486424,86.31101994947534,162243.38392173816,-10.33769581984398,13.6
2023-10-30,4,-8.336183981883671,88.61212198732838,124808.9238538983,-10.398461129955514,21.06
2023-10-30,5,-8.695897685995238,91.12933563683313,86913.68408308609,-10.526455491892282,77.65
2023-10-30,6,4.284660765832363,89.76955517947555,106881.57568254316,5.5466365554047385,105.91
2023-10-30,7,3.6848960534440005,88.63080302743599,124505.01960843729,4.895401090526146,111.0
2023-10-30,8,3.6179211101486812,87.54229950096975,142212.8574850356,4.91884385461065,103.0
2023-10-30,9,-6.38915381869125,89.30953149182518,113636.85965376809,-7.9377771753520925,90.0
2023-10-30,10,0.0,89.30953149182521,113636.85965392264,0.0,96.17
2023-10-30,11,3.659223553622166,88.21356616682961,131292.65282455526,4.904386991842397,102.54
2023-10-30,12,4.207840715193784,86.92084794111774,152322.66714088392,5.841670643424628,114.62
2023-10-30,13,4.964134955548136,85.31879794398793,178384.90847468894,7.239511481612503,123.98
2023-10-30,14,6.441288307157862,82.98221346196964,216149.19071759877,10.490078400808287,139.45
2023-10-30,15,5.730521797770455,80.84212753045205,250562.44039105668,9.559236020404967,145.0
2023-10-30,16,6.485893695811198,78.09434939490777,293308.90137351723,11.874016939572385,165.84
2023-10-30,17,6.13938106366272,75.29189248355813,335285.31469732325,11.660114812168331,171.0
2023-10-30,18,5.677763279498061,72.46353432292648,374691.23077085864,10.946087798204289,151.16
2023-10-30,19,4.677246858835199,70.13521156481137,406183.40725129703,8.747826800121771,129.03
2023-10-30,20,3.8809746099158815,68.07361520526072,431726.32007597375,7.095253562410193,110.6
2023-10-30,21,4.1516722955555965,65.72652871695055,459871.65801127895,7.818149426473667,118.23
2023-10-30,22,3.5558059308998224,63.58601082458103,483713.33701095154,6.622688611020152,103.4
2023-10-30,23,-5.2165899207432975,66.67000453002412,448557.8671795398,-9.765408286503245,86.05
2021-04-04,0,5.695300151391174,74.3482675994004,349198.9089892332,10.741780274786993,39.83
2021-04-04,1,5.239867704503975,71.70428759539128,384960.56815119484,9.933794211656004,39.18
2021-04-04,2,4.327477982617589,69.57371346432285,413737.73182081105,7.993656574893393,34.14
2021-04-04,3,4.347201939992195,67.11632685468787,443205.745424207,8.185559334276661,34.13
2021-04-04,4,4.610658819063274,64.36172432850366,475683.19644955907,9.021514173708908,36.81
2021-04-04,5,4.505473034348993,61.2489007859922,507906.9626503237,8.951046166879053,38.43
2021-04-04,6,4.155611896214366,58.0339990964082,537543.7605671143,8.232443865775195,39.53
2021-04-04,7,3.7989427705106937,54.68671928290917,564627.5180952848,7.523265980047341,35.99
2021-04-04,8,3.3194901943206787,50.0,588952.3300307095,6.7568922042846395,26.33
2021-04-04,9,-3.8981266800055714,55.51726408624471,558404.237040715,-8.485581386109601,21.7
2021-04-04,10,-4.032941504645424,59.113592158467284,528595.3311213448,-8.28025164426947,20.87
2021-04-04,11,-4.9630991732988505,62.69466387782778,492940.508170409,-9.904117486371064,8.14
2021-04-04,12,-5.361172721835243,66.00848749393187,456490.5192669297,-10.12499691763314,2.02
2021-04-04,13,-5.739095347260985,69.08574140774968,419589.3007781723,-10.250338469099276,0.1
2021-04-04,14,-6.092533573034379,71.88299184138711,382543.46956254897,-10.290508671006492,1.01
2021-04-04,15,-6.440425989330589,74.61522477732804,345420.7366567304,-10.311870251616256,7.18
2021-04-04,16,5.284364318714401,71.96260945854041,381466.5861959551,10.012735983117963,31.01
2021-04-04,17,5.392246191330443,69.05409583871474,419968.78199417325,10.695054388393928,39.87
2021-04-04,18,5.043931299829794,66.03826008263418,456133.4980943358,10.045754472267376,47.45
2021-04-04,19,4.699756767478993,62.995450144229174,489826.7864343226,9.359246761107443,40.5
2021-04-04,20,4.3649148829048885,59.98532742735489,520987.39972944977,8.655725915313099,48.54
2021-04-04,21,-5.052698522784542,63.451589672296095,485104.85687210376,-9.96737301592944,0.1
2021-04-04,22,0.0,63.45158967229618,485104.85687210294,0.0,14.9
2021-04-04,23,-5.442414719423171,66.67000453002409,448557.8671795402,-10.151941581267423,-10.0
2023-03-24,0,0.0,76.94472322725032,310528.5,0.0,44.62
2023-03-24,1,0.0,76.94472322725032,310528.5,0.0,41.61
2023-03-24,2,0.0,76.94472322725031,310528.5,0.0,40.9
2023-03-24,3,-5.720594997598356,79.0067144235509,279643.1028417338,-8.579276988407287,36.36
2023-03-24,4,0.0,79.0067144235509,279643.1028417338,0.0,41.41
2023-03-24,5,4.796989039661117,77.01885334135181,309418.14704625297,8.270845612366443,63.79
2023-03-24,6,6.007282197184232,74.2142402399008,351011.7217720583,11.553770757168138,82.32
2023-03-24,7,5.654494402815384,71.26516949188567,390899.944366447,11.080061831774643,81.84
2023-03-24,8,4.557747320387948,68.9066994305273,421736.3017424006,8.565654826653784,62.81
2023-03-24,9,0.0,68.9066994305273,421736.3017424006,0.0,44.8
2023-03-24,10,-5.802639073668319,71.62701919937503,386005.6766762724,-9.925173629480057,32.26
2023-03-24,11,-6.252499307674828,74.31908407418814,349593.6363624366,-10.114455642732182,29.28
2023-03-24,12,-6.729087247182597,76.81195224494623,312517.20127424016,-10.299009746721225,20.54
2023-03-24,13,-7.053900132402006,79.2837955124055,275492.8622928545,-10.284538605940455,12.26
2023-03-24,14,-7.3666888561704535,81.5941433241077,238469.7917341388,-10.284186266309916,7.48
2023-03-24,15,-6.258372559959953,83.52478346351762,207424.49576324405,-8.623693325248546,29.59
2023-03-24,16,6.832488465038633,80.85146129299079,250412.35057648015,11.941070781454478,79.43
2023-03-24,17,6.4871103583434575,78.10418927939219,293161.5153221914,11.874767984919785,100.8
2023-03-24,18,6.140575808851292,75.30155510939154,335140.58370283985,11.660852327957898,116.23
2023-03-24,19,5.7891099974228055,72.39046611104362,375679.5288983219,11.260818109856132,97.0
2023-03-24,20,5.444599523210467,69.50738983815717,414533.05865722103,10.792647155249753,82.52
2023-03-24,21,5.093106245442254,66.46403446926023,451027.779129367,10.137422353373879,76.2
2023-03-24,22,4.750497097217226,63.451589672296215,485104.85687210254,9.465854928537652,64.9
2023-03-24,23,-5.4424147194231765,66.67000453002412,448557.86717953987,-10.151941581267408,15.3
2021-04-15,0,3.0024148846981014,75.74140348909135,328552.34417940176,5.0066233831671525,61.0
2021-04-15,1,2.851209504871459,74.57733535440032,345988.26084273076,4.843310184258044,61.01
2021-04-15,2,3.0055287388522167,73.21887278797129,364474.7478450569,5.135135278423931,61.16
2021-04-15,3,3.0320639919722487,71.82367830797267,383345.72614635184,5.241938417026375,65.81
2021-04-15,4,4.309875561442209,69.71006193111474,411933.85024476616,7.941145582892872,82.9
2021-04-15,5,5.116620306845837,66.66762768012194,448586.36942862667,10.181255328850142,105.05
2021-04-15,6,4.774759680820352,63.669702630795236,482846.96435617836,9.516831924319916,118.0
2021-04-15,7,4.393825199290757,60.64818984339289,514125.486991393,8.688478509781817,87.08
2021-04-15,8,3.769437899470489,57.68410054958542,540443.9667368808,7.310688818191096,72.75
2021-04-15,9,3.590917162815214,54.44827134334154,565865.1004927463,7.061426043295967,68.66
2021-04-15,10,3.1438978583415205,50.0,588952.3300307095,6.413119316100875,59.15
2021-04-15,11,-4.165734995981548,55.804679911628114,556021.9317764187,-9.147332848414123,51.29
2021-04-15,12,-4.635562549735854,59.963031018811236,521218.21083925205,-9.667700260324068,48.88
2021-04-15,13,-4.950876538810833,63.36488076190618,486002.46241182333,-9.782152340952422,51.38
2021-04-15,14,-5.1644340318422195,66.4600065681463,451076.0801351401,-9.701772854634214,52.58
2021-04-15,15,-5.09802016097512,69.19397754900919,418291.3755471519,-9.10686238555229,56.94
2021-04-15,16,3.6591498459746825,67.19079454256784,442312.7582032071,6.672606293348679,70.14
2021-04-15,17,4.369628457942323,64.66524294655567,472541.1895699156,8.396786490752362,82.93
2021-04-15,18,4.309248696717072,61.74232911199314,502799.02164539904,8.404953354300943,82.85
2021-04-15,19,3.8734575210014643,58.97254574678857,529764.4233541891,7.490389363552822,74.75
2021-04-15,20,3.6257714065180093,55.90301466983729,555206.863880166,7.067344590549112,67.72
2021-04-15,21,-4.64969396206267,60.047038683430465,520348.56843670964,-9.68285984540455,52.68
2021-04-15,22,-5.06022166619009,63.51514787076111,484446.90614039416,-9.972683971198734,51.65
2021-04-15,23,-5.329501341899566,66.67000453002407,448557.86717954016,-9.96917748912611,51.8
2018-11-16,0,-5.5397645585754125,78.94222687024383,280609.02534384135,-8.31096518226629,64.91
2018-11-16,1,-5.8676549600217935,80.87699589003256,250001.74628397188,-8.502021961074856,60.21
2018-11-16,2,-6.150410955342373,82.80165535884052,219052.62136589212,-8.59697914391105,55.4
2018-11-16,3,-6.436157441712611,84.73431835609621,187893.25596796867,-8.655379277200957,53.3
2018-11-16,4,-6.197212022075424,86.52622678542195,158742.38675862094,-8.097463669263263,61.94
2018-11-16,5,0.0,86.52622678541734,158742.38675869472,2.049915792667889e-11,66.4
2018-11-16,6,3.9539294073596487,85.27374795292074,179117.78407414758,5.659832587625793,80.35
2018-11-16,7,4.133409674825927,83.91569207490994,201138.56329425733,6.116883116697153,85.94
2018-11-16,8,4.292902801168426,82.44658374821128,224762.28367831896,6.5621445511282275,90.52
2018-11-16,9,3.7330496846528813,81.15875467037692,245470.97716560477,5.752414857579396,81.02
2018-11-16,10,3.5124057124864443,79.92220495318946,265355.08252987557,5.523362601186335,76.47
2018-11-16,11,8.459065068232238e-11,79.92220495316842,265355.08253036655,1.3638157270179363e-10,71.86
2018-11-16,12,-8.338219004144776e-11,79.92220495317964,265355.0825301861,-5.012168458051747e-11,68.75
2018-11-16,13,1.738520438721025e-11,79.92220495319125,265355.08253002394,-4.504840944719035e-11,67.0
2018-11-16,14,2.162892087653745e-11,79.92220495318975,265355.08253002365,-8.526512829121202e-14,68.12
2018-11-16,15,-2.4350299554498633e-11,79.92220495319062,265355.0825300096,-3.893774191965349e-12,69.97
2018-11-16,16,3.7658768602660104,78.50105247692208,287217.12647358683,6.072789984327002,85.14
2018-11-16,17,4.765379696543075,76.51460163465023,316971.04749383166,8.264978061179121,97.57
2018-11-16,18,3.8359296961849587,74.94622469818552,340462.8764601915,6.525508046211073,86.95
2018-11-16,19,3.7102084385140635,73.28965432189938,363517.38611723867,6.404030460290869,86.62
2018-11-16,20,3.2932121326980623,71.77047124666304,384065.3884693189,5.707778431133406,78.08
2018-11-16,21,3.1904973515658597,70.2792781124781,404234.80749991414,5.602616397387564,77.56
2018-11-16,22,3.041743380329797,68.74587779207054,423664.8115711688,5.397223353126279,74.79
2018-11-16,23,3.76181847239641,66.67000453002412,448557.86717954004,6.914737668992032,86.16
2021-06-27,0,4.181691319418359,75.21681904646626,336409.7971513601,7.189249208711131,68.05
2021-06-27,1,3.73227195103202,73.58296834683942,359550.1109595545,6.427864946720661,62.21
2021-06-27,2,0.0,73.58296834683944,359550.1109595545,0.0,51.44
2021-06-27,3,-6.52465499877648,76.11472178503325,322960.62106375565,-10.163747193277459,32.22
2021-06-27,4,-6.962409208171554,78.58754473115974,285921.6080310074,-10.288614731318958,31.92
2021-06-27,5,0.0,78.58754473115974,285921.6080310074,0.0,49.4
2021-06-27,6,3.8476214429744893,77.06186888448832,308773.8416117134,6.347842661307226,62.29
2021-06-27,7,3.6382132598383077,75.59767407478923,330705.1855940552,6.09203999509495,59.61
2021-06-27,8,0.0,75.59767407478923,330705.18559405516,-1.4210854715202004e-14,52.89
2021-06-27,9,0.0,75.59767407478921,330705.1855940553,2.842170943040401e-14,52.96
2021-06-27,10,0.0,75.59767407478921,330705.1855940553,0.0,49.58
2021-06-27,11,-6.89456195306541,78.07122352476307,293655.290672042,-10.291637478337023,31.51
2021-06-27,12,-7.213529518255171,80.46462319530337,256632.8279147349,-10.284017432585301,21.73
2021-06-27,13,-7.525730935682375,82.7670475203571,219609.12620938913,-10.28436158481827,12.82
2021-06-27,14,-7.840513778494738,85.06511336144546,182511.86382860006,-10.304795105774737,22.75
2021-06-27,15,-7.8561858307960275,87.27939777130771,146489.75791748328,-10.006140530865771,34.08
2021-06-27,16,3.6885270205119802,86.13533387699641,165101.45503570937,5.169915866173909,52.12
2021-06-27,17,6.900780161539881,83.63498154206802,205652.4762686807,11.264172564714265,73.9
2021-06-27,18,6.846616976296769,80.96221631534686,248631.37525170628,11.938583050840428,78.87
2021-06-27,19,6.50154735344028,78.2209499770767,291412.6230248178,11.883679936975426,89.79
2021-06-27,20,6.1547527315581085,75.41621244460326,333423.19647952094,11.669603737417546,92.91
2021-06-27,21,5.803676508105937,72.51223242847827,374032.55519394344,11.280377420672906,86.96
2021-06-27,22,5.44015445787954,69.64485464908117,412815.82385705557,10.773130184197825,81.2
2021-06-27,23,5.023911863590715,66.67000453002412,448557.8671795398,9.928345367356727,73.38
2023-06-08,0,3.55351363149099,75.51608928707947,331927.19787762314,5.944082743784211,82.73
2023-06-08,1,3.126620591747198,74.21545745237377,350995.2515333401,5.296681571032476,76.2
2023-06-08,2,-1.4582113294636656e-11,74.21545794016563,350995.2515333401,0.0,74.14
2023-06-08,3,3.05621700264858,72.82137487757714,369851.1896463961,5.237760586959993,76.72
2023-06-08,4,3.5502224628793044,71.16287520656543,392283.54536202643,6.231209921008428,84.53
2023-06-08,5,3.9757183632350923,69.18965795404006,418343.17443089886,7.238785852464574,92.57
2023-06-08,6,3.927664613916022,67.01328829442484,444441.34330839844,7.249491354860993,91.4
2023-06-08,7,3.3449872062857544,65.17292287138186,466510.2815490548,6.130260622404521,83.77
2023-06-08,8,-2.4867219394764106e-11,65.17292287138186,466510.2815490548,0.0,74.64
2023-06-08,9,-5.3254405289633056,68.09229935879439,431502.26705625764,-9.724448470221418,68.5
2023-06-08,10,-5.65813219535217,70.87859760596086,396128.5966274617,-9.82601956355441,64.22
2023-06-08,11,-5.802984628233663,73.43798115074787,361511.1631163835,-9.615953753077292,64.8
2023-06-08,12,-5.890544918769329,75.7901578195394,327822.08070312004,-9.358078448128737,64.06
2023-06-08,13,-5.778242882145896,77.91564193307225,295985.65913263825,-8.843450436244936,67.93
2023-06-08,14,-5.716309540673645,79.90474670067182,265635.816679019,-8.430511792672021,71.17
2023-06-08,15,0.0,79.90474670067087,265635.81667903427,4.234834705130197e-12,76.1
2023-06-08,16,3.4273967204443068,78.62195166873262,285406.2460188684,5.491785927731712,89.09
2023-06-08,17,3.9976709952206946,77.0276485149214,309286.40912745905,6.633378641275172,101.43
2023-06-08,18,4.18857750708856,75.29853504875662,335185.8194789765,7.1942806531993,103.5
2023-06-08,19,4.040325229416677,73.50744747917128,360571.5829544519,7.051600965409833,101.99
2023-06-08,20,3.6007391286783808,71.83442357294845,383200.38900193817,6.285779457635073,96.58
2023-06-08,21,3.2887303707923543,70.29399025844643,404035.8155450363,5.787618484193928,91.0
2023-06-08,22,3.6283584207730435,68.41624875976228,427617.5932661813,6.550493811429163,95.0
2023-06-08,23,3.2197879326080896,66.67000453002412,448557.8671795398,5.816742753710699,89.7
2018-08-28,0,-5.720594997597116,79.00671442355046,279643.1028417404,-8.579276988405445,57.4
2018-08-28,1,-6.043823612268004,80.98861672923572,248206.84835712757,-8.732292912392461,54.2
2018-08-28,2,-6.094948274435797,82.89379202017251,217571.03509694824,-8.509948127827592,53.97
2018-08-28,3,-6.075964819025685,84.72563361667049,188034.53980757415,-8.20458202482613,57.88
2018-08-28,4,0.0,84.72563361667049,188034.53980757407,-2.842170943040401e-14,64.69
2018-08-28,5,3.3774021664717098,83.61391807893779,205991.18332943198,4.98795653384942,70.01
2018-08-28,6,3.5435148113644424,82.41974429450686,225193.87047015136,5.334079761310939,72.18
2018-08-28,7,3.382378948310979,81.2558170366563,243910.1840238784,5.198975987146397,72.24
2018-08-28,8,3.518857258499022,80.0191237377586,263796.5982269886,5.52400394530838,74.32
2018-08-28,9,3.4352584765705996,78.74368530104213,283582.8669529718,5.49618575721756,72.78
2018-08-28,10,3.6801877709065134,77.29659931437247,305257.9475743822,6.020855728169565,78.46
2018-08-28,11,0.0,77.29659931437206,305257.9475743886,1.7763568394002505e-12,67.44
2018-08-28,12,3.258031558979753,75.99945410278131,324687.15032937506,5.397000765274015,71.25
2018-08-28,13,-2.5000446157719125e-11,75.99945410279176,324687.1503292264,-4.129674380237702e-11,67.14
2018-08-28,14,2.134470378223341e-11,75.99945410277422,324687.1503294823,7.108269528544042e-11,68.74
2018-08-28,15,3.174981328436547,74.7134799317399,343949.0284009912,5.350521686530257,71.95
2018-08-28,16,3.318317975086286,73.22579860610725,364381.07886084815,5.675569572182482,74.97
2018-08-28,17,3.466032719658383,71.61738830754656,386135.94115272805,6.043017303299976,79.52
2018-08-28,18,3.672171946440598,69.86988754536176,409772.0982143457,6.56559918378268,82.51
2018-08-28,19,3.0553139025382343,68.27138318774784,429354.76422253274,5.439629446718627,75.51
2018-08-28,20,2.949420832384302,66.67974056226441,448441.11651060754,5.301764524465213,75.01
2018-08-28,21,3.0972372515381963,64.98318085378052,468785.5931889139,5.6512435217517805,76.53
2018-08-28,22,2.430750350526782,63.48244714444086,484785.4221380256,4.444396930308784,69.85
2018-08-28,23,-5.385958518569223,66.67000453002412,448557.8671795322,-10.063209710692604,54.87
2023-11-28,0,-7.071241850812267,79.41527950757843,273506.6019006873,-10.283860583142417,70.49
2023-11-28,1,-7.383438506615893,81.71766871659159,236483.46487223302,-10.284204730126202,67.47
2023-11-28,2,-7.695645610007595,84.02013497451998,199459.088873176,-10.284548888626944,64.49
2023-11-28,3,-8.014620705485562,86.31101994947531,162243.38392173857,-10.33769581984373,68.29
2023-11-28,4,-8.336183981862108,88.61212198732841,124808.92385389756,-10.398461129955834,80.11
2023-11-28,5,-8.695897685983795,91.12933563683328,86913.68408308623,-10.526455491892037,97.62
2023-11-28,6,3.766528479693191,89.93670206046644,104427.08328065877,4.864833110436816,118.38
2023-11-28,7,4.06091007549031,88.6656378187763,123938.32523533142,5.419789431853513,127.87
2023-11-28,8,5.892308946676401,86.78845499524932,154476.44318551122,8.48281054171661,138.37
2023-11-28,9,4.882451223547264,85.21140675427468,180131.95451472886,7.126530924782678,139.25
2023-11-28,10,4.124513897944299,83.85443604338428,202123.5793984483,6.108784689922068,138.51
2023-11-28,11,4.055607944824223,82.47830944933624,224252.1245030263,6.146818084605002,135.62
2023-11-28,12,4.081427637946347,81.05526965995782,247135.04842955153,6.356367757368119,137.73
2023-11-28,13,4.254985369217641,79.51569216184747,271891.9350824796,6.8769129591466935,143.98
2023-11-28,14,4.395894541364056,77.75868268711336,298336.66269550496,7.3457576702848115,150.0
2023-11-28,15,5.159430473290821,75.53426800978822,331654.90909593634,9.255068444564273,164.01
2023-11-28,16,5.818674743049392,72.63760767288541,372336.7682539683,11.300516432786651,189.98
2023-11-28,17,5.227030182646233,69.93977869921531,408826.77199449623,10.136112150146658,177.0
2023-11-28,18,4.895221419599949,67.12113114021123,443148.134321989,9.53371175763688,161.68
2023-11-28,19,4.115627072441051,64.7820613953375,471197.3386234113,7.791445639283978,140.69
2023-11-28,20,3.756981432204534,62.327743979074235,496738.8413783053,7.094861876359431,130.28
2023-11-28,21,3.3705368905115662,60.111539988680676,519680.8547190377,6.372781483536784,119.44
2023-11-28,22,-4.9648046407734805,63.51514787076101,484446.90614039527,-9.787207938511784,109.32
2023-11-28,23,-5.329502320083236,66.67000453002412,448557.86717953987,-9.969177489126508,98.42
2021-08-19,0,-7.071241850812115,79.41527950757839,273506.60190068797,-10.283860583142227,64.06
2021-08-19,1,-7.383438506615921,81.71766871659155,236483.46487223357,-10.284204730126236,64.26
2021-08-19,2,-7.695645610007556,84.02013497451992,199459.0888731767,-10.284548888626908,62.69
2021-08-19,3,-8.014620705486466,86.31101994947552,162243.38392173577,-10.337695819844697,66.13
2021-08-19,4,-6.345083806735702,88.09437683267578,133231.6317557369,-8.058820046110803,83.9
2021-08-19,5,4.18990454098783,86.80450101516061,154215.40561232597,5.82882607127474,110.08
2021-08-19,6,4.89235128870747,85.2244225623059,179920.21260238436,7.14022416390511,123.8
2021-08-19,7,6.392463610149741,82.90480031831156,217394.0182273175,10.409390451370314,131.44
2021-08-19,8,5.2007706878572435,81.01529514085712,247777.85117224875,8.439953595814245,123.8
2021-08-19,9,4.197757654418976,79.49912316364734,272158.369740345,6.7723662689156185,116.37
2021-08-19,10,3.733894156292609,78.05150575162014,293950.6320171405,6.05340618799876,107.4
2021-08-19,11,0.0,78.05150575165572,293950.6320171405,0.0,94.56
2021-08-19,12,0.0,78.05150575165572,293950.6320171405,0.0,93.4
2021-08-19,13,0.0,78.05150575162051,293950.6320171405,0.0,92.11
2021-08-19,14,0.0,78.05150575156406,293950.6320171405,0.0,91.93
2021-08-19,15,3.459351612721441,76.68499627649979,314418.80275250145,5.685602982044699,100.51
2021-08-19,16,3.890201082822087,75.09463142406592,338239.97627745394,6.616992645820133,114.94
2021-08-19,17,4.61427381581251,72.93961965963823,368251.8471448126,8.336630796488521,126.78
2021-08-19,18,4.4824846189908705,70.74674780673088,397911.9564007154,8.238919237750778,128.12
2021-08-19,19,4.0147790900574,68.68677803719592,424373.51258458424,7.350432273296903,119.61
2021-08-19,20,3.646019228302273,66.68428044965549,448386.6759667897,6.6703231617237435,110.07
2021-08-19,21,2.9990563214303334,65.04459763652315,468049.1072884194,5.461786478230451,100.0
2021-08-19,22,2.4378124413338504,63.54962358528788,484090.01557163877,4.455807856449837,95.0
2021-08-19,23,-5.2730457874487,66.67000453002412,448557.86717953987,-9.870041220027474,86.22
2023-06-10,0,4.1816914185349585,75.21681900430895,336409.7977828104,7.189249384114001,84.13
2023-06-10,1,3.7322719738379115,73.58296833443987,359550.111127267,6.427864817904611,80.32
2023-06-10,2,3.606300149778591,71.90834565523602,382200.54168565694,6.291786266219418,77.44
2023-06-10,3,3.763736208660956,70.11652120912755,406436.20724388375,6.732129321729673,79.87
2023-06-10,4,3.6847446620654383,68.17808070921033,430473.61084438395,6.677056555694492,79.43
2023-06-10,5,4.155626451258671,65.83011496929574,458629.4924190798,7.82107821519331,85.0
2023-06-10,6,3.8611744594136086,63.47815152734252,484829.8901111598,7.277888247799993,81.82
2023-06-10,7,3.3977266801921333,61.2578236223816,507814.59397290467,6.384639961595781,72.7
2023-06-10,8,-5.202337698325904,64.75055881306808,471575.10519836453,-10.066524659594478,57.62
2023-06-10,9,-5.5826945775991375,67.81224030412115,434860.62507794925,-10.198466700115347,50.6
2023-06-10,10,-5.948651629795113,70.75139526691635,397849.096285591,-10.280980220099508,37.84
2023-06-10,11,-6.297363410142145,73.49392881377167,360754.4322587629,-10.304073340785592,43.34
2023-06-10,12,-6.631311657167792,76.06787482406693,323662.3151338841,-10.3033658680219,20.67
2023-06-10,13,-6.956261926888492,78.54076359486828,286622.3161506489,-10.288888606454208,18.4
2023-06-10,14,-7.272836880617874,80.90200338045439,249599.61803649794,-10.284082809486378,13.1
2023-06-10,15,-7.585040282752189,83.20444234233352,212575.68096643174,-10.28442696390728,44.5
2023-06-10,16,3.8399412342367847,81.89482806589794,233634.6872461196,5.849723966579958,74.97
2023-06-10,17,4.684306186849371,80.19640771577119,260945.81653238396,7.586424801740108,86.16
2023-06-10,18,5.01205751121306,78.1916701786454,291851.1885264004,8.584825553893452,93.19
2023-06-10,19,5.301989307433636,75.9046515095186,326107.14462896634,9.515543361823873,96.74
2023-06-10,20,4.696152795444508,73.80832665005255,356501.9839629034,8.44301092609362,91.26
2023-06-10,21,4.20431802089409,71.80410974658363,383610.4044803868,7.530116810412068,87.3
2023-06-10,22,5.112251242614982,69.10540804488203,419353.4662016033,9.928628255893457,100.13
2023-06-10,23,4.303849012184491,66.67000453002412,448557.8671795398,8.112333604982368,88.82
2021-08-28,0,3.313811675171614,75.61843079229921,330394.2824897412,5.518272913817002,77.7
2021-08-28,1,3.1499076362734013,74.31952111657398,349587.72506173945,5.331511825555053,74.84
2021-08-28,2,-6.385458391576911,76.71308507829228,313998.0765143744,-9.886013485379166,50.24
2021-08-28,3,0.0,76.71308507829227,313998.0765143806,0.0,69.09
2021-08-28,4,0.0,76.71308507829227,313998.0765143955,0.0,70.73
2021-08-28,5,0.0,76.71308507829227,313998.07651439536,0.0,68.76
2021-08-28,6,3.8942166440386212,75.12147663099077,337837.8771418367,6.622166840955927,90.01
2021-08-28,7,4.02472309464839,73.31616841643043,363158.76464122155,7.033579860940236,91.55
2021-08-28,8,3.6806709000672995,71.59608374462104,386424.10010884557,6.4625931854511265,87.06
2021-08-28,9,3.4600030000238586,69.96352362661837,408505.60542011715,6.133751475353208,85.05
2021-08-28,10,3.3322659264497103,68.21818433490941,429992.7039398647,5.968638477707657,81.01
2021-08-28,11,2.7987669276699974,66.71054919595733,448071.671494017,5.021935431708968,74.44
2021-08-28,12,-5.519591077433674,69.648094557352,412772.0018557082,-9.805463788419104,64.83
2021-08-28,13,-5.888272385221048,72.29398009789895,376984.5689934662,-9.940953572845004,56.72
2021-08-28,14,-6.096108284267976,74.86516194477008,341677.06951842736,-9.807638743066349,56.55
2021-08-28,15,-6.146793298695626,77.14728501980211,307494.4417444276,-9.495174381666601,56.83
2021-08-28,16,0.0,77.14728501980018,307494.4417444569,0.0,68.69
2021-08-28,17,4.198512226013818,75.41642691481343,333419.98405182746,7.201539529825155,97.67
2021-08-28,18,4.350140219564668,73.4628557562498,361174.71686399117,7.709648003378817,101.32
2021-08-28,19,3.887431766670253,71.6330040976937,385924.726785023,6.875002755842175,96.09
2021-08-28,20,3.741826716029436,69.84791519604867,410069.2894434498,6.706822960674103,94.08
2021-08-28,21,3.323063860426338,68.09151702820925,431511.6484569026,5.956210837070216,84.44
2021-08-28,22,2.6390807910200205,66.67000453002414,448557.86717954004,4.735060756288192,78.06
2021-08-28,23,0.0,66.67000453002412,448557.86717953987,0.0,73.57
2015-11-26,0,-7.066766819765448,79.41411092357822,273525.3930961115,-10.278640806635696,39.0
2015-11-26,1,-7.383280045041602,81.7165000934989,236502.25669650018,-10.284204555447598,32.3
2015-11-26,2,-7.695487143127341,84.01896631230622,199477.8813263069,-10.28454871394257,30.29
2015-11-26,3,-8.014457903513975,86.30985798432512,162262.28683751612,-10.337665135775218,31.4
2015-11-26,4,-8.336020650722427,88.61095319210943,124827.93788162609,-10.398430265525015,34.97
2015-11-26,5,0.0,88.6109531921175,124827.93788149409,0.0,52.28
2015-11-26,6,3.88030067596146,87.43841289171982,143902.89080888507,5.298598035386384,64.33
2015-11-26,7,5.075258336809387,85.8149310780664,170313.78616438922,7.336359820973378,68.98
2015-11-26,8,3.846893802469627,84.5794151187637,190413.23072654734,5.58317904504392,63.39
2015-11-26,9,3.674234372645282,83.36396650276993,210010.48268094184,5.443681098442916,60.96
2015-11-26,10,3.658981833939594,82.12415467748166,229947.04376161422,5.537933633520105,62.97
2015-11-26,11,0.0,82.12415467748183,229947.04376161422,0.0,57.51
2015-11-26,12,0.0,82.12415467748183,229947.04376161422,0.0,56.8
2015-11-26,13,3.6875723319790694,80.84559405870982,250506.69753481066,5.711014936999021,63.85
2015-11-26,14,3.83549148551954,79.47716494716398,272511.4647184626,6.112435328792202,65.05
2015-11-26,15,3.7322346291976745,78.02817398772797,294300.105281917,6.0524001565151195,65.12
2015-11-26,16,5.448878755640457,75.64994516759663,329922.2465281373,9.895039235061176,83.91
2015-11-26,17,5.833370815933463,72.76045704393758,370675.1455009032,11.320249714657194,98.95
2015-11-26,18,4.7229882212796035,70.41091245038176,402454.36199012207,8.827560135894132,77.8
2015-11-26,19,3.3678783007426354,68.70836949765756,424114.59628378483,6.016731748239664,62.51
2015-11-26,20,2.731338017866018,67.24219186339901,441696.4217490682,4.883840407023158,56.36
2015-11-26,21,3.2601929499731725,65.45572747821139,463118.99994587334,5.950716165779198,61.49
2015-11-26,22,3.2995309706077527,63.451589672296315,485104.8568721013,6.10718247950777,60.83
2015-11-26,23,-5.442414719423643,66.67000453002399,448557.8671795413,-10.151941581266655,39.98
2020-05-31,0,4.792113006534742,74.89255472423997,341266.76860409125,8.538407945580902,11.76
2020-05-31,1,4.318651037637595,72.88811853933359,368948.43543519324,7.689351897528324,11.09
2020-05-31,2,3.266063554824131,71.37633349470126,389396.3743039873,5.679983019109457,8.83
2020-05-31,3,-9.908518450174597e-12,71.37633349470126,389396.3743039873,0.0,7.15
2020-05-31,4,-1.4431122963287635e-11,71.37633349470126,389396.3743039873,0.0,5.56
2020-05-31,5,-1.461231136090646e-11,71.37633349470126,389396.3743039873,0.0,6.12
2020-05-31,6,-5.004420940237346,73.56459655286835,359798.60218611103,-8.221603366076735,2.58
2020-05-31,7,-5.099795078094465,75.595852497488,330732.4699677728,-8.073925616205074,2.7
2020-05-31,8,-6.114642605342917,77.83943765710193,297127.07978114736,-9.334830607395944,0.1
2020-05-31,9,-5.714043773911942,79.8354107985132,266750.75962461706,-8.437866710147304,1.05
2020-05-31,10,-5.865778093884524,81.70953110268093,236614.32024356638,-8.37123316140297,0.85
2020-05-31,11,-7.694542138510389,84.01199708828597,199589.94862355362,-10.28454767222577,-7.68
2020-05-31,12,-8.01349000837531,86.30292869771327,162375.01286995693,-10.337482153776854,-33.05
2020-05-31,13,-8.335046638476822,88.60398317492694,124941.32652132858,-10.398246207952326,-40.72
2020-05-31,14,-8.694581744574485,91.12018851025302,87048.0063782853,-10.525922261956467,-16.55
2020-05-31,15,0.0,91.12018851024703,87048.0063783733,2.4449775537505047e-11,0.15
2020-05-31,16,3.76594621054464,89.92749886017442,104562.22899834168,4.865061838880106,4.98
2020-05-31,17,7.667219951745021,87.30475996603998,146077.16427742722,11.531926466412646,12.54
2020-05-31,18,7.323507335107614,84.68893182913195,188631.60659445677,11.820678421397098,13.16
2020-05-31,19,6.982326289627256,82.02605720822196,231524.48168253904,11.914687524467304,13.7
2020-05-31,20,6.640219762397625,79.342477490999,274613.89820312185,11.969282366828551,16.84
2020-05-31,21,6.290927053857886,76.51753642315997,316927.0889604046,11.753664099245213,14.08
2020-05-31,22,5.943592959762336,73.68184067834473,358212.7942572801,11.468251471354307,12.01
2020-05-31,23,5.5934164479654145,70.75459851162009,397805.7701845546,10.998048868687363,9.36
2018-05-20,0,3.7854695647528245,75.40967614063985,333521.1000710685,6.386833353074586,22.7
2018-05-20,1,5.699224158520259,72.58370360528734,373065.8580702608,10.984654999775621,30.68
2018-05-20,2,3.0554346487165014,71.1696036918354,392192.54681139055,5.312969094758273,20.1
2018-05-20,3,5.295213815813962,68.21394345416034,430043.5589136471,10.514170028404592,32.17
2018-05-20,4,4.952788580388285,65.24911359790953,465596.63232635043,9.875853725750915,39.9
2018-05-20,5,0.0,65.24911359791038,465596.6323263498,0.0,15.3
2018-05-20,6,0.0,65.2491135979094,465596.63232634333,0.0,15.0
2018-05-20,7,2.25805936680467,63.9017536718582,480444.7856294573,4.12448702864279,17.1
2018-05-20,8,-5.419995584478675,67.03150968561627,444222.83955267083,-10.06165168799626,9.42
2018-05-20,9,-5.023041002640598,69.68532114536607,412268.48649238964,-8.876209183411447,13.88
2018-05-20,10,0.0,69.68532114536616,412268.4864923899,0.0,16.58
2018-05-20,11,-5.889423485991738,72.33003015391427,376496.96703957446,-9.936533181337609,9.31
2018-05-20,12,-6.493397153665614,75.01833814519541,339382.7300740249,-10.309510268208228,0.0
2018-05-20,13,-6.8185412069377485,77.49270161860171,302320.6423324212,-10.295024372667683,-4.9
2018-05-20,14,-7.140456651139416,79.92572477282395,265298.46958885196,-10.283936873213676,1.0
2018-05-20,15,-7.452655688597588,82.22813188118307,228275.05787717373,-10.284281031021727,3.18
2018-05-20,16,0.0,82.22813188112715,228275.05787717534,0.0,16.47
2018-05-20,17,4.306693660501757,80.70237615240173,252809.68616480014,6.815174524340229,23.02
2018-05-20,18,4.501686090297996,79.01408608048354,279532.6869716321,7.4230557796755505,24.56
2018-05-20,19,4.027767717690608,77.41495859155177,303485.1110610127,6.653451135939051,22.37
2018-05-20,20,6.056890370322286,74.62474043132688,345278.20707003074,11.609193335838341,45.07
2018-05-20,21,5.703124846799501,71.6716875803764,385401.5059131536,11.145360789756339,37.4
2018-05-20,22,5.356648975861721,68.74587780440656,423664.81142324005,10.62869597502403,27.76
2018-05-20,23,3.7618184909793193,66.67000453050765,448557.8671737415,6.9147377084726145,19.54
2023-01-17,0,-7.0678200975731365,79.414386589713,273520.9602986322,-10.279872139268827,125.8
2023-01-17,1,-7.383317425740721,81.71677576884487,236497.8237506784,-10.284204596653856,131.38
2023-01-17,2,-7.695524525080515,84.01924199689097,199473.4482321378,-10.284548755150155,133.7
2023-01-17,3,-8.014496633068084,86.31013208908922,162257.82768547547,-10.337672374072874,134.31
2023-01-17,4,-8.336059180142037,88.6112289080702,124823.45251854566,-10.398437546369394,135.07
2023-01-17,5,-7.2185857063014325,90.70127201921076,93199.64581176541,-8.7843907518834,159.27
2023-01-17,6,7.206424280783281,88.26677928781115,130426.97871723658,10.340925807075322,236.0
2023-01-17,7,7.45307916735527,85.67503949041023,172589.55054415017,11.711825507476,251.3
2023-01-17,8,7.027518461285318,83.07214313407759,214703.09352415253,11.69820638333399,260.83
2023-01-17,9,6.774455384294384,80.39653330816698,257727.7345499093,11.951289173821323,247.37
2023-01-17,10,6.052065506794619,77.85343181102844,296917.46928296017,10.886037425847462,232.5
2023-01-17,11,3.9386862997268324,76.26858357172931,320656.0125871949,6.594039806731871,189.7
2023-01-17,12,4.114791510178435,74.55586753790618,346309.8150955965,7.126056252333768,195.9
2023-01-17,13,3.678377867532987,72.86652193932238,369240.54439497617,6.369647027605481,182.0
2023-01-17,14,4.040754450572983,70.93643049213966,395346.36682211416,7.251617340871661,189.73
2023-01-17,15,3.683576689392609,69.11723694592645,419211.61867320753,6.6292366253037045,191.64
2023-01-17,16,3.925355225964857,66.94121915199916,445305.56811578444,7.248319289604709,197.7
2023-01-17,17,4.599172992760181,64.16501584708251,477719.51107788784,9.003873045028712,235.09
2023-01-17,18,4.194789398534837,61.33460255585337,507019.7829701128,8.138964414506944,210.0
2023-01-17,19,3.8143892049361128,58.51313809906377,533572.3182610641,7.375704247486482,193.62
2023-01-17,20,-4.775527666038286,62.11437273288448,498947.64796733443,-9.617963970480474,165.6
2023-01-17,21,3.2001856625347713,60.0152882981102,520677.24655783403,6.03599960847211,173.83
2023-01-17,22,-5.056350809260692,63.4824471435165,484785.4221452157,-9.969951225727328,135.38
2023-01-17,23,-5.385958519753205,66.67000453002412,448557.8671795398,-10.063209712687737,140.14
2022-11-08,0,-7.071241828248156,79.41527950122205,273506.6020029,-10.28386055475001,39.62
2022-11-08,1,-7.383438443663786,81.71766871659149,236483.4648722346,-10.284204758518168,38.66
2022-11-08,2,-7.69564561000756,84.02013497451988,199459.08887317753,-10.284548888626958,34.56
2022-11-08,3,-8.014620685229376,86.31101994947528,162243.38392173903,-10.33769581984403,37.89
2022-11-08,4,-8.336183981862105,88.61212198732832,124808.92385389922,-10.3984611299555,42.87
2022-11-08,5,-8.69589768598356,91.12933563683305,86913.68408308839,-10.526455491891902,71.22
2022-11-08,6,7.444825803888353,88.5802106046159,125328.0813884275,10.670665918149751,129.44
2022-11-08,7,6.143919121188343,86.60114547625508,157523.60519474643,8.943201057310816,136.34
2022-11-08,8,4.517831023523453,85.1507494267047,181118.7314022324,6.554201724301656,111.7
2022-11-08,9,0.0,85.15074942670469,181118.7314022324,0.0,99.93
2022-11-08,10,0.0,85.1507494267047,181118.7314022324,0.0,88.91
2022-11-08,11,-6.224889030884862,86.93724684866815,152055.88877135076,-8.073011841911566,85.63
2022-11-08,12,0.0,86.9372468486664,152055.88877135076,0.0,92.07
2022-11-08,13,0.0,86.93724684866639,152055.88877135076,0.0,95.16
2022-11-08,14,4.97425274522023,85.33209999853702,178168.5098875574,7.253505865612958,121.03
2022-11-08,15,4.503065591039909,83.8292592893488,202528.4294606961,6.766644325871859,124.03
2022-11-08,16,5.969635173959955,81.62458546432474,237980.27261882898,9.84773421059247,139.51
2022-11-08,17,6.559905204648384,78.93732130135993,280682.5030791188,11.861730683413839,157.73
2022-11-08,18,5.872561338476968,76.35296736431292,319392.0755964158,10.7526590325825,140.03
2022-11-08,19,4.791920394940726,74.25772411125817,350423.57232154557,8.619860201424927,127.21
2022-11-08,20,4.242718613072611,72.24092376157603,377702.1926566821,7.577394537537927,119.17
2022-11-08,21,4.3479612101169565,70.11413718206877,406468.45285957534,7.990627834137015,120.0
2022-11-08,22,3.6846741590507825,68.17539532765417,430505.81288370414,6.677044451146884,106.01
2022-11-08,23,2.7939267268668835,66.6700045300241,448557.86717954,5.014459526621067,92.2
2017-03-27,0,0.0,76.94472322725048,310528.5,0.0,29.2
2017-03-27,1,0.0,76.94472322725031,310528.5,0.0,28.87
2017-03-27,2,0.0,76.94472322725034,310528.5,0.0,27.8
2017-03-27,3,0.0,76.94472322724756,310528.5,0.0,30.1
2017-03-27,4,3.741099197797147,75.43020569612503,333213.59949794237,6.3014165272062,39.31
2017-03-27,5,4.942155845634229,73.11606234325184,365865.3377523647,9.069927292895102,48.0
2017-03-27,6,4.77776971730524,70.7411017185565,397988.3236503856,8.923051638339132,48.16
2017-03-27,7,3.9368336526881187,68.73161193219636,423835.88215126714,7.179877361355992,40.91
2017-03-27,8,3.2420440002627977,66.97634465659176,444884.3568814177,5.846798536152917,36.56
2017-03-27,9,2.4751411771139407,65.63398930792358,460981.3542037159,4.471388145082841,33.24
2017-03-27,10,0.0,65.63398930792536,460981.35420369444,0.0,30.48
2017-03-27,11,0.0,65.63398930792798,460981.35420369386,0.0,29.67
2017-03-27,12,-5.124242001865114,68.42271225011679,427540.0856322808,-9.289241269836964,29.11
2017-03-27,13,-5.279923436991882,70.99324862838283,394577.86221182265,-9.156173172349497,28.92
2017-03-27,14,0.0,70.99324862838426,394577.86221182457,0.0,29.9
2017-03-27,15,0.0,70.99324862838415,394577.86221182457,0.0,32.35
2017-03-27,16,3.427477597539588,69.33847955547051,416558.564325904,6.105750587244287,40.0
2017-03-27,17,4.3254253851069135,66.89213524664895,445894.1630014637,8.148777409877695,46.99
2017-03-27,18,4.15877398851333,64.48929179317682,474362.62555939687,7.907906266092539,46.27
2017-03-27,19,3.5076654962513643,62.202885511898664,498031.3688857304,6.574650923981551,39.98
2017-03-27,20,3.234914548203456,60.080512471709014,520002.0497495046,6.102966906603939,37.94
2017-03-27,21,0.0,60.08051247170984,520002.04974953143,0.0,32.4
2017-03-27,22,-5.064301637791734,63.54962358528856,484090.015571634,-9.975565049415962,28.71
2017-03-27,23,-5.273046120413648,66.67000453002412,448557.8671795398,-9.870041220026152,28.07
2021-07-25,0,0.0,76.94472322725035,310528.5,0.0,55.31
2021-07-25,1,-5.492070360950465,78.92385539115845,280884.2004077015,-8.234527664527377,49.06
2021-07-25,2,-5.621994330581163,80.78067532239585,251550.61107508282,-8.148219259060738,49.09
2021-07-25,3,0.0,80.78067532239236,251550.61107513885,0.0,49.1
2021-07-25,4,-5.743902731298205,82.58376989673118,222556.28759599914,-8.053978744205473,49.08
2021-07-25,5,0.0,82.58376989673116,222556.28759582632,0.0,49.15
2021-07-25,6,7.88028498011073e-09,82.58376989674193,222556.28759582632,0.0,53.58
2021-07-25,7,0.0,82.5837698967202,222556.2875961761,0.0,52.41
2021-07-25,8,0.0,82.58376989672018,222556.2875961761,0.0,49.23
2021-07-25,9,0.0,82.58376989671015,222556.28759633732,0.0,50.3
2021-07-25,10,0.0,82.58376989673151,222556.28759599407,0.0,49.9
2021-07-25,11,-5.866899235402042,84.36593487280945,193886.13962442966,-7.963929992101221,48.56
2021-07-25,12,-6.17272837124076,86.16262999045138,164657.40029483772,-8.119094258219988,46.74
2021-07-25,13,-6.292141042776879,87.93597927442497,135808.45232765403,-8.01359665755102,46.65
2021-07-25,14,-6.4364588825985765,89.74505445588932,107241.3600801127,-7.935303402094814,46.55
2021-07-25,15,4.430314570916012,88.36402709641048,128844.94578352949,6.000996028726885,66.72
2021-07-25,16,6.193757387732879,86.34494594807137,161691.47382874257,9.124035568114742,80.4
2021-07-25,17,7.19712353606447,83.70987333772638,204448.19282168057,11.876866386927226,87.77
2021-07-25,18,6.856218864029014,81.03748661598675,247421.00532647545,11.936892362443018,91.46
2021-07-25,19,6.5113593677357775,78.30030179905893,290224.0570689833,11.889736595141073,91.85
2021-07-25,20,6.1643875202257945,75.49413479889807,332256.04170979094,11.67555128911323,91.86
2021-07-25,21,5.813576064939055,72.59498612331,372913.2542066139,11.29367013800639,85.93
2021-07-25,22,5.468730294492998,69.71230540013008,411903.50577387295,10.83062543534973,87.93
2021-07-25,23,5.11689482186684,66.67000453002412,448557.86717953905,10.181767057129463,74.59
2021-06-26,0,3.927332381579943,75.34285930463426,334521.91157821496,6.664836549504148,84.55
2021-06-26,1,3.438153902222009,73.87470755217666,355604.13632675377,5.856173541260784,75.5
2021-06-26,2,3.035256370374359,72.4862069830665,374384.56735248584,5.216786396036682,70.2
2021-06-26,3,2.9498453162236737,71.12045413676147,392857.3196860811,5.131320092665348,68.45
2021-06-26,4,3.1465484909819397,69.64123713691212,412864.7532124304,5.557620423985924,72.05
2021-06-26,5,3.5722537509268104,67.70400783417892,436158.5062839759,6.470486964318198,80.11
2021-06-26,6,3.8802896522053487,65.53485637429739,462170.11734956654,7.22544751821961,82.8
2021-06-26,7,3.791876490744129,63.1850701456374,487863.8513341081,7.13714832903932,81.52
2021-06-26,8,3.2309184163610247,61.07832772660871,509672.72492713074,6.05802044250629,75.24
2021-06-26,9,3.19821688475157,58.75528912427509,531565.1996156436,6.081242969031365,73.37
2021-06-26,10,3.1865758916536318,56.07774634704785,553758.5643862075,6.164823547378859,71.17
2021-06-26,11,-4.645729820990587,60.17725689582848,519000.55716203107,-9.655002006715677,68.97
2021-06-26,12,-5.076097255248051,63.64926373118685,483058.5466426095,-9.983891810950439,65.74
2021-06-26,13,-5.276120296851428,66.75345590202524,447557.15115231386,-9.861498747304353,64.87
2021-06-26,14,-5.518240439411993,69.68390872114057,412287.59050771577,-9.797100179055022,65.52
2021-06-26,15,-5.425656325658199,72.13891335057042,379081.9540557179,-9.223787903332735,68.8
2021-06-26,16,2.9284821883211767,70.7788501953432,397477.7493804309,5.109943145753604,77.85
2021-06-26,17,3.7040840407043536,68.92413182353485,421527.2593425308,6.68041943391664,92.47
2021-06-26,18,3.8459534550126375,66.79653465190856,447040.5677288506,7.087030107311051,94.33
2021-06-26,19,3.8503603257647683,64.62194184565176,472989.4400192926,7.208020080678324,94.5
2021-06-26,20,3.6243182624909,62.251717393755015,497525.8641172786,6.815673360551671,91.03
2021-06-26,21,3.2127066949161622,60.145612334182104,519328.1398027068,6.05618769039674,84.78
2021-06-26,22,-4.968000158880077,63.54962358528812,484090.0155716386,-9.788367841963407,76.89
2021-06-26,23,-5.273046120413281,66.67000453002412,448557.86717954,-9.870041220027389,71.0
2018-10-14,0,3.235502534231733,75.65060837957438,329912.3126518596,5.384392403294332,48.6
2018-10-14,1,3.378034987212093,74.24851251137882,350548.1655842489,5.732181370108132,50.0
2018-10-14,2,3.058250648718244,72.85388794349821,369411.427931097,5.239795096346697,48.6
2018-10-14,3,-6.450851896729371,75.46089316010479,332753.9493721247,-10.18263293304787,27.65
2018-10-14,4,-6.120580873099104,77.7115963144301,299041.9427780162,-9.364446276141237,33.04
2018-10-14,5,2.327027459614328e-13,77.71159631442434,299041.9427780158,-1.1368683772161603e-13,46.32
2018-10-14,6,3.284601928227726,76.41087714041923,318524.67789012473,5.411870864474693,48.4
2018-10-14,7,3.2013227985673005,75.12135978593706,337839.62729766127,5.36526372431571,48.4
2018-10-14,8,0.0,75.12135978593706,337839.62729766144,4.263256414560601e-14,42.12
2018-10-14,9,-5.582042235811299,77.20164417160096,306680.2268265835,-8.655389019743865,40.16
2018-10-14,10,0.0,77.20164417160092,306680.22682658373,5.684341886080802e-14,45.94
2018-10-14,11,-6.711726466927238,79.55038522015005,271334.05987769464,-9.818379708024736,29.94
2018-10-14,12,-7.401759024714454,81.85277895044422,234310.8501456308,-10.284224925573298,24.31
2018-10-14,13,-7.713966741197877,84.15524972980486,197286.40144053154,-10.28456908474979,26.03
2018-10-14,14,-8.033393868329744,86.445360424428,160057.92536214902,-10.341243355106258,29.09
2018-10-14,15,-4.46753745109163e-13,86.44536042442809,160057.92536214954,1.4921397450962104e-13,42.86
2018-10-14,16,4.670768910602061,84.93310390442264,184659.40125467168,6.8337433034783714,56.56
2018-10-14,17,6.335238161744524,82.62294329639326,221926.3671038589,10.351934958107563,68.09
2018-10-14,18,6.716863409485577,79.94506320343051,264987.51473236125,11.961429896806202,112.73
2018-10-14,19,6.3689607295827475,77.14864188239328,307474.1180688986,11.801834260149278,76.9
2018-10-14,20,6.023771034667088,74.35207592796091,349147.3987101272,11.575911289230163,80.93
2018-10-14,21,5.670307191823011,71.39735386513647,389112.05924796505,11.101294593843846,85.8
2018-10-14,22,5.064901284264863,68.67247769017592,424544.94583668554,9.8424684968668,61.73
2018-10-14,23,3.645649167893264,66.67000363933313,448557.87786035583,6.6702588954639594,46.8
2018-09-03,0,-5.554004070889933,78.94741096885988,280531.3756696079,-8.332534536220026,54.17
2018-09-03,1,-5.8676444436937825,80.8816606938369,249926.73478601096,-8.501289134332493,51.72
2018-09-03,2,-5.991875599244372,82.75962187053564,219728.53297597298,-8.388389391677215,51.67
2018-09-03,3,-6.079792430399982,84.59808285098474,190109.5429869814,-8.227497219164327,52.66
2018-09-03,4,3.6767827131805753,83.3823738452185,209714.48686979472,5.4458177452259235,67.04
2018-09-03,5,3.8650375383456748,82.06764479782464,230855.7402627496,5.872570386931912,72.0
2018-09-03,6,3.679601910255972,80.79070859678231,251389.27289168665,5.703759063593623,73.55
2018-09-03,7,3.8314762551555503,79.4224198980408,273391.78219362395,6.111808139427026,73.91
2018-09-03,8,3.7280958026235744,77.97000448438067,295171.39329546643,6.049891972734031,73.51
2018-09-03,9,3.625708407689885,76.53085418163245,316727.6098062656,5.987837919666433,73.6
2018-09-03,10,3.5243712055310894,75.10646531754487,338062.7230958295,5.926420358212184,71.12
2018-09-03,11,3.3714631388343363,73.64148230436574,358758.6691929373,5.748873915863285,68.63
2018-09-03,12,3.184607481979018,72.17995984390808,378526.7718295631,5.49113962128493,67.05
2018-09-03,13,3.0061289632576127,70.78396055648732,397408.6282094837,5.244960105533508,64.97
2018-09-03,14,3.1061353167239147,69.28526647795954,417196.6746199157,5.496679558453351,66.96
2018-09-03,15,3.2811169615528435,67.51415825837758,438435.1077191665,5.899564749791878,70.81
2018-09-03,16,3.4097634999486104,65.64121685666065,460894.6842822358,6.238771267519255,72.3
2018-09-03,17,3.552407269153033,63.48836561723369,484724.15445344854,6.619297269781299,72.99
2018-09-03,18,3.598013567137084,61.12236600708724,509216.8432381611,6.803524662420159,72.91
2018-09-03,19,3.4221342839403057,58.61398437592662,532736.4331251828,6.533219413061573,69.2
2018-09-03,20,3.2097897493501293,55.91403266799336,555115.5389332039,6.2164182800058825,66.01
2018-09-03,21,-4.637004455665892,60.047038683429285,520348.56843672186,-9.657491804578342,64.34
2018-09-03,22,-5.0602216661898884,63.515147870761005,484446.90614039527,-9.972683971201832,59.6
2018-09-03,23,-5.329502320083236,66.67000453002412,448557.8671795398,-9.969177489126523,54.09
2023-02-17,0,-5.887710229045453,79.06308471493068,278798.7642044407,-8.813815498766475,99.0
2023-02-17,1,-6.331840231911237,81.12200879063711,246061.86237976135,-9.093583840188712,93.62
2023-02-17,2,-7.614873315140684,83.42445511494569,209037.80691953178,-10.284459850063769,86.95
2023-02-17,3,-7.931855540546676,85.7187536563807,171878.40598232672,-10.322055815890295,82.22
2023-02-17,4,-8.252932320613226,88.0163743338226,134500.58088553336,-10.382729193553715,92.58
2023-02-17,5,0.0,88.01637433382268,134500.5808855334,0.0,105.12
2023-02-17,6,5.640052269420899,86.20743956962589,163928.435488119,8.174404056273772,146.73
2023-02-17,7,4.798395585238744,84.628138404022,189620.59752455415,7.136711676787549,153.54
2023-02-17,8,4.478939156109938,83.10585316086366,214161.0257729455,6.816785624553148,145.72
2023-02-17,9,5.3035820826849385,81.17830916837018,245156.53473515404,8.609863600613487,149.34
2023-02-17,10,3.890164725252596,79.79693483365723,267369.4651473792,6.170258447840325,135.08
2023-02-17,11,3.419986224180723,78.50720547044132,287124.9642718786,5.487638645694275,120.0
2023-02-17,12,3.335541162150663,77.19963449439011,306710.3286422101,5.440378991758749,117.5
2023-02-17,13,3.3473320543632568,75.86407937553834,326714.8516229567,5.556811939096278,120.0
2023-02-17,14,3.171709846314822,74.57705418255831,345992.4723563505,5.354894648164944,116.3
2023-02-17,15,3.29986851349798,73.08149308736361,366332.9108598315,5.650121806522492,118.2
2023-02-17,16,4.142211672100512,71.09762803683401,393166.0584830334,7.453652117556089,144.66
2023-02-17,17,4.506013274115475,68.75130394650631,423599.7432615665,8.453801327370314,151.8
2023-02-17,18,4.768074821752634,65.95864546838708,457088.20511771145,9.302350515595819,164.6
2023-02-17,19,3.088931475066306,64.18754359940323,477486.30511104746,5.666138887037789,120.0
2023-02-17,20,3.0281781042248035,62.23313741526799,497718.20296161255,5.61997162515695,118.16
2023-02-17,21,3.185690204049333,60.14561273543404,519328.1398027078,6.002760233637588,117.0
2023-02-17,22,-4.968000158880051,63.549623585288,484090.01557163976,-9.78836784196335,111.1
2023-02-17,23,-5.2730461204133015,66.67000453002404,448557.8671795406,-9.870041220027545,107.64
2019-08-11,0,-2.992450731653662e-11,76.94472322725032,310528.4999998405,-4.430589228832105e-11,15.04
2019-08-11,1,-3.0322411248562275e-11,76.94472322726135,310528.49999977864,-1.7184476064358023e-11,12.7
2019-08-11,2,-3.0322411248562275e-11,76.94472322727071,310528.4999996945,-2.3376856006507296e-11,13.13
2019-08-11,3,-2.5071500431295135e-11,76.94472322727752,310528.4999995926,-2.830802259268239e-11,13.62
2019-08-11,4,-2.5071500431295135e-11,76.94472322723875,310528.5000001731,1.6125056845339714e-10,12.57
2019-08-11,5,-6.013474220971502,79.10370159127113,278190.3870398096,-8.982809155656525,11.17
2019-08-11,6,0.0,79.10370159127113,278190.3870398096,0.0,14.64
2019-08-11,7,0.0,79.10370159127113,278190.3870398096,0.0,13.49
2019-08-11,8,-7.343941286537796,81.42638445199978,241167.4067531271,-10.284161190745138,0.1
2019-08-11,9,-7.6561470681642625,83.72884096216852,204143.1875010872,-10.284505347788865,-10.0
2019-08-11,10,-7.974147628229855,86.0213952087307,166955.01583275932,-10.330047685646633,-20.0
2019-08-11,11,-8.29547300254945,88.32079482299784,129548.2508895579,-10.390768039778173,-20.0
2019-08-11,12,-8.64879382608049,90.80191606786919,91721.72381129263,-10.50736863285146,-0.1
2019-08-11,13,-6.819748313598515,92.7599813883887,62968.23213310916,-7.987081021717632,7.67
2019-08-11,14,3.870328804806335,91.5773439949186,80334.8409459492,4.824058003566677,17.7
2019-08-11,15,7.65952567445459,88.92032147326992,119795.116921559,10.961187771002724,21.21
2019-08-11,16,7.541103031850145,86.34494594807155,161691.47382873925,11.637876918661185,33.07
2019-08-11,17,7.197123006166625,83.70987333772655,204448.19282167763,11.876866386927325,37.4
2019-08-11,18,6.856218864024957,81.03748661598695,247421.00532647324,11.936892362443224,37.05
2019-08-11,19,6.5113588900926285,78.30030179905913,290224.0570689803,11.889736595140846,37.99
2019-08-11,20,6.164387520225848,75.49413479889823,332256.0417097891,11.675551289113557,40.0
2019-08-11,21,5.813576064939287,72.59498612331006,372913.25420661375,11.293670138006846,37.29
2019-08-11,22,5.468730294492881,69.71230540013019,411903.50577387196,10.830625435349504,28.79
2019-08-11,23,5.116894821866805,66.67000453002412,448557.8671795378,10.181767057129392,25.4
2023-06-11,0,5.997864421191057,74.13551391167695,352076.5498391184,11.541124955310668,79.56
2023-06-11,1,4.957968094004199,71.67235698804699,385392.4372445775,9.254413168183074,65.82
2023-06-11,2,4.297893824679413,69.55786735327703,413927.752151364,7.9264763629962545,58.87
2023-06-11,3,3.9394062117237105,67.37970870650258,440047.3738591742,7.255450474391722,56.79
2023-06-11,4,3.612181179522569,65.37897748308032,464039.35569767875,6.6644393995845945,53.18
2023-06-11,5,2.8581728215709123,63.66363420537056,482909.7843392003,5.241785733755989,47.39
2023-06-11,6,-5.465173781897277,66.85532133659089,446335.62093003374,-10.159489835879612,28.44
2023-06-11,7,-5.840537580917255,69.9011045034566,409349.86725428974,-10.273820465484434,15.9
2023-06-11,8,-6.189006515664156,72.64172812859753,372281.0362401003,-10.296897503941523,0.13
2023-06-11,9,-6.530331358304362,75.29940939905615,335172.723081521,-10.307864766272019,10.05
2023-06-11,10,-6.85542351546542,77.77337794078917,298116.550821636,-10.293381183301392,17.08
2023-06-11,11,-7.175908797252757,80.18717774397962,261094.23735935407,-10.283975961744972,21.55
2023-06-11,12,-7.488108955711358,82.48959278438633,224070.6849540297,-10.284320112590109,5.14
2023-06-11,13,-7.801963562946189,84.7892485905728,186999.6477597255,-10.297510331751162,6.19
2023-06-11,14,-8.122276833765586,87.08140560719923,149710.70581077153,-10.358039430264995,-0.07
2023-06-11,15,-6.647130874494236,88.92032147326978,119795.11692156144,-8.309885802558362,27.92
2023-06-11,16,7.54110303185012,86.3449459480714,161691.4738287418,11.637876918661213,83.82
2023-06-11,17,7.197123006166617,83.70987333772639,204448.19282168013,11.876866386927318,99.91
2023-06-11,18,6.856218864024937,81.03748661598678,247421.00532647574,11.936892362443224,108.2
2023-06-11,19,6.511358890092609,78.30030179905896,290224.0570689828,11.889736595140846,114.0
2023-06-11,20,6.164387520225826,75.49413479889806,332256.0417097916,11.675551289113557,119.73
2023-06-11,21,5.813576064939267,72.59498612330988,372913.2542066161,11.293670138006803,111.87
2023-06-11,22,5.468730294492861,69.71230540013002,411903.5057738742,10.83062543534946,94.33
2023-06-11,23,5.116894821866792,66.67000453002412,448557.8671795398,10.181767057129349,85.08
2023-07-14,0,3.9273324676223473,75.34285930812662,334521.91152590537,6.664836534973709,89.33
2023-07-14,1,3.4034317508681964,73.89153009689745,355376.5997683725,5.792968956240863,77.33
2023-07-14,2,3.4216311633762295,72.31662697930894,376678.25425097445,5.917126245167211,82.14
2023-07-14,3,3.5130570362270777,70.66881287760121,398966.08024746174,6.191062776802028,85.99
2023-07-14,4,3.8536784775501367,68.70216969105091,424188.9419259029,7.0063504662336555,88.89
2023-07-14,5,4.516411880624728,66.10390271906662,455346.3374184734,8.654832081269575,102.27
2023-07-14,6,4.063147965390183,63.6410040192039,483144.05069517967,7.721587021307315,95.78
2023-07-14,7,3.6364991100847925,61.248799191299796,507908.0143526039,6.878878793728944,85.07
2023-07-14,8,3.422390509177262,58.774357505622625,531407.1474095588,6.527536960265252,79.71
2023-07-14,9,3.151288672211977,56.12744760305204,553346.6052894557,6.094293855526928,75.23
2023-07-14,10,3.179105130483528,52.46374361714874,576165.1122507178,6.338474155906141,73.9
2023-07-14,11,-4.351726722761262,57.438877388077245,542476.5494166332,-9.357934120579074,66.15
2023-07-14,12,-4.799619444736156,61.31359862237512,507237.2144539269,-9.788704156307318,62.19
2023-07-14,13,-5.2040585126673555,64.79727191481496,471014.9400569326,-10.061742888053942,65.55
2023-07-14,14,-5.588502510256776,67.85953168679929,434293.52541906125,-10.200392954964286,56.98
2023-07-14,15,-5.515307503655657,70.62086298652363,399614.63570514554,-9.633024920532137,66.79
2023-07-14,16,0.0,70.62086298652255,399614.63570514554,0.0,78.17
2023-07-14,17,3.6564571050946237,68.77290828167921,423340.67257229425,6.590565796430198,92.23
2023-07-14,18,4.439344753499039,66.23312110226534,453796.77852916997,8.460029432465475,106.91
2023-07-14,19,4.069971795780241,63.78744392373911,481628.1134177348,7.730926357934692,100.02
2023-07-14,20,3.716660873694817,61.3371205130608,506993.71589447977,7.0460006879847015,95.47
2023-07-14,21,2.082697029803743,59.98532760047871,520987.3979372812,3.887133900778167,81.0
2023-07-14,22,-5.052698142596322,63.45158967229351,485104.85687213077,-9.967372518097335,72.17
2023-07-14,23,-5.442414719422922,66.67000453002176,448557.86717956816,-10.151941581267394,52.66
2015-03-02,0,-7.07124185081212,79.41527950757838,273506.60190068797,-10.283860583142227,20.36
2015-03-02,1,-7.3834385066158825,81.71766871659155,236483.46487223372,-10.284204730126193,20.27
2015-03-02,2,-7.695645610007569,84.02013497451992,199459.0888731767,-10.28454888862695,21.46
2015-03-02,3,-8.014620705486433,86.31101994947534,162243.3839217383,-10.337695819843994,22.62
2015-03-02,4,-8.336183981862101,88.61212198732836,124808.92385389825,-10.398461129955571,21.08
2015-03-02,5,-6.517705053788134,90.49306260441793,96257.12689415172,-7.931054711040705,39.94
2015-03-02,6,7.0904667901338225,88.11432772178064,132907.069546313,10.180539625600357,65.8
2015-03-02,7,5.700487500691578,86.28689494241907,162635.8509216489,8.257994826482197,64.94
2015-03-02,8,6.942118259249872,83.7763128412627,203379.82486985976,11.31777054116968,68.96
2015-03-02,9,3.860293705541853,82.4723089006351,224348.61519883832,5.824663980271822,55.55
2015-03-02,10,3.5997150954326163,81.23381607946003,244263.96628180088,5.532041967489597,53.9
2015-03-02,11,3.517394897674775,79.99715532603324,264149.85714360536,5.523858572723469,50.96
2015-03-02,12,0.0,79.99715532603324,264149.85714360536,0.0,49.05
2015-03-02,13,0.0,79.99715532603324,264149.85714360536,0.0,47.47
2015-03-02,14,0.0,79.99715532603322,264149.85714360536,0.0,45.94
2015-03-02,15,2.1572077457676642e-11,79.99715532602607,264149.8571437202,3.19033688356285e-11,45.94
2015-03-02,16,3.771542704664519,78.58069120286021,286024.2631460466,6.076223889535115,57.63
2015-03-02,17,3.994504211706875,76.98689566661234,309896.82293893106,6.6312666091345704,59.99
2015-03-02,18,4.905323691915093,74.87407069857213,341543.6303457219,8.79077983521968,70.16
2015-03-02,19,4.002922037411141,73.04889179967066,366773.8658356452,7.0083987472009,61.56
2015-03-02,20,3.4309987033085676,71.4555525856041,388324.8812807073,5.986393179183935,55.48
2015-03-02,21,3.44965469774162,69.82596752826316,410366.1468378167,6.122573765863706,54.92
2015-03-02,22,2.983905928973325,68.26139373041617,429474.55386547546,5.307890841016331,50.94
2015-03-02,23,2.948772662713983,66.67000453002412,448557.86717953987,5.3009203650178875,51.79
2020-03-29,0,4.394315571330408,75.10624443339789,338066.031594245,7.649314331734719,11.05
2020-03-29,1,2.807137760321289,73.89448943355639,355336.5726922289,4.797372527217742,6.6
2020-03-29,2,0.0,73.89448943355646,355336.5726922281,0.0,3.32
2020-03-29,3,-5.3429317634242794,75.9838317312157,324921.1489765204,-8.44872880991879,1.55
2020-03-29,4,0.0,75.98383173121718,324921.14897649817,0.0,2.59
2020-03-29,5,0.0,75.98383173121718,324921.14897649817,0.0,2.98
2020-03-29,6,-5.25613701426484,77.90392458899242,296161.1665868866,-7.988883997114314,2.59
2020-03-29,7,-5.869761232754751,79.94270111796678,265025.4978038063,-8.648796884188968,0.71
2020-03-29,8,-7.454957593224224,82.2451079770207,228002.0769571914,-10.28428356850415,-4.98
2020-03-29,9,-7.767994267083539,84.54616481285379,190954.14861213125,-10.291091206961156,-4.22
2020-03-29,10,-8.088108646115703,86.83689317794418,153688.44804838975,-10.351583489928196,-11.29
2020-03-29,11,-8.41010313003351,89.14108631562871,116203.70179101844,-10.412429515936473,-32.46
2020-03-29,12,-8.781424422466404,91.72383314195734,78183.70000791074,-10.561111606418805,-33.19
2020-03-29,13,-9.177290271199224,94.46506729362603,39574.40959422895,-10.724802892689386,-10.79
2020-03-29,14,-9.752588657290922,98.3528042160941,0.0,-10.992891553952486,-5.98
2020-03-29,15,0.0,98.35280421609411,0.0,0.0,0.08
2020-03-29,16,6.000426550016911,95.94653283175695,24494.139201727812,6.803927556035504,7.81
2020-03-29,17,8.393819812158123,92.73349449611587,63357.18271027661,10.795289863485777,16.99
2020-03-29,18,8.022543971382769,89.98646334905789,103696.35648497252,11.205326048526643,17.9
2020-03-29,19,7.6743887286019286,87.35931801046952,145189.61087823816,11.525903998129344,17.45
2020-03-29,20,7.3308556134847755,84.74485597158817,187721.8294341357,11.814505154415983,20.14
2020-03-29,21,6.989580045520696,82.08292023373573,230610.10648602239,11.91341029219074,20.59
2020-03-29,22,6.647626976139424,79.40231085089984,273715.1419474383,11.973620961504423,18.1
2020-03-29,23,6.298212578522979,76.57645886077165,316044.5231713583,11.758161451088881,17.81
2020-08-22,0,3.235502534230109,75.65060837957472,329912.31265185715,5.384392403293662,24.08
2020-08-22,1,0.0,75.65060837957436,329912.31265186274,0.0,21.94
2020-08-22,2,0.0,75.65060837957587,329912.3126518706,0.0,21.3
2020-08-22,3,0.0,75.65060837957452,329912.3126518604,0.0,20.3
2020-08-22,4,0.0,75.65060837957436,329912.3126518627,0.0,23.53
2020-08-22,5,3.152099574886135,74.35457098720849,349113.65130724694,5.33370518205119,25.17
2020-08-22,6,3.9583873770627687,72.50290573959387,374158.70511507714,6.956959391063947,29.91
2020-08-22,7,3.823512809923302,70.68940712273906,398687.52883095917,6.813562143300558,29.99
2020-08-22,8,3.390046699550675,69.01350442513652,420455.5382590665,6.046669285585381,27.14
2020-08-22,9,0.0,69.0135044251365,420455.5382590665,0.0,21.6
2020-08-22,10,-5.870706911433194,71.74386401024778,384425.2697537771,-10.008407918135973,13.19
2020-08-22,11,-6.423838770703338,74.4886268387307,347300.4531501003,-10.312449056576867,8.44
2020-08-22,12,-6.74917697411251,76.96483613119312,310227.24021412083,-10.298114704438746,1.61
2020-08-22,13,-7.073782301283229,79.43401483223016,273205.3320332221,-10.283863383582997,2.46
2020-08-22,14,-6.145372444413123,81.40554329192338,241502.53911142668,-8.806331367165384,13.36
2020-08-22,15,0.0,81.40554311639738,241502.53911142616,0.0,21.6
2020-08-22,16,3.5862164747454655,80.1476393062974,261730.02173422574,5.61874517299988,26.64
2020-08-22,17,4.118990410856327,78.58888935173901,285901.46772163373,6.714290552057776,30.27
2020-08-22,18,5.429824799845049,76.24605695879497,320993.4259516923,9.747766175016267,34.43
2020-08-22,19,5.14515402120364,73.91392819340982,355073.6484476455,9.466728471098108,35.07
2020-08-22,20,4.785236825564233,71.55618585184689,386963.7467175591,8.858360630531564,33.36
2020-08-22,21,3.457064492388939,69.92447037678399,409033.82764858595,6.130578036396344,27.4
2020-08-22,22,3.329156822079473,68.1753953276542,430505.81288370385,5.964440343088313,26.44
2020-08-22,23,2.7939267268669394,66.67000453002412,448557.86717953975,5.014459526621081,24.41
2023-01-20,0,0.0,76.94472322724988,310528.5,0.0,156.72
2023-01-20,1,-5.554004070884887,78.94741096885762,280531.3756696417,-8.332534536210645,154.73
2023-01-20,2,-5.746986926650792,80.84352127735546,250540.02850587878,-8.330929767711922,151.81
2023-01-20,3,-5.8715987108087395,82.68585010596763,220914.80597349157,-8.22922848121867,150.66
2023-01-20,4,0.0,82.68585010596766,220914.80597348852,0.0,158.14
2023-01-20,5,3.613908762083378,81.44704139926748,240835.2365942826,5.5334529502205925,176.44
2023-01-20,6,4.224685849605182,79.93251533805156,265189.28832370066,6.765014369282781,208.07
2023-01-20,7,4.995879873501083,77.90835007943826,296094.8793428909,8.584886394219524,235.06
2023-01-20,8,4.677305627090007,75.95035481617697,325422.5807083637,8.146583712631312,226.8
2023-01-20,9,4.097762691743796,74.21161888068339,351047.1774694283,7.1179435447401715,210.39
2023-01-20,10,3.778210718961052,72.45538511418634,374801.4544575151,6.598410274468563,202.6
2023-01-20,11,3.523274028383975,70.80463348820076,397129.01250259724,6.202099456967261,189.26
2023-01-20,12,3.123681523907287,69.29898949150339,417032.1136394803,5.528639204689739,181.63
2023-01-20,13,3.016055291437965,67.68130274486211,436430.7767839585,5.388517540132824,179.6
2023-01-20,14,3.4225002899920676,65.80290862233484,458955.74023014447,6.256934290607219,192.0
2023-01-20,15,3.804301784678753,63.49034344404069,484703.68010668777,7.152205521262019,200.0
2023-01-20,16,3.9338663171744495,60.86661029313662,511864.4113441917,7.544647565973321,208.22
2023-01-20,17,3.78374166188062,57.947905037943784,538257.3689026295,7.331377099566055,209.71
2023-01-20,18,3.6154587039941615,54.85046952929932,563777.6285016227,7.088960999720342,203.11
2023-01-20,19,3.3290290313835973,50.156326896296015,588140.9687941251,6.7675945256951024,188.23
2023-01-20,20,-4.177536349511501,55.90837130940635,555162.4642698542,-9.160695701186341,166.37
2023-01-20,21,-4.643349208864284,60.047038683429236,520348.5684367221,-9.67052662031449,163.1
2023-01-20,22,-5.060221666189895,63.515147870761005,484446.9061403957,-9.972683971201775,152.95
2023-01-20,23,-5.3295023200832325,66.67000453002407,448557.8671795403,-9.969177489126508,156.36
2023-10-20,0,-7.071241850819928,79.41527950757842,273506.6019006876,-10.283860583142333,41.36
2023-10-20,1,-7.383438506615816,81.71766871659156,236483.46487223366,-10.2842047301261,24.8
2023-10-20,2,-7.695645610007566,84.02013497451993,199459.0888731766,-10.284548888626958,5.41
2023-10-20,3,-8.014620705486436,86.31101994947534,162243.38392173828,-10.33769581984398,32.18
2023-10-20,4,-8.336183981862122,88.61212198732836,124808.92385389839,-10.398461129955528,68.15
2023-10-20,5,5.856679664906785,86.74600235212392,155167.0652212628,8.432817046490115,108.12
2023-10-20,6,5.103798294613151,85.07596449013317,182335.33704409839,7.546742173009882,119.92
2023-10-20,7,6.402440775432403,82.74320346278334,219992.54609661485,10.460335847921243,124.76
2023-10-20,8,5.313536037493278,80.79460746196779,251326.577922716,8.703897729472537,118.72
2023-10-20,9,4.509908783964886,79.11165839116255,278071.2066450551,7.429063533983083,112.26
2023-10-20,10,4.035256493648962,77.5113304936181,302041.6109745157,6.658445647072384,104.36
2023-10-20,11,3.9124296690969196,75.93069104434329,325717.1131989972,6.576528395689323,100.42
2023-10-20,12,3.782581117915438,74.36084414492072,349028.802508227,6.475469252563826,97.16
2023-10-20,13,3.6635761433871927,72.66975373396804,371901.97053402534,6.353657784943991,96.67
2023-10-20,14,3.56511287134035,71.0002998048069,394482.49017136387,6.272366565927356,99.32
2023-10-20,15,4.495850548445414,68.64667776379265,424854.37928969075,8.436635866201911,113.51
2023-10-20,16,4.757276540240607,65.8599181215204,458272.10474074294,9.28270151418117,124.54
2023-10-20,17,4.678503422521396,62.80438929009554,491804.6371571918,9.314592337902468,129.73
2023-10-20,18,4.125236841596257,60.00964372683424,520735.6788276418,8.036400464013894,107.99
2023-10-20,19,3.2037680331815355,57.392425489101726,542861.5755485296,6.146082422468822,87.75
2023-10-20,20,1.8444923019197612,55.82818224486566,555827.1278468848,3.6015423050986612,83.21
2023-10-20,21,-4.642389085591594,59.98532760048129,520987.39793725556,-9.677702752674776,59.55
2023-10-20,22,-5.052698142596839,63.45158967229619,485104.85687210277,-9.967372518098017,53.1
2023-10-20,23,-5.442414719423221,66.67000453002412,448557.8671795398,-10.15194158126748,37.27
2023-04-02,0,-5.554004070889586,78.94741096885998,280531.3756696098,-8.332534536219494,58.51
2023-04-02,1,0.0,78.94741096885977,280531.3756696098,0.0,60.46
2023-04-02,2,-5.746986926650577,80.84352127735738,250540.02850584727,-8.330929767711822,58.51
2023-04-02,3,0.0,80.84352127735738,250540.02850572608,0.0,60.46
2023-04-02,4,0.0,80.84352127735067,250540.02850595536,0.0,58.72
2023-04-02,5,3.491452764831049,79.60743787610176,270416.6353645555,5.521279682944481,70.08
2023-04-02,6,3.665960593252109,78.19909619346353,291739.9584603497,5.923145304387276,75.55
2023-04-02,7,3.1103634225357606,76.97329546686976,310100.5326207344,5.100159488995757,66.09
2023-04-02,8,-5.719168374963336,79.03371539242798,279238.6706360241,-8.57273944019731,56.49
2023-04-02,9,0.0,79.03371539242798,279238.67063614423,0.0,65.32
2023-04-02,10,4.355163037093224,77.27534779382836,305576.262052834,7.3159976157471505,89.94
2023-04-02,11,-7.113002868080933,79.72325883320438,268554.1982280392,-10.283906617998554,33.44
2023-04-02,12,-7.425200921407353,82.02565834867352,231530.89546855504,-10.284250766523371,18.19
2023-04-02,13,-7.737503417998406,84.32797274909156,194503.70963274853,-10.285329398835138,24.16
2023-04-02,14,-8.057437790002643,86.61741837141483,157258.87680199233,-10.345786897432284,30.74
2023-04-02,15,-8.379252746584829,88.9203214290939,119795.11764021873,-10.406599767159335,41.74
2023-04-02,16,7.541103025900172,86.34494590278928,161691.47456539373,11.637876923659725,100.41
2023-04-02,17,7.197123000293211,83.70987329168419,204448.19356205524,11.876866387961535,130.0
2023-04-02,18,6.856218858121656,81.03748656971082,247421.00607059224,11.9368923634825,132.41
2023-04-02,19,6.511358884060617,78.30030175027467,290224.0577996944,11.889736591417275,123.7
2023-04-02,20,6.164397530972448,75.49413458423,332256.11016415735,11.6755701012397,119.7
2023-04-02,21,5.8135685661935455,72.5949861233099,372913.2542066161,11.293651122905203,110.06
2023-04-02,22,5.468730294492859,69.71230540013002,411903.5057738742,10.83062543534946,117.95
2023-04-02,23,5.116894821866792,66.67000453002412,448557.8671795398,10.181767057129349,114.73
2020-07-20,0,0.0,76.94472322725404,310528.5,0.0,26.4
2020-07-20,1,0.0,76.94472322725065,310528.5,0.0,26.01
2020-07-20,2,0.0,76.9447232272507,310528.5,0.0,26.0
2020-07-20,3,0.0,76.94472322725093,310528.5,0.0,26.99
2020-07-20,4,3.8689419742294295,75.37105461055697,334099.59007510456,6.547525020862366,35.24
2020-07-20,5,4.345845979555897,73.41401710346423,361835.2934387756,7.70436204546418,38.29
2020-07-20,6,4.455039718693909,71.25020225461127,391102.3866077613,8.129748102496038,39.0
2020-07-20,7,4.279874235642231,69.08571288942106,419589.64275875135,7.913126708608345,38.16
2020-07-20,8,3.9243499751705944,66.90984825869728,445681.75552843907,7.247809102691022,36.15
2020-07-20,9,-5.2367307391653695,69.68721512390869,412242.86912198813,-9.288579557347475,24.39
2020-07-20,10,-6.161749499681389,72.42735831107838,375180.5363637875,-10.295092432833513,15.0
2020-07-20,11,-5.95095874052157,74.93275432697106,340664.64154448896,-9.587748560916253,18.84
2020-07-20,12,-5.982219833417002,77.15943093995912,307312.4348421192,-9.264501861769375,19.35
2020-07-20,13,-6.2136322691569665,79.3731764923805,274153.9923529762,-9.2106784692064,18.6
2020-07-20,14,-5.759638855315079,81.23091465178894,244310.6221442526,-8.289825057978774,23.62
2020-07-20,15,3.5615855170839117,79.9780308696914,264457.38437009114,5.596322840510709,34.21
2020-07-20,16,4.105015123377029,78.4090435337264,288595.2762725828,6.7049699729143555,39.12
2020-07-20,17,4.7546065426696,76.42548701648143,318305.84483897005,8.252935712885332,42.54
2020-07-20,18,4.793766517087698,74.33891124375693,349325.4601738156,8.61655981523488,43.9
2020-07-20,19,4.249655977509071,72.31983759704222,376634.82842441613,7.585935625166812,41.0
2020-07-20,20,4.355164367404469,70.19056013068149,405434.77959567145,7.999986436459821,40.8
2020-07-20,21,3.8699509968272463,68.1440677079106,430881.4813768695,7.068528272555,37.52
2020-07-20,22,2.7360934776200834,66.67000453002268,448557.867179557,4.9101071674132015,31.26
2020-07-20,23,0.0,66.67000453002412,448557.86717953987,0.0,27.58
2021-05-10,0,-6.385998725971409,79.21909253768268,276462.0114702227,-9.462913480493706,40.0
2021-05-10,1,-7.358516255730039,81.53387217908886,239438.970555929,-10.284178031748246,35.45
2021-05-10,2,-7.6707225499261105,83.83633228630922,202414.6934621769,-10.284521414931142,28.03
2021-05-10,3,-7.989082726384714,86.12827054968008,165216.36165002713,-10.332869947819376,37.0
2021-05-10,4,0.0,86.12827054968025,165216.36165002547,0.0,57.12
2021-05-10,5,4.475131304498294,84.67589475193046,188843.69451488505,6.563148018016548,69.99
2021-05-10,6,4.662872795352726,83.07714299296018,214622.69423292586,7.160833255011333,74.07
2021-05-10,7,3.6399172356786416,81.8377554576472,234552.43259841268,5.536038434857453,59.56
2021-05-10,8,0.0,81.83775545764871,234552.43259843113,0.0,52.52
2021-05-10,9,0.0,81.83775545764887,234552.4325984279,0.0,52.97
2021-05-10,10,-6.485386400085913,83.82031377697173,202672.27609150446,-8.855599029700947,38.47
2021-05-10,11,-6.136833014386298,85.62956256537944,173329.37177157443,-8.150806755536124,46.28
2021-05-10,12,-6.256712101762841,87.40983840206363,144367.7422471763,-8.044897090110588,47.44
2021-05-10,13,0.0,87.40983840206424,144367.74224718506,0.0,53.25
2021-05-10,14,3.5424349956268806,86.31548800246244,162170.69737921405,4.945265314452499,57.63
2021-05-10,15,4.478108898772076,84.86900063511258,185702.2369202486,6.536538761398489,65.92
2021-05-10,16,4.434136166966767,83.37576880615369,209820.69795930898,6.699572510850103,72.17
2021-05-10,17,6.155282930498544,81.04489821828493,247301.8244484513,10.411424024761757,83.94
2021-05-10,18,6.448772836823586,78.34918963637541,289491.7938690039,11.719435950153496,90.12
2021-05-10,19,5.945780279076496,75.68726623476893,329363.23542084335,11.075400431066512,84.0
2021-05-10,20,5.473479078008915,73.06049575691958,366616.9142840308,10.348244128663183,79.91
2021-05-10,21,4.140450483759555,71.07722232133482,393442.37104178645,7.451515766043244,68.0
2021-05-10,22,4.340001616389811,68.84469816326232,422479.7965510844,8.065951530360536,70.0
2021-05-10,23,3.9166644081226654,66.6700045300241,448557.86717954004,7.243908507904351,64.92
2021-04-23,0,3.2355025342321784,75.65060837957456,329912.31265186437,5.384392403295657,58.73
2021-04-23,1,0.0,75.65060837957708,329912.31265182194,0.0,57.9
2021-04-23,2,0.0,75.6506083795771,329912.3126518932,0.0,57.48
2021-04-23,3,3.4611962367863094,74.20923166564023,351079.46620481607,5.879764875811915,67.0
2021-04-23,4,4.238574979006238,72.19378913867591,378339.7210480945,7.572293012021788,77.0
2021-04-23,5,4.836567118636564,69.75170509524985,411370.5976331832,9.17524349585797,83.73
2021-04-23,6,4.621069905991355,67.11749833220885,443191.697526579,8.839194414832178,83.16
2021-04-23,7,4.119820165444708,64.7754108581412,471277.08924946334,7.8014977008011925,75.77
2021-04-23,8,0.0,64.77541085814121,471277.08924946334,0.0,56.06
2021-04-23,9,2.641530780914156,63.10145373354064,488729.443513414,4.847876184430731,60.8
2021-04-23,10,-5.259218830267262,66.29464991080394,453058.9721265228,-9.908464274136435,50.31
2021-04-23,11,-5.77467353720172,69.37544634829798,416115.27308730123,-10.262138622005992,43.52
2021-04-23,12,-6.1252648440890045,72.14041534686618,379061.63851645123,-10.292676269680555,38.73
2021-04-23,13,-6.42250919946293,74.83341560241804,342152.57998308213,-10.252516259269186,40.06
2021-04-23,14,-6.0760730606576985,77.09424861649711,308288.84396246774,-9.406593339059555,45.29
2021-04-23,15,-5.713129138740611,79.14801697578898,277526.61201811733,-8.545064428986223,51.36
2021-04-23,16,3.27927385871205,77.87282705234304,296626.9589587377,5.305651927950109,64.0
2021-04-23,17,3.940175462902907,76.28774019806637,320369.07634144666,6.595032606308038,78.02
2021-04-23,18,4.1317573658388715,74.56706733591948,346142.0596704745,7.159162035841064,81.02
2021-04-23,19,3.9758693397826144,72.71723111836968,371259.8060561166,6.977151773789473,78.33
2021-04-23,20,3.352856228142921,71.15855985595464,392341.9134652165,5.8561409469721895,70.9
2021-04-23,21,2.9346047215207234,69.7825736952458,410953.0784574753,5.169768053405221,65.69
2021-04-23,22,3.048928646802221,68.17539479615009,430505.8192572924,5.431316888838083,68.51
2021-04-23,23,2.793926639822688,66.67000404196737,448557.8730321243,5.014459381897751,64.5
2021-07-24,0,3.3138116751724693,75.61843079229928,330394.2824897406,5.518272913816827,76.3
2021-07-24,1,0.0,75.61843079229929,330394.2824897403,0.0,69.81
2021-07-24,2,0.0,75.61843079229925,330394.2824897406,0.0,62.71
2021-07-24,3,0.0,75.61843079229907,330394.28248974326,0.0,65.26
2021-07-24,4,3.139821820094142,74.32410403480068,349525.73792138934,5.314293175457237,71.3
2021-07-24,5,3.267968031399474,72.83197818440432,369707.7725841762,5.606120739663027,75.86
2021-07-24,6,3.262267948005931,71.32122749209567,390141.721122031,5.676096816070768,78.3
2021-07-24,7,3.17469383393499,69.83089841354648,410299.4532022367,5.599370022279359,78.81
2021-07-24,8,2.9845353122655656,68.26666410230824,429411.35363885964,5.308861232395273,75.53
2021-07-24,9,2.5485007760359917,66.89594097553183,445848.5261976934,4.565881266342714,72.03
2021-07-24,10,2.400957766724515,65.5932356226951,461470.0563664087,4.339313935754234,70.3
2021-07-24,11,-5.340462349944939,68.50008062578623,426612.3145043022,-9.682706072807349,64.04
2021-07-24,12,-5.598867331548751,71.19962143465975,391786.52719902777,-9.673829807020681,63.1
2021-07-24,13,-5.616515860596555,73.66980465131945,358375.5898516075,-9.280815929838965,65.01
2021-07-24,14,0.0,73.66980465131944,358375.5898516075,0.0,68.91
2021-07-24,15,3.0226526374604346,72.28466099433047,377110.61631795083,5.204174018428702,77.72
2021-07-24,16,3.2742596813921327,70.7590666144279,397745.33600219636,5.731866578957096,85.07
2021-07-24,17,3.668332117633765,68.92370924263611,421532.32676644495,6.6074974345134905,90.21
2021-07-24,18,3.6521530745651414,66.92089147382086,445549.3296365608,6.6713896861433,90.04
2021-07-24,19,3.3645560270440673,65.06730409454329,467776.82037547755,6.174302983032419,87.0
2021-07-24,20,3.7702035722908764,62.65259475077802,493376.00529890554,7.1108847009522265,93.28
2021-07-24,21,3.8956767428496817,60.04703868342805,520348.56843673467,7.492378649396983,98.97
2021-07-24,22,-5.060221666189894,63.515147870761005,484446.9061403952,-9.972683971205413,71.84
2021-07-24,23,-5.329502320083191,66.67000453002412,448557.8671795386,-9.969177489126835,68.89
2021-03-26,0,3.5535136314910134,75.51608928707948,331927.19787762314,5.944082743784211,50.05
2021-03-26,1,3.4268593900443087,74.07476560878862,352898.2126729014,5.825281887577287,48.88
2021-03-26,2,3.0475625731140434,72.68298750035441,371722.97468601563,5.229100559198386,46.07
2021-03-26,3,2.9619499071695037,71.31401081044815,390239.3317350425,5.143432513618578,45.62
2021-03-26,4,2.877739828475212,69.96746198480804,408452.3364002975,5.0591679625708394,45.0
2021-03-26,5,4.2251208665345885,67.6510493361769,436793.56376065477,7.872563155654788,60.19
2021-03-26,6,4.654519507879957,64.92042324808119,469538.15771029907,9.095720541567871,65.81
2021-03-26,7,4.388187525257837,61.966668612471636,500476.6723331975,8.594031839693997,64.67
2021-03-26,8,3.8557814954226357,59.27653668590666,527244.7318459247,7.435572086868689,55.72
2021-03-26,9,-4.896277608896619,62.77582538545958,492100.32901771675,-9.762334118946654,42.37
2021-03-26,10,-5.369883909980081,66.07941877988577,455639.9391867741,-10.127886064150758,31.02
2021-03-26,11,-5.747914374830122,69.15755078161824,418728.1910131426,-10.253263381564295,27.64
2021-03-26,12,-6.1006466969464705,71.94679959251665,381680.42557419586,-10.291045955262987,26.64
2021-03-26,13,-6.447986797355029,74.67276292701955,344558.90533166786,-10.311533400702217,27.23
2021-03-26,14,-5.834034828905901,76.85969584280537,311802.07698840916,-9.09911898423853,36.34
2021-03-26,15,0.0,76.85969584280537,311802.07698840916,0.0,43.8
2021-03-26,16,3.8624160343597858,75.28707329752437,335357.49855286017,6.543172656791953,59.0
2021-03-26,17,4.0393152362767495,73.49506516456157,360739.0623279853,7.050434381979201,61.79
2021-03-26,18,4.744568517984131,71.1519165866682,392431.76827961137,8.803529431007235,69.01
2021-03-26,19,4.2756789425022035,68.97578660976244,420907.83546463266,7.9100186625059195,64.3
2021-03-26,20,3.6535016506620477,66.9728984641637,444925.6822654454,6.671624111336868,57.39
2021-03-26,21,3.1179275445639423,65.26795079989174,465370.74400984414,5.6791838178885286,53.33
2021-03-26,22,2.8341365852363816,63.54962358528809,484090.01557163894,5.19979765605413,52.07
2021-03-26,23,-5.273046120413274,66.67000453002412,448557.86717953987,-9.870041220027531,43.0
2023-06-05,0,0.0,76.94472322725261,310528.5,0.0,70.07
2023-06-05,1,0.0,76.94472322725365,310528.5,0.0,67.68
2023-06-05,2,0.0,76.94472322725031,310528.5,0.0,69.58
2023-06-05,3,3.3138116751726034,75.61843079230832,330394.2824896044,5.518272913778986,77.85
2023-06-05,4,4.369254398380072,73.68029230473418,358233.7370818216,7.73318183117145,99.73
2023-06-05,5,4.762552612324248,71.33069010924596,390013.73267703695,8.827776554226489,103.98
2023-06-05,6,4.530348925310287,69.0018416832342,420595.3932723893,8.494905720931214,99.95
2023-06-05,7,3.523128771706005,67.08036788574087,443636.9512352582,6.40043276746357,85.5
2023-06-05,8,2.4948432493581327,65.72821757451547,459851.4058956771,4.504015183449695,75.0
2023-06-05,9,-5.259538006017532,68.58565316680473,425586.16225258313,-9.518123234192771,70.08
2023-06-05,10,-5.4605656485067,71.21324105406217,391602.31242197024,-9.439958286281353,68.79
2023-06-05,11,-5.649984679744324,73.69679562999467,358010.51629319537,-9.331054480215244,65.06
2023-06-05,12,-5.721633133852816,75.95557404397083,325344.40485409,-9.073919844195927,66.41
2023-06-05,13,-5.72814082040763,78.05728310421887,293864.0963283577,-8.744530146036752,68.08
2023-06-05,14,0.0,78.0572831042189,293864.0963283573,0.0,74.67
2023-06-05,15,3.460111324334132,76.6905636980441,314335.4115014527,5.686476436970935,87.11
2023-06-05,16,3.5872493905144953,75.24133158697168,336042.6377036066,6.0297850561538695,92.7
2023-06-05,17,4.404611469353946,73.23179084140588,364300.02973186714,7.849275563405698,108.74
2023-06-05,18,4.155053575996895,71.24371734764499,391190.09946196165,7.469463813915155,105.3
2023-06-05,19,4.556688332820357,68.88278650411021,422023.05614976975,8.564710191057799,111.18
2023-06-05,20,3.9178789833728582,66.70790781426578,448103.3459042671,7.244524931804818,100.57
2023-06-05,21,3.0992254986093766,65.01054195723415,468457.48959856364,5.6539288039712545,88.66
2023-06-05,22,2.31735399846396,63.58601082458104,483713.337010951,4.237735392329824,80.2
2023-06-05,23,-5.216589920743221,66.67000453002412,448557.8671795398,-9.765408286503103,76.5
2018-10-20,0,0.0,76.94472322725231,310528.49999997014,0.0,53.01
2018-10-20,1,-5.539764960464513,78.94222687024623,280609.02534380514,-8.310965182268067,51.29
2018-10-20,2,-5.74683278886526,80.83880442715878,250615.87692911265,-8.331430115192347,50.76
2018-10-20,3,-5.836317862889652,82.67021252062311,221166.2632261309,-8.18044825082827,50.0
2018-10-20,4,0.0,82.67021252062312,221166.2632261309,0.0,52.4
2018-10-20,5,0.0,82.67021252062312,221166.2632261309,0.0,56.03
2018-10-20,6,3.6128693623458754,81.431426946165,241086.32187327524,5.533349624206757,61.97
2018-10-20,7,3.9274047506159295,80.04194009989914,263429.7040030612,6.206495036051663,70.93
2018-10-20,8,3.727300058326403,78.64861237000854,285006.91048877395,5.993668468253546,66.48
2018-10-20,9,3.3445948024560224,77.33982359490528,304610.5155807193,5.445445858873697,61.82
2018-10-20,10,0.0,77.33982359490527,304610.5155807193,0.0,56.68
2018-10-20,11,3.3657666722629256,75.99917443945378,324691.33924781403,5.578006574192983,64.3
2018-10-20,12,0.0,75.9991744394538,324691.33924781403,0.0,52.56
2018-10-20,13,0.0,75.99917443945381,324691.33924781403,0.0,52.53
2018-10-20,14,0.0,75.99917443945606,324691.33924778,0.0,55.11
2018-10-20,15,3.1894736878104277,74.70724031134772,344042.48813751916,5.375319136038655,61.24
2018-10-20,16,4.192913683852697,72.75128377522157,370799.2203080977,7.432425602938494,75.8
2018-10-20,17,4.394546240606143,70.60838786547822,399783.3703500022,8.051152789417898,79.95
2018-10-20,18,3.6991064735832895,68.73212209152018,423829.7645213284,6.679553936479508,71.69
2018-10-20,19,2.979296921522465,67.12880242522682,443056.14328960166,5.340660768964796,62.29
2018-10-20,20,2.6755383806423882,65.67830684130418,460449.9157758306,4.831603468396935,60.01
2018-10-20,21,3.3541280708728505,63.67436008380746,482798.75333994464,6.208010434476108,66.77
2018-10-20,22,-5.084881951305995,66.67000453002413,448557.86717953946,-9.511357266779214,57.03
2018-10-20,23,0.0,66.67000453002412,448557.86717953946,0.0,58.82
2023-10-26,0,-5.720594997598296,79.00671442355086,279643.1028417346,-8.579276988407058,96.98
2023-10-26,1,-6.043823612266888,80.98861672923573,248206.84835712705,-8.73229291239099,92.74
2023-10-26,2,-6.094948274435712,82.89379202017248,217571.03509694818,-8.509948127827464,94.21
2023-10-26,3,-6.0759648190257,84.72563361667048,188034.5398075745,-8.204582024826024,100.0
2023-10-26,4,3.377402166471558,83.61391807895028,205991.18332926222,4.987956533802148,117.46
2023-10-26,5,3.9942988661879397,82.2552691186991,227838.6826278314,6.068749805158106,133.62
2023-10-26,6,4.387747602075061,80.69574913163427,252916.25072695536,6.965991138645542,144.05
2023-10-26,7,4.477209014292336,79.01891271044393,279460.39161774,7.3733724696623995,149.0
2023-10-26,8,4.223857467761576,77.3252167682006,304829.3029571182,7.04691981649394,146.37
2023-10-26,9,3.9571350972036257,75.71838184868459,328897.1722797709,6.685519256292423,140.0
2023-10-26,10,3.7159177105332475,74.15589453358211,351800.9259457086,6.362153796093807,131.11
2023-10-26,11,3.247422569370057,72.67130890658906,371880.93574816204,5.577780500681513,120.09
2023-10-26,12,3.0661316353031447,71.25328139139464,391060.7391518717,5.32772316769713,119.6
2023-10-26,13,0.0,71.25328139139461,391060.73915203544,0.0,113.2
2023-10-26,14,2.8740041701574093,69.90772749222917,409260.2867480983,5.055429887795242,114.25
2023-10-26,15,3.327824068481604,68.15705085154204,430725.7926253937,5.962640521470945,126.69
2023-10-26,16,4.216056725952979,65.76616492114665,459396.35624156235,7.964045448935735,151.03
2023-10-26,17,4.231840335692408,63.10284494882573,488715.0400300322,8.144078830130525,151.18
2023-10-26,18,3.526125147249356,60.78446007774298,512714.82554147416,6.666607086511647,130.95
2023-10-26,19,3.028835790837657,58.52727392715057,533455.1505385787,5.761201388084601,119.06
2023-10-26,20,3.164705079133494,55.86451334700026,555525.9900241584,6.1307887459943515,117.06
2023-10-26,21,-4.645935599195248,60.01528829811047,520677.24655783124,-9.6802065184242,104.85
2023-10-26,22,-5.056350781520038,63.48244712567351,484785.4223299253,-9.969951174418327,104.56
2023-10-26,23,-5.385958552398948,66.67000453002412,448557.86717953696,-10.063209763996767,97.55
2021-03-27,0,3.686070172503726,75.45566686550083,332832.23107614915,6.195480854485876,38.09
2021-03-27,1,3.4466002299953935,73.99732968937879,353945.58706780185,5.864821108792416,36.0
2021-03-27,2,3.22806293058576,72.5198538307259,373929.47045460995,5.551078718557804,34.14
2021-03-27,3,0.0,72.5198538307259,373929.47045460995,0.0,29.83
2021-03-27,4,3.0476362113026267,71.10861637002009,393017.43367287476,5.302212005073557,34.23
2021-03-27,5,3.143816970162816,69.6305247506486,413009.64564950234,5.553392215729886,34.37
2021-03-27,6,0.0,69.6305247506486,413009.64564950234,0.0,30.38
2021-03-27,7,-5.427551751468784,72.08865333362317,379761.7555643591,-9.235525023650908,25.22
2021-03-27,8,-6.464795553110332,74.8006784489679,342642.9312454697,-10.31078453302483,2.2
2021-03-27,9,-6.789979794645175,77.27534775766472,305576.26259450824,-10.296296847489302,0.0
2021-03-27,10,-7.113002863513123,79.7232587995177,268554.1987697322,-10.283906617993338,-9.23
2021-03-27,11,-7.425200916839394,82.02565831498568,231530.8960102679,-10.284250766517857,-57.63
2021-03-27,12,-7.737503413317732,84.3279727155968,194503.71017764325,-10.285329397951294,-34.09
2021-03-27,13,-8.057437785294468,86.61741833772311,157258.87735008996,-10.345786896542585,-20.0
2021-03-27,14,-8.37925274184897,88.9203213952041,119795.11819153809,-10.406599766264407,-0.21
2021-03-27,15,0.0,88.9203213952041,119795.11819153809,0.0,20.18
2021-03-27,16,7.541103021335669,86.34494586805101,161691.47513051788,11.637876927494382,42.4
2021-03-27,17,7.197122995787398,83.7098732563626,204448.19413003544,11.876866388754884,57.5
2021-03-27,18,6.856218842839388,81.03748634131026,247421.0054714967,11.93689203929479,66.1
2021-03-27,19,6.511358888917034,78.3003017895514,290224.0572113912,11.88973659441514,63.84
2021-03-27,20,6.164387519071433,75.49413478956178,332256.04184963455,11.675551288400925,53.0
2021-03-27,21,5.813576059909895,72.5949860628612,372913.2542066161,11.293670099161545,53.0
2021-03-27,22,5.468730294492854,69.71230540013002,411903.5057738742,10.83062543534946,48.65
2021-03-27,23,5.116894821866795,66.67000453002412,448557.86717953987,10.181767057129363,46.23
2021-08-04,0,-5.7082039444301484,79.00236757942398,279708.21175562654,-8.561191178992633,77.02
2021-08-04,1,-5.771147525836978,80.90064516343546,249621.45859004534,-8.357431434883676,76.65
2021-08-04,2,-5.863458221707293,82.73857373795973,220066.99351665803,-8.209573631496468,77.8
2021-08-04,3,-1.7189805134876224e-11,82.73857373795973,220066.99351665782,-5.684341886080802e-14,83.48
2021-08-04,4,-2.3286261807697883e-11,82.73857373795975,220066.99351665727,-1.5631940186722204e-13,91.71
2021-08-04,5,3.774232914008664,81.44235119468775,240910.65654767948,5.789906397506172,101.08
2021-08-04,6,4.452926250380114,79.82953860714902,266845.18629439216,7.204036040753522,116.42
2021-08-04,7,4.344260640223297,78.13015301084087,292772.61930799996,7.202064726002163,114.68
2021-08-04,8,4.096799975285385,76.47580573892846,317552.14922181057,6.8832027538362865,110.77
2021-08-04,9,3.557772569384608,75.03522785283671,339129.74869419634,5.993777631218265,101.98
2021-08-04,10,3.415120692071218,73.54031129539891,360127.07709854154,5.832591223429219,98.44
2021-08-04,11,3.310159514876014,72.01651003159313,380737.5436467586,5.725129596726973,95.91
2021-08-04,12,2.9861687634117473,70.62783854831241,399520.28640491865,5.217428543933337,90.83
2021-08-04,13,-2.7036151095671812e-11,70.62783854831243,399520.28640491865,0.0,90.02
2021-08-04,14,2.169642243643466e-11,70.62783854830202,399520.2864050592,3.9051428757375106e-11,88.91
2021-08-04,15,3.110750684681252,69.10463123181357,419362.7814383587,5.511804175916524,95.97
2021-08-04,16,3.6568368054412694,67.10156896700548,443382.71620824107,6.6722041027450985,103.67
2021-08-04,17,4.364344989788469,64.56459419856975,473583.09948842006,8.388995355605289,118.64
2021-08-04,18,4.308137594873928,61.64071519015205,503850.92298687366,8.407728749570424,124.0
2021-08-04,19,3.8718034656866207,58.84471429907622,530823.9806364699,7.492516013776736,111.35
2021-08-04,20,3.474726503247627,55.91403266799313,555115.5389332058,6.747655082426633,99.22
2021-08-04,21,-4.637004455665876,60.04703868342911,520348.5684367237,-9.657491804578342,90.03
2021-08-04,22,-5.06022072390693,63.51514787076068,484446.90614039474,-9.972683971202486,85.53
2021-08-04,23,-5.329502320080515,66.67000453002412,448557.8671795397,-9.969177489126409,80.99
2023-04-10,0,5.695300151391169,74.34826759940039,349198.9089892332,10.741780274786995,78.14
2023-04-10,1,4.964658106697737,71.88712531440342,382487.5614796812,9.246847914013324,71.9
2023-04-10,2,4.588450241088868,69.6,413422.5140248472,8.593042373657227,70.0
2023-04-10,3,5.1031529252513685,66.55102224077822,449984.655990187,10.15615054592773,72.96
2023-04-10,4,4.760863592592841,63.544781189433365,484140.1437686739,9.487635494024133,80.0
2023-04-10,5,4.421428397639691,60.49336606394892,515728.21364871465,8.774463855566864,77.83
2023-04-10,6,4.063409277103158,57.17103797002087,544696.5915969752,8.046771652294609,69.67
2023-04-10,7,3.672319156311241,53.44895487447465,571051.7105075179,7.320866364039631,54.98
2023-04-10,8,-4.426101808586598,58.09236654958096,537059.9699102445,-9.442150165909283,26.38
2023-04-10,9,-4.863410743785406,61.85250303267533,501658.50769945915,-9.833739502995911,19.82
2023-04-10,10,-5.270782316526659,65.27247908958168,465316.4425410971,-10.09501809954503,20.44
2023-04-10,11,-5.647585961499249,68.34062164899181,428524.483830422,-10.21998853074308,-2.82
2023-04-10,12,-6.008348896218454,71.22089978338441,391498.72280812246,-10.284933617305427,-3.5
2023-04-10,13,-6.3571947684629215,73.96448793048995,354389.7945829421,-10.308035618105649,0.56
2023-04-10,14,-6.687069885322818,76.49219789480914,317306.6204118122,-10.300881714202745,0.32
2023-04-10,15,-5.908965580598902,78.63492177289444,285211.97418155865,-8.915179508403767,20.02
2023-04-10,16,6.192584682785656,75.83076169907874,327213.89821039705,11.66720111912177,51.28
2023-04-10,17,5.856342446424119,72.95248455905106,368077.8404778721,11.351095074298627,80.0
2023-04-10,18,5.509743238330209,70.05514626620115,407266.3458178091,10.885695927760281,85.0
2023-04-10,19,5.158845464771247,67.03322830238916,444202.23057634383,10.259967988481876,88.01
2023-04-10,20,4.818328990551137,64.06137695536765,478792.37478837994,9.608373392232238,80.15
2023-04-10,21,4.474574205954962,60.97113008418182,510782.4286156507,8.886126063130774,54.71
2023-04-10,22,-3.830098628326648,63.45158967229621,485104.85687210254,-7.1326588176522705,23.91
2023-04-10,23,-5.442414719423175,66.67000453002412,448557.8671795398,-10.151941581267423,1.43
2021-05-27,0,-5.720594997598357,79.00671442355092,279643.1028417338,-8.579276988407276,56.37
2021-05-27,1,-6.158357596013641,81.02227987712317,247665.53443324,-8.882657891248282,52.71
2021-05-27,2,-6.140932230811321,82.93938528418936,216837.88118255744,-8.563237014078496,52.9
2021-05-27,3,-6.8478556158879655e-12,82.93938528417986,216837.88118260936,1.4424017535930034e-11,60.75
2021-05-27,4,3.802556463735914,81.6373902663992,237774.36740524968,5.815690617400094,77.0
2021-05-27,5,4.552661496273758,79.98767665781645,264302.27708670805,7.368863800405094,90.0
2021-05-27,6,5.005022948298908,77.96454603005084,295253.1523883996,8.597465361580987,96.07
2021-05-27,7,4.266378287744557,76.22176994660602,321357.2073386299,7.251126375063961,88.67
2021-05-27,8,3.5229046295043305,74.79142908692718,342781.4721958872,5.95118468257148,79.13
2021-05-27,9,3.621567806451705,73.16098253619995,365257.7610584168,6.243413572924894,78.07
2021-05-27,10,3.2845125322386393,71.64417015331469,385773.69815594977,5.698871415981387,74.95
2021-05-27,11,-2.0619950191758107e-11,71.6441701533137,385773.69815596327,3.751665644813329e-12,65.32
2021-05-27,12,0.0,71.6441701533137,385773.69815596327,0.0,60.77
2021-05-27,13,-5.494861047896995,74.04416680609086,353312.0826534563,-9.017115417363044,60.45
2021-05-27,14,-5.605993398582145,76.21555934967797,321450.2323491422,-8.85051397342059,60.91
2021-05-27,15,-2.6474822334421333e-11,76.215559349678,321450.2323491422,0.0,69.62
2021-05-27,16,3.5220521877192725,74.78546876199549,342870.7485240545,5.950143381920071,79.96
2021-05-27,17,3.9951145613660586,72.95317369940061,368068.5193777664,6.999380792697764,85.99
2021-05-27,18,4.131246002151233,70.97290168233492,394853.06873702427,7.440152599793848,88.87
2021-05-27,19,3.958204067720775,68.9833467004791,420817.1778306163,7.212252525997783,85.91
2021-05-27,20,3.653696932997744,66.98044833825786,444835.1471450717,6.671658142904278,84.04
2021-05-27,21,3.3690944674387655,65.12491804742668,467085.9365151044,6.180774825009081,79.71
2021-05-27,22,2.5824347691278504,63.54962358528826,484090.015571638,4.723355293481575,71.34
2021-05-27,23,-5.273046120432403,66.67000453002412,448557.86717953964,-9.870041220027332,63.0
2021-01-22,0,-7.071241850813454,79.41527950758116,273506.60190064256,-10.283860583154848,31.69
2021-01-22,1,-7.383438230529904,81.71766871659435,236483.46487218852,-10.28420473012612,28.07
2021-01-22,2,-7.6956453339123465,84.02013497452273,199459.08887313143,-10.284548888626972,25.81
2021-01-22,3,-8.014620705486829,86.31101994947814,162243.3839216928,-10.337695819844072,23.93
2021-01-22,4,-8.160259352685761,88.56654080506021,125550.44114404602,-10.19248410490188,36.38
2021-01-22,5,0.0,88.56654080506021,125550.44114404602,0.0,45.33
2021-01-22,6,5.826333041433358,86.70984404884014,155755.29057509033,8.390235953067865,62.58
2021-01-22,7,4.8339498820107245,85.14764109816745,181169.29786933854,7.059446470624501,63.22
2021-01-22,8,4.475609861575176,83.64862773926487,205433.04115894408,6.739928691557097,64.0
2021-01-22,9,4.601246710451038,82.04039442926079,231293.93469376274,7.183581537449626,64.66
2021-01-22,10,4.016999622975849,80.63138996640085,253951.16618961684,6.293675415515025,61.13
2021-01-22,11,4.4673257653543486,78.95287954042493,280449.4650363435,7.36063856853518,64.22
2021-01-22,12,4.023070052312742,77.35450506079712,304390.61022624694,6.6503181083065215,60.19
2021-01-22,13,3.67837933452262,75.87851772281336,326498.5878044215,6.141104882826255,57.39
2021-01-22,14,3.4782606611043443,74.45696976917797,347728.6369221765,5.897235866043076,54.49
2021-01-22,15,3.670653942109229,72.76384441496073,370629.3289637875,6.361303344891937,57.31
2021-01-22,16,4.115068074565211,70.78887370200698,397342.1745164826,7.420234875748648,64.48
2021-01-22,17,4.473774061078379,68.41939832388837,427579.82493185066,8.399347337602222,66.77
2021-01-22,18,4.164757899925853,66.06940149339718,455760.06254601997,7.827843781713696,63.89
2021-01-22,19,3.345740577981612,64.13921706736443,477986.5785279207,6.174032217194664,55.68
2021-01-22,20,3.0607996629459278,62.16185848981034,498456.07820497954,5.685972132516326,52.91
2021-01-22,21,2.973528210095049,60.21861486455351,518572.42190266337,5.587873249356619,51.79
2021-01-22,22,-4.97484679373047,63.62349036374028,483325.3510263025,-9.790853021211348,47.42
2021-01-22,23,-5.160132789661603,66.67000453002412,448557.86717953975,-9.65763440187854,47.4
2019-03-17,0,-4.744653581115595e-12,76.94472322725248,310528.49999996746,-9.034550885189674e-12,8.58
2019-03-17,1,-7.014547873808021,79.4,273752.3011510959,-10.215610791353232,1.59
2019-03-17,2,-7.381366584638653,81.70238869768802,236729.1723449094,-10.284202446162908,-4.59
2019-03-17,3,-7.693573618693949,84.00485444427416,199704.80456839528,-10.284546604587256,-0.77
2019-03-17,4,0.0,84.00485444427416,199704.80456839528,0.0,6.63
2019-03-17,5,0.0,84.00485444427416,199704.80456839528,0.0,8.06
2019-03-17,6,3.3340206141134576,82.88833888855082,217658.72315528075,4.987199607468185,11.21
2019-03-17,7,0.0,82.88833888855082,217658.72315528075,0.0,10.0
2019-03-17,8,3.7953565020368107,81.58781123668149,238571.61367611925,5.8091362557884665,13.42
2019-03-17,9,-6.721447265156943,83.63874352203929,205591.98245667468,-9.16100867206793,2.76
2019-03-17,10,0.0,83.63874352203929,205591.98245667468,0.0,10.0
2019-03-17,11,-7.961629277352899,85.93181407546763,168412.32685191632,-10.327682112432875,0.91
2019-03-17,12,0.0,85.93181407546763,168412.32685191632,0.0,6.46
2019-03-17,13,-8.282881068401487,88.23068712893848,131014.12802998128,-10.388388561648625,-4.41
2019-03-17,14,-8.63422456953033,90.70064496801466,93208.85383519556,-10.501465054107143,-0.39
2019-03-17,15,0.0,90.70064496801466,93208.85383519556,0.0,5.81
2019-03-17,16,7.263524825266052,88.24287816485972,130815.8035576755,10.446374922911097,17.65
2019-03-17,17,7.449859988464049,85.65053989885092,172988.11130626273,11.714529930163117,33.6
2019-03-17,18,7.1070536416534935,83.00380924519817,215801.9237835047,11.892725688122766,43.91
2019-03-17,19,6.765694286723125,80.32785405812858,258832.11832448107,11.952831816937888,38.48
2019-03-17,20,6.418857786843217,77.55218951672117,301429.60683099605,11.832635696254158,31.66
2019-03-17,21,6.073552759788061,74.75949923716323,343259.7313140313,11.619479023065338,33.51
2019-03-17,22,5.720245125942323,71.81480169948904,383465.788418617,11.16834919571825,33.13
2019-03-17,23,5.374160160369406,68.89750047001584,421846.61205841927,10.661339899945077,34.0
2016-08-07,0,3.3138122351643773,75.61843079229932,330394.2824897395,5.518272913816521,17.99
2016-08-07,1,0.0,75.61843079230331,330394.2824896798,0.0,12.86
2016-08-07,2,0.0,75.61843079230339,330394.28248967906,0.0,12.38
2016-08-07,3,0.0,75.61843079230336,330394.282489679,0.0,12.35
2016-08-07,4,0.0,75.61843079231346,330394.2824895276,0.0,12.51
2016-08-07,5,-5.231603104465716,77.54173109284227,301586.25763325393,-8.002229126742677,11.93
2016-08-07,6,0.0,77.54173109284226,301586.2576332543,0.0,12.25
2016-08-07,7,0.0,77.54173109284224,301586.2576332544,0.0,12.79
2016-08-07,8,0.0,77.54173109284224,301586.2576332544,0.0,14.27
2016-08-07,9,0.0,77.54173109284224,301586.2576331141,0.0,13.18
2016-08-07,10,-5.362122933664515,79.44530992470987,273023.7034210877,-7.93404283667401,11.84
2016-08-07,11,-6.1450060833117846,81.41635628980461,241328.66273089242,-8.804177969498681,7.45
2016-08-07,12,-6.159685791161632,83.32540339722848,210630.5894532545,-8.527242577121648,7.59
2016-08-07,13,-6.104319690809034,85.14672034825543,181184.27668176958,-8.179531325412484,8.17
2016-08-07,14,-6.13507885695471,86.90610997330555,152562.42524742166,-7.95051428731886,10.34
2016-08-07,15,0.0,86.90610997330555,152562.42524742166,0.0,15.9
2016-08-07,16,5.442247367477697,85.09930772823611,181955.58790640588,8.164767405273388,24.7
2016-08-07,17,7.035555759868093,82.44332270745211,224814.7222314573,11.905315090292063,27.77
2016-08-07,18,6.693834228353692,79.76453480760325,267890.4676779787,11.96548484625594,30.48
2016-08-07,19,6.345428726157953,76.95832435998818,310324.77634338854,11.787307962613852,32.37
2016-08-07,20,5.999592361622964,74.14995834162441,351881.17892867775,11.543445162580326,32.65
2016-08-07,21,5.647119853390225,71.20352317549806,391733.7534542238,11.07015959042947,26.33
2016-08-07,22,4.781398985029024,68.6702588644523,424571.6040062669,9.121625153345306,20.62
2016-08-07,23,3.6420182322046557,66.67000453002412,448557.86717953987,6.662850881464706,16.44
2022-12-23,0,-5.539764960464524,78.94222687024431,280609.0253438339,-8.310965182268356,148.72
2022-12-23,1,-5.746832788865142,80.83880442715697,250615.87692914123,-8.331430115192424,146.39
2022-12-23,2,-6.045658437454868,82.73445885888633,220133.16205636167,-8.467420797994315,137.87
2022-12-23,3,-6.065497367056238,84.5701857214441,190563.37509204136,-8.213829712311203,141.0
2022-12-23,4,0.0,84.5701857214441,190563.37509204136,0.0,148.55
2022-12-23,5,3.6729744634594397,83.35486584314961,210156.82412797306,5.4426247322032495,169.45
2022-12-23,6,4.019061119090601,81.98001729324747,232264.8178838236,6.141109376625145,189.19
2022-12-23,7,4.958667003613968,80.15957102864826,261538.16195760068,8.131484464938083,217.0
2022-12-23,8,5.265990540609238,78.01550175066858,294489.9155367647,9.153264883101116,222.2
2022-12-23,9,5.24398678727696,75.75395459523783,328364.3482758283,9.409564649739892,225.09
2022-12-23,10,4.92134339546574,73.49707715069897,360711.8488232034,8.985416818715308,220.56
2022-12-23,11,4.177722042673935,71.50157545297132,387702.3901522013,7.497372591388299,203.46
2022-12-23,12,3.453043437948544,69.87101608628006,409756.83391748613,6.126234379245787,178.22
2022-12-23,13,3.6796641017924614,67.90020229017159,433805.81954130606,6.68027378439443,188.48
2022-12-23,14,3.362581816558574,66.06140630941117,455855.9376474541,6.125032807263338,175.61
2022-12-23,15,3.569146815267885,63.969300930325716,479745.54038325767,6.636000759945432,178.01
2022-12-23,16,4.184784836429571,61.14401814781278,508992.7015510537,8.124211435498893,210.4
2022-12-23,17,4.010391716621804,58.066208757426296,537276.7841579266,7.856689613020251,209.93
2022-12-23,18,3.803668943643572,54.73291831876013,564387.7378159813,7.530820460570766,198.44
2022-12-23,19,3.323734925595936,50.04149287105024,588736.9754886446,6.7636771312953385,181.34
2022-12-23,20,-4.168867355506229,55.83220207127531,555793.8086877724,-9.150879666908935,151.97
2022-12-23,21,-4.6376293699078515,59.98532864817801,520987.3870915607,-9.668450443392118,148.74
2022-12-23,22,-5.052692596606292,63.45158967229621,485104.85687210254,-9.96736950540506,119.9
2022-12-23,23,-5.442414719423175,66.67000453002412,448557.8671795398,-10.151941581267423,81.2
2023-10-19,0,-7.071241850812114,79.41527950757839,273506.60190068797,-10.283860583142227,-3.93
2023-10-19,1,-7.383438506615885,81.71766871659155,236483.46487223372,-10.284204730126193,0.31
2023-10-19,2,-7.695645610007566,84.02013497451992,199459.0888731767,-10.28454888862695,-2.14
2023-10-19,3,-8.014620705486433,86.31101994947534,162243.3839217383,-10.337695819843994,6.5
2023-10-19,4,-8.336183981862106,88.61212198732835,124808.92385389851,-10.3984611299555,65.53
2023-10-19,5,0.0,88.61212198732835,124808.92385389851,0.0,87.91
2023-10-19,6,4.267814375637329,87.30989906607951,145993.56110292673,5.884621458063393,115.21
2023-10-19,7,5.423565901998693,85.54485626392075,174707.37874705344,7.976060456701866,127.0
2023-10-19,8,4.534732575834255,84.03760106049317,199178.22875977505,6.797458336867116,123.2
2023-10-19,9,5.780045384420127,81.93377213929254,233008.45439196564,9.397284897830723,125.72
2023-10-19,10,4.937163818157888,80.12109108915499,262156.93139377114,8.096799167168186,125.31
2023-10-19,11,4.449864692790708,78.39913951785692,288743.6229115678,7.3851920882768525,121.56
2023-10-19,12,4.302467307165703,76.65002583141886,314942.60522415943,7.27749508683101,119.33
2023-10-19,13,4.164555428810921,74.92269067224177,340815.379323455,7.186881694248768,118.05
2023-10-19,14,4.394340001539518,72.87688702381672,369100.3494546553,7.856936147555643,121.46
2023-10-19,15,5.266401331779136,70.16022700457414,405845.05611649354,10.206862961621724,142.34
2023-10-19,16,5.171703338402658,67.14455640230949,442867.2277932937,10.283936576888948,146.32
2023-10-19,17,4.831596168372307,64.18064469094158,477557.7222056229,9.636248447869207,144.72
2023-10-19,18,4.195588314333438,61.34982170217393,506862.2352626661,8.140142515845326,116.8
2023-10-19,19,3.4225952379939883,58.90249867630928,530345.0229246155,6.522996572763731,97.48
2023-10-19,20,3.6252566947578835,55.832200778094105,555793.8194065711,7.069110133876563,101.74
2023-10-19,21,-4.637629272797952,59.985327600481334,520987.3979372551,-9.668450408143343,89.58
2023-10-19,22,-5.052698142596839,63.451589672296244,485104.8568721023,-9.967372518097989,77.59
2023-10-19,23,-5.442414719422928,66.67000453002412,448557.86717953987,-10.151941581267351,60.24
2019-07-30,0,3.313811674586735,75.61843079270147,330394.28248371574,5.518272912143258,29.9
2019-07-30,1,-5.515647310879661,77.65532644303393,299884.77728149685,-8.474862556171912,21.4
2019-07-30,2,-6.199187262504987,79.81722093668525,267043.2582796434,-9.122644167181505,16.5
2019-07-30,3,-5.679516303474959,81.63145862093555,237869.75011549916,-8.103752267817853,21.96
2019-07-30,4,4.549628260155433,79.98286726838155,264379.6135697717,7.36385095952015,36.3
2019-07-30,5,5.708370167920293,77.58145835403816,300991.2055097306,10.169886649988584,41.07
2019-07-30,6,5.808683273383917,74.96172522612576,340230.7028700509,10.899860377866744,44.71
2019-07-30,7,5.7459518884392065,72.02955726535765,380561.04427067714,11.202872611285073,46.65
2019-07-30,8,2.921740500759658,70.67129441377409,398932.5157535248,5.103186523013221,27.2
2019-07-30,9,2.134470378223341e-11,70.6712944137741,398932.5157535248,0.0,24.97
2019-07-30,10,2.1515234038815834e-11,70.6712944137741,398932.5157535248,0.0,26.14
2019-07-30,11,-6.162113259352151,73.37173884608312,362407.1361259869,-10.145938785427191,14.91
2019-07-30,12,-6.050395242760317,75.78599488241298,327884.43497827847,-9.589639207696777,16.7
2019-07-30,13,-6.085039758240321,78.0127892049354,294530.54522152233,-9.264969376876707,16.68
2019-07-30,14,-5.8695403982779215,80.04066068630692,263450.2773729134,-8.633407735724717,18.65
2019-07-30,15,-6.271040632163558,82.02727968388444,231504.82389236568,-8.873737077929917,16.73
2019-07-30,16,3.570134873000776,80.78944518196728,251409.58899620798,5.529101417733983,30.0
2019-07-30,17,6.323786322816041,78.13683096814283,292672.593971417,11.46194582644695,45.11
2019-07-30,18,5.479521391672916,75.74582837998733,328486.06624720205,9.948186743273624,41.93
2019-07-30,19,4.976091720469791,73.45340687514796,361302.5195194251,9.115681464506409,40.33
2019-07-30,20,5.361262208652264,70.69137532028557,398660.90759717004,10.37733002159581,43.66
2019-07-30,21,4.537114452648181,68.2613937304162,429474.55386547477,8.559346185640194,38.66
2019-07-30,22,3.1086244689504383e-13,68.26139373041616,429474.5538654759,3.126388037344441e-13,27.13
2019-07-30,23,2.94877266271389,66.67000453002412,448557.86717953975,5.300920365017745,29.28
2021-04-14,0,-5.708203964327061,79.0023675865956,279708.2116482059,-8.561191208831703,53.6
2021-04-14,1,-5.748620940986841,80.89352459635091,249735.95953100765,-8.325625588110624,54.44
2021-04-14,2,-5.906729952583664,82.74496672110088,219964.19235257647,-8.26993532734199,53.62
2021-04-14,3,-6.06618768501672,84.58043735425802,190396.60094083505,-8.213219836594845,54.44
2021-04-14,4,4.391185529955449,83.09319294446503,214364.60600373376,6.657779184138533,80.18
2021-04-14,5,6.777154183464458,80.41768950481506,257387.53630521803,11.950813972634514,118.52
2021-04-14,6,6.430567900531432,77.64689627772196,300011.04794852855,11.839864345364035,125.0
2021-04-14,7,5.341353642661879,75.31349065256948,334961.8079680001,9.708544449853221,89.96
2021-04-14,8,4.0416422419596465,73.52360212187759,360353.04269586736,7.053120757740899,74.82
2021-04-14,9,3.601929972931881,71.85023831194653,382986.4837133471,6.287066949299927,68.6
2021-04-14,10,-5.348739660001778,74.17847243533834,351495.50607972906,-8.747493787116127,53.06
2021-04-14,11,-5.698632774159854,76.36608417450495,319195.60633264907,-8.972194374188888,50.1
2021-04-14,12,-5.749486662881881,78.45989641899824,287833.57973329345,-8.711674055376562,50.62
2021-04-14,13,-5.732491752363357,80.39994693911308,257672.84226627587,-8.3779826297271,52.79
2021-04-14,14,-5.974932137941505,82.28875415212264,227300.23284011238,-8.436835951712077,50.78
2021-04-14,15,0.0,82.28875415212258,227300.2328401124,0.0,59.88
2021-04-14,16,3.9410680799413353,80.91663302232061,249364.36882955043,6.128926663732784,73.19
2021-04-14,17,6.294924745046789,78.29728944995283,290269.1773384982,11.362446808041042,97.45
2021-04-14,18,5.936512244174708,75.6382181961504,330097.8981852049,11.063533568529635,100.0
2021-04-14,19,4.902270131812112,73.37754513389737,362328.602065406,8.95297330005586,85.62
2021-04-14,20,4.05239531869471,71.45155133082957,388379.0010203613,7.236221931932036,76.49
2021-04-14,21,3.2220688657107006,69.93902116864541,408837.01811965404,5.68278252758131,67.15
2021-04-14,22,3.5978485343680746,68.02893002510959,432262.16717931506,6.5069858499058455,70.38
2021-04-14,23,2.5229113691120695,66.67000453002412,448557.8771807956,4.526586111522377,60.71
2021-08-22,0,3.2076433158648143,75.66146043796394,329749.7658214261,5.339240505951692,74.99
2021-08-22,1,2.841164112091068,74.5,347146.62327381875,4.832460403442398,72.18
2021-08-22,2,1.2667200621763186e-11,74.5,347146.62327381875,0.0,70.05
2021-08-22,3,0.0,74.5,347146.62327381875,0.0,66.63
2021-08-22,4,0.0,74.5,347146.6232738187,-1.4210854715202004e-14,67.9
2021-08-22,5,0.0,74.5,347146.62327381875,1.4210854715202004e-14,67.78
2021-08-22,6,3.289448133257764,72.99998835785117,367435.3187269467,5.635748736979991,74.47
2021-08-22,7,3.1506451907305433,71.54392072459142,387129.64105103485,5.470645090024476,76.84
2021-08-22,8,2.891882313226617,70.19360529839825,405393.5915950769,5.073319595567241,76.16
2021-08-22,9,2.8050445801500423,68.77704541322052,423291.0617182022,4.9715194786459165,77.31
2021-08-22,10,3.118157395808616,67.09403155567503,443473.1018800558,5.606122267181547,76.44
2021-08-22,11,2.1458390619955026e-11,67.09403155567503,443473.1018800558,0.0,68.81
2021-08-22,12,-5.660576555194696,70.03307823552294,407564.83120358875,-9.974519632351956,62.65
2021-08-22,13,-5.7910970222167535,72.62188669231408,372549.40539590956,-9.72650716879977,62.19
2021-08-22,14,-6.038910277265828,75.1302982633304,337705.74291213206,-9.67879513438264,60.28
2021-08-22,15,-5.419372666995095,77.14776327879161,307487.27817415574,-8.394017982771203,67.72
2021-08-22,16,3.8077060014654407,75.60614974875631,330578.2332786779,6.414154195700604,86.69
2021-08-22,17,4.347437745559581,73.67894417763127,358251.9714337791,7.687149487528117,95.0
2021-08-22,18,3.90462636569195,71.84380645480189,383073.4790320099,6.894863221730773,97.96
2021-08-22,19,3.8112771922664024,70.02259970626281,407706.5605628694,6.8425226474609815,95.48
2021-08-22,20,3.405758466828992,68.24171823903399,429710.49461872544,6.1122039044044385,90.1
2021-08-22,21,2.9100960609139115,66.67000453002412,448557.86717953987,5.235381266892901,81.95
2021-08-22,22,2.4861890324245906e-11,66.67000453002412,448557.86717953987,0.0,76.15
2021-08-22,23,0.0,66.67000453002412,448557.86717953987,0.0,75.93
2021-08-01,0,3.817702734879355,75.39476229836362,333744.4860597109,6.448885016586363,60.26
2021-08-01,1,0.0,75.39476229836352,333744.4860596637,0.0,43.11
2021-08-01,2,-5.797985129058189,77.5419903641501,301582.3741553152,-8.933919973430136,40.0
2021-08-01,3,-6.20261146794795,79.7161569516612,268668.3986996642,-9.142770959903046,35.79
2021-08-01,4,3.4144339208090684,78.42123205098561,288412.71138239343,5.484531300758107,54.37
2021-08-01,5,-6.17604708412599,80.50019386079633,256060.8405134277,-8.986630796934918,36.84
2021-08-01,6,0.0,80.50019386073741,256060.8405133857,0.0,47.47
2021-08-01,7,0.0,80.50019386073924,256060.8405133565,0.0,46.55
2021-08-01,8,0.0,80.50019386073772,256060.84051336523,0.0,48.92
2021-08-01,9,0.0,80.50019386073771,256060.8405131678,0.0,43.32
2021-08-01,10,3.4683260116225836,79.25569728314053,275913.72973974136,5.514691451825996,56.93
2021-08-01,11,-5.867018730024801,81.1590657395456,245465.97507629124,-8.45770962873614,41.05
2021-08-01,12,-7.6198982876386765,83.46151330389456,208441.89967483346,-10.284465389293835,32.6
2021-08-01,13,-7.937004492755405,85.75559948200565,171278.99597527186,-10.323028805433779,7.71
2021-08-01,14,-8.25811153852439,88.05343674040266,133897.6475272236,-10.383707902235628,26.58
2021-08-01,15,0.0,88.05343674040145,133897.64752739912,0.0,41.0
2021-08-01,16,5.84520298547777,86.16312320955531,164649.37657813652,8.542146958538169,65.94
2021-08-01,17,7.173539313987488,83.52499806624013,207421.044884491,11.88101897398736,79.26
2021-08-01,18,6.832515979251205,80.85167698033376,250408.8822566919,11.941065936722467,82.75
2021-08-01,19,6.487138473315786,78.10441666234425,293158.10948185885,11.874785340324152,94.29
2021-08-01,20,6.140603417380721,75.30177839619587,335137.2392163821,11.660869370700894,104.39
2021-08-01,21,5.789138728150468,72.39070324206736,375676.32153705636,11.260856200187305,89.55
2021-08-01,22,5.186404398886634,69.71230540012974,411903.50577380275,10.063106732429546,62.25
2021-08-01,23,5.116894821866847,66.67000453002413,448557.8671795402,10.181767057149301,63.53
2023-05-06,0,3.553513631491013,75.51608928707948,331927.19787762314,5.944082743784211,95.71
2023-05-06,1,3.4268584123541053,74.07476560878865,352898.21267290117,5.825281887577216,91.7
2023-05-06,2,3.237519429497535,72.59381596417788,372929.0496343755,5.564121378187309,89.93
2023-05-06,3,3.246165717793633,71.08745537775386,393303.6507364708,5.659611417248712,91.7
2023-05-06,4,3.4295855571293417,69.44492619760948,415282.09806443466,6.105124257767727,97.2
2023-05-06,5,3.6656465255716677,67.4414040619162,439307.5474250809,6.6737359335128446,99.02
2023-05-06,6,3.353480171913521,65.60179621287764,461367.4011362699,6.12773714199696,95.13
2023-05-06,7,3.3043868232743754,63.6195843201405,483365.78615987505,6.110662506556963,93.28
2023-05-06,8,0.0,63.619584320140504,483365.78615987505,0.0,82.53
2023-05-06,9,-5.3353129011167155,66.75877230044028,447493.39899374015,-9.964551990593023,74.42
2023-05-06,10,-5.661398554243181,69.7491177267607,411405.56778297253,-10.024397558546553,72.13
2023-05-06,11,-6.1696383075787065,72.48940187118188,374341.35427989456,-10.2956148619661,55.85
2023-05-06,12,-6.512281676737839,75.16205036592969,337230.14616800036,-10.308668919970614,50.0
2023-05-06,13,-6.431181080458695,77.51953772778582,301918.6794667104,-9.80874075035831,63.16
2023-05-06,14,-5.870540989854362,79.59681857351862,270587.3970642455,-8.703134000684713,74.64
2023-05-06,15,0.0,79.59681857351121,270587.3970642445,0.0,90.3
2023-05-06,16,3.6644614472237853,78.1881099484746,291904.51519578573,5.921421703205894,101.14
2023-05-06,17,3.6410662181029787,76.7467225267659,313494.24024324043,5.9971458465151954,105.3
2023-05-06,18,3.8990254370510957,75.15362482553901,337356.34756095766,6.628363143810347,112.84
2023-05-06,19,3.727119084936419,73.51446820428313,360476.6227890423,6.422298674467953,108.71
2023-05-06,20,3.6012560182831876,71.84129569805336,383107.43875445233,6.286337768169446,103.12
2023-05-06,21,2.910174850722438,70.4861083652276,401437.28520701104,5.091624014599645,92.38
2023-05-06,22,3.972621163772742,68.41624875976227,427617.5932661812,7.27230779421393,115.42
2023-05-06,23,3.21978793260809,66.67000453002413,448557.8671795397,5.816742753710699,99.92
2018-09-04,0,-5.720594532120648,79.00671425918992,279643.1053036039,-8.579276304554474,52.18
2018-09-04,1,-5.92687544591453,80.95323335594496,248775.82404236073,-8.574244794789772,51.24
2018-09-04,2,-6.045774748252199,82.84512896086113,218353.55227782193,-8.450631045705222,51.69
2018-09-04,3,-6.072767881037686,84.67815718374086,188806.8891442936,-8.207406425980096,54.6
2018-09-04,4,3.3745311336480066,83.56589855086517,206763.3523271784,4.987906439690228,67.09
2018-09-04,5,3.890922734332949,82.24589395181604,227989.43823718553,5.896134975001978,73.02
2018-09-04,6,3.9379335015149595,80.87388247072427,250051.811041151,6.128436889990411,74.68
2018-09-04,7,3.8453758603995807,79.50226511603312,272107.84616959107,6.126676424566682,74.91
2018-09-04,8,3.7341316709476304,78.05484424157633,293900.62666925584,6.053550138795771,73.92
2018-09-04,9,3.6316832635300065,76.61482373307588,315469.8774986868,5.991458563730816,73.46
2018-09-04,10,3.5302838884479053,75.18957358898116,336817.89141320577,5.930003865144158,71.06
2018-09-04,11,3.3827022404747793,73.72939079886545,357569.6459730291,5.764376266617589,69.02
2018-09-04,12,3.1953427106914285,72.26392721286759,377391.05505980575,5.5059469685490825,68.81
2018-09-04,13,3.016382908741361,70.86416348898094,396323.8280478793,5.259103607798195,68.55
2018-09-04,14,3.1280355674672875,69.36443337444605,416247.3363377517,5.534307858297893,70.01
2018-09-04,15,3.286703992501248,67.59106006306341,437512.9315269244,5.9071097747702055,72.94
2018-09-04,16,3.35706655421214,65.75134024927686,459574.1278753754,6.128110096791929,73.99
2018-09-04,17,3.5567948119384236,63.614409305909334,483419.35760277684,6.623674924278191,75.0
2018-09-04,18,3.6218292635263145,61.2326133462089,508075.56926885457,6.848947685021585,75.0
2018-09-04,19,3.4223577074855527,58.75382670391802,531577.3211879716,6.5282644219769566,73.06
2018-09-04,20,3.417757290724159,55.87411526860523,555446.4025193447,6.6303003698258465,72.08
2018-09-04,21,-4.634876998177307,60.01528829811044,520677.2465578316,-9.658098878198075,65.91
2018-09-04,22,-5.056350809259726,63.48244714350828,484785.4221452157,-9.969951225726646,55.72
2018-09-04,23,-5.385958519753288,66.67000453002412,448557.86717953935,-10.063209712687865,54.47
2022-10-22,0,-5.887710228976695,79.06308471491703,278798.7642044528,-8.813815498763109,92.8
2022-10-22,1,0.0,79.06308471491785,278798.76420444064,0.0,102.0
2022-10-22,2,-6.043876983328118,81.03939946573003,247390.24610562768,-8.724588360781368,93.1
2022-10-22,3,-5.863156058957327,82.87261381176067,217911.58729767057,-8.188516335543646,100.01
2022-10-22,4,0.0,82.87261381176067,217911.58729767057,0.0,107.06
2022-10-22,5,-6.247850871596464,84.75297959187441,187589.67391290804,-8.422753717989593,90.0
2022-10-22,6,0.0,84.75297959187441,187589.67391290804,0.0,107.01
2022-10-22,7,4.416867241762428,83.26215509144282,211647.64194931052,6.682768899000692,141.36
2022-10-22,8,3.848081314431333,81.95088181989802,232733.3253881074,5.857134288554683,130.05
2022-10-22,9,3.6631335001709506,80.67730205590485,253212.8854617905,5.688766687134191,121.25
2022-10-22,10,3.483501367623924,79.44033227206877,273103.74562902265,5.525238935342273,119.14
2022-10-22,11,0.0,79.44033227206876,273103.74562902265,0.0,110.61
2022-10-22,12,0.0,79.44033227206867,273103.74562902265,0.0,102.14
2022-10-22,13,-5.86663849766604,81.32787551459214,242751.46121007708,-8.43119011637377,98.07
2022-10-22,14,0.0,81.32787551459214,242751.46121007708,0.0,107.37
2022-10-22,15,4.394386472911784,79.73672150778555,268337.7142192386,7.107292502544865,142.19
2022-10-22,16,6.197981092950645,77.02195645693676,309371.66723710095,11.398320282739547,179.12
2022-10-22,17,5.993003198574621,74.22863952742043,350816.961444183,11.51258172418946,183.23
2022-10-22,18,5.220811438796049,71.59365782838967,386456.9123045849,9.899986350111647,164.04
2022-10-22,19,4.294534529893759,69.46984614340664,414983.26787675923,7.923987658937307,143.0
2022-10-22,20,4.056804555747686,67.211355489068,442066.19942047854,7.523036539922032,137.01
2022-10-22,21,3.8645797716106634,65.04459763652402,468049.1072884087,7.217474407758374,132.42
2022-10-22,22,2.437812441333857,63.549623585288124,484090.01557163807,4.455807856452594,110.66
2022-10-22,23,-5.273045259326981,66.67000453002412,448557.8671795397,-9.870041220027318,99.15
2017-07-30,0,2.708588908717502e-11,76.94472322724211,310528.50000012293,3.4145131166951614e-11,8.69
2017-07-30,1,-5.720594997598766,79.00671442354314,279643.10284185,-8.579276988409145,4.09
2017-07-30,2,-7.036913424976664,81.2586636776856,243864.40914770204,-9.938526026152218,1.44
2017-07-30,3,-7.633403903397266,83.56111457511795,206840.28015021517,-10.284480277079687,0.59
2017-07-30,4,-7.950843328346366,85.85462998430219,169667.96207846212,-10.32564390882029,-2.18
2017-07-30,5,-8.272031719238099,88.15304934719083,132277.143920967,-10.386338377081977,0.98
2017-07-30,6,0.0,88.15304934719083,132277.143920967,0.0,7.54
2017-07-30,7,-1.4431122963287635e-11,88.15304934719083,132277.143920967,0.0,8.61
2017-07-30,8,-8.621671537604755,90.61338867286776,94490.18144469005,-10.496378465632489,1.0
2017-07-30,9,4.512753276542718,89.14108611167177,116203.70510900165,6.031534351197664,13.9
2017-07-30,10,-8.781424389489185,91.72383291273223,78183.70337399995,-10.561111593056026,-41.31
2017-07-30,11,-9.177290847184976,94.465067293626,39574.4095942291,-10.724803827714123,-11.49
2017-07-30,12,-9.75258865729097,98.3528042160941,0.0,-10.992891553952528,-9.59
2017-07-30,13,6.000426550018028,95.94653283175651,24494.139201732396,6.8039275560367765,13.78
2017-07-30,14,4.040487863478239,94.26231705628282,41638.26347579593,4.762256742795427,11.0
2017-07-30,15,4.837614274367721,92.7446034197628,63194.052124035,5.987719068955295,13.34
2017-07-30,16,8.024102430013256,89.99799422160379,103527.02972946735,11.203604890397877,20.2
2017-07-30,17,7.675790627504334,87.36998717539547,145016.04429066097,11.524726266998229,31.77
2017-07-30,18,7.332292615025929,84.75579228547997,187543.91685184406,11.813297933661964,34.52
2017-07-30,19,6.9909985626025035,82.09404015204885,230431.29472915252,11.91316052147458,35.93
2017-07-30,20,6.6490526624412905,79.41348696955453,273535.42647154105,11.973369928441258,37.67
2017-07-30,21,6.299669393453685,76.58824100287018,315868.04514432244,11.759060742439274,35.87
2017-07-30,22,5.952575542636702,73.75692908224997,357197.17163403664,11.480312913809499,32.0
2017-07-30,23,5.602030741579926,70.8266082628611,396831.7884689918,11.009615787487547,26.55
2023-12-03,0,3.313811675140506,75.6184307922993,330394.2824895289,5.518272913758025,104.05
2023-12-03,1,3.149907636291359,74.31952111671623,349587.7250616236,5.331511825581856,101.4
2023-12-03,2,0.0,74.3195211165781,349587.72506168374,0.0,100.0
2023-12-03,3,0.0,74.31952111657407,349587.7250617381,0.0,95.8
2023-12-03,4,0.0,74.31952111657404,349587.7250617384,0.0,92.29
2023-12-03,5,-5.600227611512999,76.45291873499544,317894.9606787658,-8.803545661936838,89.18
2023-12-03,6,0.0,76.45291873499922,317894.9606787101,0.0,92.57
2023-12-03,7,0.0,76.45291873498881,317894.9606788659,0.0,97.02
2023-12-03,8,0.0,76.45291873499922,317894.9606787086,0.0,100.15
2023-12-03,9,3.2491402573336323,75.14449694815237,337493.0688616154,5.443918939696317,104.96
2023-12-03,10,3.376606325602081,73.68171059130142,358214.55377455987,5.75596803137347,105.07
2023-12-03,11,3.1895200887070483,72.2183846108277,378007.05026742,5.497915692461149,102.91
2023-12-03,12,0.0,72.21838461082774,378007.0502674199,0.0,100.0
2023-12-03,13,3.2207816036199794,70.71893896984247,398288.09016314335,5.633622193256514,105.68
2023-12-03,14,3.5185042755314395,68.96924207285437,420986.31497692474,6.305062448272608,115.0
2023-12-03,15,3.920635910594541,66.79394332881574,447071.6418560738,7.245924133096963,122.2
2023-12-03,16,4.09958788237244,64.42299793797477,475048.89564872364,7.7714593868471695,127.9
2023-12-03,17,3.976383327694002,61.7790284813624,502419.1119325227,7.602837856610847,129.05
2023-12-03,18,3.8740549075561166,59.018713963029526,529381.748585161,7.489621292399562,126.07
2023-12-03,19,3.6261106544505646,55.949688300075465,554819.9998830127,7.0661809160698965,112.33
2023-12-03,20,0.0,55.94968830007548,554819.9998831023,0.0,100.0
2023-12-03,21,-4.646451859466263,60.08051247170336,520002.0497495797,-9.671652814867372,99.09
2023-12-03,22,-5.064299738996012,63.54962172429412,484090.0348364279,-9.975559698097726,89.0
2023-12-03,23,-5.273046671479945,66.67000453002412,448557.8824629498,-9.87004232596614,93.86
